Binder Name,Binder Type,Name,Set code,Set name,Collector number,Foil,Rarity,Quantity,ManaBox ID,Scryfall ID,Purchase price,Misprint,Altered,Condition,Language,Purchase price currency,Added
Pool - Bloomborrow,binder,Persistent Marshstalker,BLB,Bloomburrow,104,normal,uncommon,1,95947,8b900c71-713b-4b7e-b4be-ad9f4aa0c139,0.14,false,false,near_mint,en,EUR,2026-04-20T19:27:30.693Z
Pool - Bloomborrow,binder,Tempest Angler,BLB,Bloomburrow,235,normal,common,2,95803,850daae4-f0b7-4604-95e7-ad044ec165c3,0.08,false,false,near_mint,en,EUR,2026-04-20T19:27:30.691Z
Pool - Bloomborrow,binder,Quaketusk Boar,BLB,Bloomburrow,146,normal,uncommon,1,95869,2f2b7fd3-a139-49ea-8a89-b64261e868ef,0.07,false,false,near_mint,en,EUR,2026-04-20T19:27:30.708Z
Pool - Bloomborrow,binder,Patchwork Banner,BLB,Bloomburrow,247,normal,uncommon,1,96097,a8a982c8-bc08-44ba-b3ed-9e4b124615d6,3.68,false,false,near_mint,en,EUR,2026-04-20T19:09:59.258Z
Pool - Bloomborrow,binder,Treeguard Duo,BLB,Bloomburrow,200,normal,common,3,96077,89c8456e-c971-42b7-abf3-ff5ae1320abe,0.05,false,false,near_mint,en,EUR,2026-04-20T19:09:59.258Z
Pool - Bloomborrow,binder,Brightblade Stoat,BLB,Bloomburrow,4,normal,uncommon,1,95882,df7fea2e-7414-4bc8-adb0-9342e174c009,0.16,false,false,near_mint,en,EUR,2026-04-20T19:09:59.258Z
Pool - Bloomborrow,binder,Repel Calamity,BLB,Bloomburrow,27,normal,uncommon,1,95834,d068192a-6270-4981-819d-4945fa4a2b83,0.19,false,false,near_mint,en,EUR,2026-04-20T19:09:59.258Z
Pool - Bloomborrow,binder,Clifftop Lookout,BLB,Bloomburrow,168,normal,uncommon,2,95931,662d3bcc-65f3-4c69-8ea1-446870a1193d,0.12,false,false,near_mint,en,EUR,2026-04-20T19:09:59.258Z
Pool - Bloomborrow,binder,Head of the Homestead,BLB,Bloomburrow,216,normal,common,4,95762,2fc20157-edd3-484d-8864-925c071c0551,0.06,false,false,near_mint,en,EUR,2026-04-20T19:09:59.258Z
Pool - Bloomborrow,binder,Cindering Cutthroat,BLB,Bloomburrow,208,normal,common,2,95820,b2ea10dd-21ea-4622-be27-79d03a802b85,0.09,false,false,near_mint,en,EUR,2026-04-20T19:27:30.706Z
Pool - Bloomborrow,binder,Flowerfoot Swordmaster,BLB,Bloomburrow,14,normal,uncommon,2,95812,97ff118f-9c3c-43a2-8085-980c7fe7d227,0.18,false,false,near_mint,en,EUR,2026-04-20T19:09:59.258Z
Pool - Bloomborrow,binder,Dewdrop Cure,BLB,Bloomburrow,10,normal,uncommon,1,95932,666aefc2-44e0-4c27-88d5-7906f245a71f,0.15,false,false,near_mint,en,EUR,2026-04-20T19:09:59.258Z
Pool - Bloomborrow,binder,Coruscation Mage,BLB,Bloomburrow,131,normal,uncommon,1,95972,dc2c1de0-6233-469a-be72-a050b97d2c8f,1.36,false,false,near_mint,en,EUR,2026-04-20T19:27:30.704Z
Pool - Bloomborrow,binder,War Squeak,BLB,Bloomburrow,160,normal,common,4,95999,105964a7-88b7-4340-aa66-e908189a3638,0.06,false,false,near_mint,en,EUR,2026-04-20T19:27:30.707Z
Pool - Bloomborrow,binder,Brave-Kin Duo,BLB,Bloomburrow,3,normal,common,2,95824,b8dd4693-424d-4d6e-86cf-24401a23d6b1,0.05,false,false,near_mint,en,EUR,2026-04-20T19:09:59.258Z
Pool - Bloomborrow,binder,Veteran Guardmouse,BLB,Bloomburrow,237,normal,common,1,95771,3db43c46-b616-4ef8-80ed-0fab345ab3d0,0.08,false,false,near_mint,en,EUR,2026-04-20T19:09:59.258Z
Pool - Bloomborrow,binder,Psychic Whorl,BLB,Bloomburrow,105,normal,common,5,96127,df900308-8432-4a0a-be21-17482026012b,0.05,false,false,near_mint,en,EUR,2026-04-20T19:27:30.680Z
Pool - Bloomborrow,binder,Fireglass Mentor,BLB,Bloomburrow,213,normal,uncommon,1,95823,b78fbaa3-c580-4290-9c28-b74169aab2fc,0.17,false,false,near_mint,en,EUR,2026-04-20T19:27:30.709Z
Pool - Bloomborrow,binder,Druid of the Spade,BLB,Bloomburrow,170,normal,common,2,96054,6b485cf7-bad0-4824-9ba7-cb112ce4769f,0.04,false,false,near_mint,en,EUR,2026-04-20T19:09:59.258Z
Pool - Bloomborrow,binder,Mabel's Mettle,BLB,Bloomburrow,21,normal,uncommon,1,95872,5cfcf83f-089c-4e35-855e-b61b98bb1cd8,0.14,false,false,near_mint,en,EUR,2026-04-20T19:09:59.258Z
Pool - Bloomborrow,binder,Savor,BLB,Bloomburrow,109,normal,common,3,96178,1397f689-dca1-4d35-864b-92c5606afb9a,0.07,false,false,near_mint,en,EUR,2026-04-20T19:27:30.724Z
Pool - Bloomborrow,binder,Burrowguard Mentor,BLB,Bloomburrow,206,normal,uncommon,2,95945,87138ace-3594-499e-bad5-ec76148613ea,0.1,false,false,near_mint,en,EUR,2026-04-20T19:09:59.258Z
Pool - Bloomborrow,binder,Scavenger's Talent,BLB,Bloomburrow,111,normal,rare,2,96084,9a52b7fe-87ae-425b-85fd-b24e6e0395f1,0.85,false,false,near_mint,en,EUR,2026-04-20T19:27:30.677Z
Pool - Bloomborrow,binder,Thistledown Players,BLB,Bloomburrow,35,normal,common,3,95960,afa8d83f-8586-4127-8b55-9715e9547488,0.07,false,false,near_mint,en,EUR,2026-04-20T19:09:59.258Z
Pool - Bloomborrow,binder,Stocking the Pantry,BLB,Bloomburrow,194,normal,uncommon,1,96033,50e95c7b-f0b2-4276-8c5e-4191b7ba35d1,0.14,false,false,near_mint,en,EUR,2026-04-20T19:09:59.258Z
Pool - Bloomborrow,binder,Carrot Cake,BLB,Bloomburrow,7,normal,common,1,95636,eb03bb4f-8b4b-417e-bfc6-294cd2186b2e,0.07,false,false,near_mint,en,EUR,2026-04-20T19:09:59.258Z
Pool - Bloomborrow,binder,Barkform Harvester,BLB,Bloomburrow,243,normal,common,1,95984,f77049a6-0f22-415b-bc89-20bcb32accf6,0.12,false,false,near_mint,en,EUR,2026-04-20T19:09:59.258Z
Pool - Bloomborrow,binder,Nettle Guard,BLB,Bloomburrow,23,normal,common,2,95949,8c9c3cc3-2aa2-453e-a17c-2baeeaabe0a9,0.06,false,false,near_mint,en,EUR,2026-04-20T19:09:59.258Z
Pool - Bloomborrow,binder,Agate Assault,BLB,Bloomburrow,122,normal,common,4,96066,7dd9946b-515e-4e0d-9da2-711e126e9fa6,0.05,false,false,near_mint,en,EUR,2026-04-20T19:27:30.684Z
Pool - Bloomborrow,binder,Idol of Oblivion,BLC,Bloomburrow Commander,277,normal,rare,1,96327,6b87b385-0ad9-4aa7-8a7e-c42b9c002a99,0.95,false,false,near_mint,en,EUR,2026-04-20T19:09:59.258Z
Pool - Bloomborrow,binder,Moonstone Harbinger,BLB,Bloomburrow,101,normal,uncommon,1,95922,59e4aa8d-1d06-48db-b205-aa2f1392bbcb,0.12,false,false,near_mint,en,EUR,2026-04-20T19:27:30.688Z
Pool - Bloomborrow,binder,Scales of Shale,BLB,Bloomburrow,110,normal,common,1,95955,9ae14276-dbbd-4257-80e9-accd6c19f5b2,0.08,false,false,near_mint,en,EUR,2026-04-20T19:27:30.678Z
Pool - Bloomborrow,binder,Pawpatch Formation,BLB,Bloomburrow,186,normal,uncommon,2,95963,b82c20ad-0f69-4822-ae76-770832cccdf7,0.49,false,false,near_mint,en,EUR,2026-04-20T19:09:59.258Z
Pool - Bloomborrow,binder,Ravine Raider,BLB,Bloomburrow,106,normal,common,2,96370,874510be-7ecd-4eff-abad-b9594eb4821a,0.1,false,false,near_mint,en,EUR,2026-04-20T19:27:30.697Z
Pool - Bloomborrow,binder,Cruelclaw's Heist,BLB,Bloomburrow,88,normal,rare,1,96121,cab4539a-0157-4cbe-b50f-6e2575df74e9,0.54,false,false,near_mint,en,EUR,2026-04-20T19:27:30.726Z
Pool - Bloomborrow,binder,Starforged Sword,BLB,Bloomburrow,249,normal,uncommon,2,96110,c23d8e96-b972-4c6c-b0c4-b6627621f048,0.09,false,false,near_mint,en,EUR,2026-04-20T19:09:59.258Z
Pool - Bloomborrow,binder,Crumb and Get It,BLB,Bloomburrow,8,normal,common,5,96259,3c7b3b25-d4b3-4451-9f5c-6eb369541175,0.09,false,false,near_mint,en,EUR,2026-04-20T19:09:59.258Z
Pool - Bloomborrow,binder,Intrepid Rabbit,BLB,Bloomburrow,17,normal,common,2,96276,4d70b99d-c8bf-4a56-8957-cf587fe60b81,0.04,false,false,near_mint,en,EUR,2026-04-20T19:09:59.258Z
Pool - Bloomborrow,binder,Sunshower Druid,BLB,Bloomburrow,195,normal,common,4,95630,7740abc5-54e1-478d-966e-0fa64e727995,0.1,false,false,near_mint,en,EUR,2026-04-20T19:09:59.258Z
Pool - Bloomborrow,binder,Heaped Harvest,BLB,Bloomburrow,175,normal,common,2,96255,3b5349db-0e0a-4b15-886e-0db403ef49cb,0.16,false,false,near_mint,en,EUR,2026-04-20T19:09:59.258Z
Pool - Bloomborrow,binder,"Eluge, the Shoreless Sea",BLB,Bloomburrow,49,normal,mythic,1,96006,1f2bf6ba-cd1a-4382-9572-6dfbcf6ed0c6,2.72,false,false,near_mint,en,EUR,2026-04-22T20:11:57.201Z
Pool - Bloomborrow,binder,Peerless Recycling,BLB,Bloomburrow,188,normal,uncommon,1,95925,5f72466c-505b-4371-9366-0fde525a37e6,0.11,false,false,near_mint,en,EUR,2026-04-22T20:05:47.956Z
Pool - Bloomborrow,binder,Sugar Coat,BLB,Bloomburrow,76,normal,uncommon,2,95887,fcacbe71-efb0-49e1-b2d0-3ee65ec6cf8b,0.23,false,false,near_mint,en,EUR,2026-04-22T20:11:57.199Z
Pool - Bloomborrow,binder,Skyskipper Duo,BLB,Bloomburrow,71,normal,common,1,96476,d6844bad-ffbe-4c6e-b438-08562eccea52,0.09,false,false,near_mint,en,EUR,2026-04-22T20:11:57.220Z
Pool - Bloomborrow,binder,Pond Prophet,BLB,Bloomburrow,229,normal,common,2,95861,fb959e74-61ea-453d-bb9f-ad0183c0e1b1,0.19,false,false,near_mint,en,EUR,2026-04-22T20:11:57.202Z
Pool - Bloomborrow,binder,Wishing Well,BLB,Bloomburrow,81,normal,rare,1,95979,edeb20aa-b253-49b8-9947-c397a3a4002a,0.14,false,false,near_mint,en,EUR,2026-04-22T20:11:57.213Z
Pool - Bloomborrow,binder,Valley Mightcaller,BLB,Bloomburrow,202,normal,rare,1,96057,7256451f-0122-452a-88e8-0fb0f6bea3f3,0.66,false,false,near_mint,en,EUR,2026-04-22T20:11:57.207Z
Pool - Bloomborrow,binder,Pearl of Wisdom,BLB,Bloomburrow,64,normal,common,2,95625,13cb9575-1138-4f99-8e90-0eaf00bdf4a1,0.04,false,false,near_mint,en,EUR,2026-04-22T20:11:57.197Z
Pool - Bloomborrow,binder,Dazzling Denial,BLB,Bloomburrow,45,normal,common,2,96369,8739f1ac-2e57-4b52-a7ff-cc8df5936aad,0.05,false,false,near_mint,en,EUR,2026-04-22T20:11:57.216Z
Pool - Bloomborrow,binder,Three Tree Mascot,BLB,Bloomburrow,251,normal,common,3,96100,aaced75b-6e07-457c-8ea2-f74d99710d15,0.08,false,false,near_mint,en,EUR,2026-04-22T20:16:22.612Z
Pool - Bloomborrow,binder,Rabbit Response,BLB,Bloomburrow,26,normal,common,1,96114,c4ded450-346d-4917-917a-b62bc0267509,0.07,false,false,near_mint,en,EUR,2026-04-22T20:05:47.960Z
Pool - Bloomborrow,binder,Calamitous Tide,BLB,Bloomburrow,43,normal,uncommon,1,96003,178bc8b2-ffa0-4549-aead-aacb3db3cf19,0.09,false,false,near_mint,en,EUR,2026-04-22T20:11:57.204Z
Pool - Bloomborrow,binder,Wishing Well,BLB,Bloomburrow,81,foil,rare,1,95979,edeb20aa-b253-49b8-9947-c397a3a4002a,0.27,false,false,near_mint,en,EUR,2026-04-22T20:11:57.218Z
Pool - Bloomborrow,binder,Tangle Tumbler,BLB,Bloomburrow,250,normal,uncommon,3,96010,258ef349-5042-4992-bae9-9f8f54b55db0,0.03,false,false,near_mint,en,EUR,2026-04-22T20:16:22.614Z
Pool - Bloomborrow,binder,Stormcatch Mentor,BLB,Bloomburrow,234,normal,uncommon,1,95813,99754055-6d67-4fde-aff3-41f6af6ea764,0.2,false,false,near_mint,en,EUR,2026-04-22T20:11:57.209Z
Pool - Bloomborrow,binder,Builder's Talent,BLB,Bloomburrow,5,normal,uncommon,1,96002,15fa581a-724e-4196-a9a3-ff84c54bdb7d,0.07,false,false,near_mint,en,EUR,2026-04-22T20:05:47.962Z
Pool - Bloomborrow,binder,Mind Spiral,BLB,Bloomburrow,59,normal,common,3,96068,7e24fe6a-607b-49b8-9fca-cecb1e40de7f,0.04,false,false,near_mint,en,EUR,2026-04-22T20:11:57.217Z
Pool - Bloomborrow,binder,Curious Forager,BLB,Bloomburrow,169,normal,uncommon,1,95929,64653b4a-e139-45f9-a915-ab49afb6b795,0.18,false,false,near_mint,en,EUR,2026-04-22T20:05:47.958Z
Pool - Bloomborrow,binder,Otterball Antics,BLB,Bloomburrow,63,normal,uncommon,1,95913,3ff83ff7-e428-4ccc-8341-f223dab76bd1,0.17,false,false,near_mint,en,EUR,2026-04-22T20:11:57.211Z
Pool - Bloomborrow,binder,Stickytongue Sentinel,BLB,Bloomburrow,193,normal,common,1,96105,b5fa9651-b217-4f93-9c46-9bdb11feedcb,0.1,false,false,near_mint,en,EUR,2026-04-22T20:05:47.953Z
Pool - Bloomborrow,binder,Splash Lasher,BLB,Bloomburrow,73,normal,uncommon,1,95910,362ee125-35a0-46cd-a201-e6797d12d33a,0.15,false,false,near_mint,en,EUR,2026-04-22T20:11:57.200Z
Pool - Bloomborrow,binder,Mind Drill Assailant,BLB,Bloomburrow,225,normal,common,1,95783,507ba708-ca9b-453e-b4c2-23b6650eb5a8,0.04,false,false,near_mint,en,EUR,2026-04-22T20:11:57.203Z
Pool - Bloomborrow,binder,Bonebind Orator,BLB,Bloomburrow,84,normal,common,2,96535,faf226fa-ca09-4468-8804-87b2a7de2c66,0.06,false,false,near_mint,en,EUR,2026-04-22T20:15:24.165Z
Pool - Bloomborrow,binder,Brambleguard Veteran,BLB,Bloomburrow,165,normal,uncommon,1,95880,bac9f6f8-6797-4580-9fc4-9a825872e017,0.1,false,false,near_mint,en,EUR,2026-04-22T20:05:47.959Z
Pool - Bloomborrow,binder,Pileated Provisioner,BLB,Bloomburrow,25,normal,common,3,96102,ae442cd6-c4df-4aad-9b1d-ccd936c5ec96,0.03,false,false,near_mint,en,EUR,2026-04-22T20:05:47.970Z
Pool - Bloomborrow,binder,"Zoraline, Cosmos Caller",BLB,Bloomburrow,242,normal,rare,1,95879,b7f99fd5-5298-4b27-923d-9d31203c931a,0.33,false,false,near_mint,en,EUR,2026-04-22T20:15:24.170Z
Pool - Bloomborrow,binder,Wandertale Mentor,BLB,Bloomburrow,240,normal,uncommon,1,95808,8c399a55-d02e-41ed-b827-8784b738c118,0.13,false,false,near_mint,en,EUR,2026-04-22T20:15:24.171Z
Pool - Bloomborrow,binder,Starfall Invocation,BLB,Bloomburrow,34,normal,rare,2,95904,2aea38e6-ec58-4091-b27c-2761bdd12b13,0.71,false,false,near_mint,en,EUR,2026-04-22T20:05:47.963Z
Pool - Bloomborrow,binder,Long River's Pull,BLB,Bloomburrow,58,normal,uncommon,2,95900,1c81d0fa-81a1-4f9b-a5fd-5a648fd01dea,0.33,false,false,near_mint,en,EUR,2026-04-22T20:11:57.214Z
Pool - Bloomborrow,binder,Season of Weaving,BLB,Bloomburrow,283,normal,mythic,1,95788,61da9522-3844-4753-8122-d11ae2780a4c,5.95,false,false,near_mint,en,EUR,2026-04-22T20:11:57.212Z
Pool - Bloomborrow,binder,Mountain,BLB,Bloomburrow,277,normal,common,1,91704,8a38bea4-2d1b-442b-aad5-ab1a0ae67aac,0.35,false,false,near_mint,en,EUR,2026-04-22T20:15:24.169Z
Pool - Bloomborrow,binder,Wax-Wane Witness,BLB,Bloomburrow,39,normal,common,1,95971,d90ea719-5320-46c6-a347-161853a14776,0.04,false,false,near_mint,en,EUR,2026-04-22T20:05:47.969Z
Pool - Bloomborrow,binder,Consumed by Greed,BLB,Bloomburrow,87,normal,uncommon,2,95884,e50acc41-3517-42db-b1d3-1bdfd7294d84,0.12,false,false,near_mint,en,EUR,2026-04-22T20:15:24.164Z
Pool - Bloomborrow,binder,Might of the Meek,BLB,Bloomburrow,144,normal,common,3,95627,509bf254-8a2b-4dfa-9ae5-386321b35e8b,0.13,false,false,near_mint,en,EUR,2026-04-20T19:27:30.727Z
Pool - Bloomborrow,binder,Lightshell Duo,BLB,Bloomburrow,56,normal,common,1,95905,2f00c834-b4a9-45b8-bb3f-22c2a42314a0,0.21,false,false,near_mint,en,EUR,2026-04-22T20:11:57.195Z
Pool - Bloomborrow,binder,Roughshod Duo,BLB,Bloomburrow,150,normal,common,2,96343,78cdcfb9-a247-4c2d-a098-5b57570f8cd5,0.04,false,false,near_mint,en,EUR,2026-04-22T20:15:24.167Z
Pool - Bloomborrow,binder,Moonrise Cleric,BLB,Bloomburrow,226,normal,common,2,95767,35f2a71f-31e8-4b51-9dd4-51a5336b3b86,0.07,false,false,near_mint,en,EUR,2026-04-22T20:05:47.965Z
Pool - Bloomborrow,binder,Treetop Sentries,BLB,Bloomburrow,201,normal,common,1,95974,e16d4d6e-1fe5-4ff6-9877-8c849a24f5e0,0.03,false,false,near_mint,en,EUR,2026-04-22T20:05:47.948Z
Pool - Bloomborrow,binder,"Glarb, Calamity's Augur",BLB,Bloomburrow,215,normal,mythic,1,95864,ffc70b2d-5a3a-49ea-97db-175a62248302,5.59,false,false,near_mint,en,EUR,2026-04-22T20:15:24.172Z
Pool - Bloomborrow,binder,Bumbleflower's Sharepot,BLB,Bloomburrow,244,normal,common,1,95924,5f0affd5-5dcd-4dd1-a694-37a9aedf4084,0.09,false,false,near_mint,en,EUR,2026-04-22T20:16:22.618Z
Pool - Bloomborrow,binder,Harvestrite Host,BLB,Bloomburrow,15,normal,uncommon,1,95915,41762689-0c13-4d45-9d81-ba2afad980f8,0.16,false,false,near_mint,en,EUR,2026-04-22T20:28:44.409Z
Pool - Bloomborrow,binder,Malboro,FIN,Final Fantasy,106,normal,common,1,105739,e46d8048-03ce-4e07-ba24-f41ba6140a4e,0.08,false,false,near_mint,en,EUR,2026-04-22T20:51:12.401Z
Pool - Bloomborrow,binder,Nocturnal Hunger,BLB,Bloomburrow,102,normal,common,2,96060,742c0409-9abd-4559-b52e-932cc90c531a,0.03,false,false,near_mint,en,EUR,2026-04-22T20:51:12.397Z
Pool - Bloomborrow,binder,Hoarder's Overflow,BLB,Bloomburrow,141,normal,uncommon,1,96112,c2ed5079-07b4-4575-a2c8-5f0cbff888c3,0.1,false,false,near_mint,en,EUR,2026-04-22T20:51:12.422Z
Pool - Bloomborrow,binder,Downwind Ambusher,BLB,Bloomburrow,92,foil,uncommon,1,95920,55cfd628-933a-4d3d-b2e5-70bc86960d1c,0.07,false,false,near_mint,en,EUR,2026-04-22T20:51:12.405Z
Pool - Bloomborrow,binder,Paramecia Coloniex,TMT,Teenage Mutant Ninja Turtles,70,normal,uncommon,1,111578,654e2646-78ac-4b08-bed1-3c71355d55fc,0.11,false,false,near_mint,en,EUR,2026-04-22T20:51:12.402Z
Pool - Bloomborrow,binder,Bojuka Bog,BLC,Bloomburrow Commander,294,normal,common,1,96341,7519b793-8fcb-40ea-bed9-285c390ded64,1.56,false,false,near_mint,en,EUR,2026-04-22T20:51:12.404Z
Pool - Bloomborrow,binder,Artist's Talent,BLB,Bloomburrow,124,normal,rare,1,95806,8b9e51d9-189b-4dd6-87cb-628ea6373e81,9.74,false,false,near_mint,en,EUR,2026-04-22T20:51:12.420Z
Pool - Bloomborrow,binder,Take Out the Trash,BLB,Bloomburrow,156,normal,common,2,95940,7a1c6f00-af4c-4d35-b682-6c0e759df9a5,0.06,false,false,near_mint,en,EUR,2026-04-22T20:51:12.413Z
Pool - Bloomborrow,binder,"Bebop, Warthog Warrior",TMT,Teenage Mutant Ninja Turtles,59,normal,common,1,111560,371ba16d-73f7-450c-8b1f-c05012a4ca93,0.05,false,false,near_mint,en,EUR,2026-04-22T20:51:12.398Z
Pool - Bloomborrow,binder,Frilled Sparkshooter,BLB,Bloomburrow,136,normal,common,2,95934,674bbd6d-e329-42cf-963d-88d1ce8fe51e,0.03,false,false,near_mint,en,EUR,2026-04-22T20:51:12.419Z
Pool - Bloomborrow,binder,"Oroku Saki, Shredder Rising",TMT,Teenage Mutant Ninja Turtles,68,normal,common,1,111606,e65ff1f4-a061-4c31-a78e-92af6e7bc56f,0.18,false,false,near_mint,en,EUR,2026-04-22T20:51:12.400Z
Pool - Bloomborrow,binder,Hazel's Nocturne,BLB,Bloomburrow,97,normal,uncommon,2,96009,239363df-4de8-4b64-80fc-a1f4b5c36027,0.16,false,false,near_mint,en,EUR,2026-04-22T20:51:12.393Z
Pool - Bloomborrow,binder,Early Winter,BLB,Bloomburrow,93,normal,common,1,95626,5030e6ac-211d-4145-8c87-998a8351a467,0.03,false,false,near_mint,en,EUR,2026-04-22T20:51:12.391Z
Pool - Bloomborrow,binder,Glidedive Duo,BLB,Bloomburrow,96,normal,common,3,96026,4831e7ae-54e3-4bd9-b5af-52dc29f81715,0.03,false,false,near_mint,en,EUR,2026-04-22T20:51:12.390Z
Pool - Bloomborrow,binder,Thornplate Intimidator,BLB,Bloomburrow,117,normal,common,2,96019,42f66c4a-feaa-4ba6-aa56-955b43329a9e,0.06,false,false,near_mint,en,EUR,2026-04-22T20:51:12.409Z
Pool - Bloomborrow,binder,Raccoon Rallier,BLB,Bloomburrow,148,normal,common,2,96104,b5b5180f-5a1c-4df8-9019-195e65a50ce3,0.04,false,false,near_mint,en,EUR,2026-04-22T20:51:12.417Z
Pool - Bloomborrow,binder,Hazel's Nocturne,BLB,Bloomburrow,97,foil,uncommon,1,96009,239363df-4de8-4b64-80fc-a1f4b5c36027,0.23,false,false,near_mint,en,EUR,2026-04-22T20:51:12.392Z
Pool - Bloomborrow,binder,Plumecreed Mentor,BLB,Bloomburrow,228,normal,uncommon,1,95819,b1aa988f-547e-449a-9f1a-296c01d68d96,0.11,false,false,near_mint,en,EUR,2026-04-30T11:31:15.708Z
Pool - Bloomborrow,binder,Cache Grab,BLB,Bloomburrow,167,normal,common,2,95842,dfd977dc-a7c3-4d0a-aca7-b25bd154e963,0.12,false,false,near_mint,en,EUR,2026-04-22T20:05:47.949Z
Pool - Bloomborrow,binder,Junkblade Bruiser,BLB,Bloomburrow,220,normal,common,2,95810,918fd89b-5ab7-4ae2-920c-faca5e9da7b9,0.05,false,false,near_mint,en,EUR,2026-04-30T11:31:15.718Z
Pool - Bloomborrow,binder,Valley Questcaller,BLB,Bloomburrow,36,normal,rare,1,95826,ba629ca8-a368-4282-8a61-9bf6a5c217f0,0.63,false,false,near_mint,en,EUR,2026-05-02T17:56:14.182Z
Pool - Bloomborrow,binder,Dreamdew Entrancer,BLB,Bloomburrow,211,normal,rare,1,95755,26bd6b0d-8606-4a37-8be3-a852f1a8e99c,0.18,false,false,near_mint,en,EUR,2026-04-30T11:31:15.709Z
Pool - Bloomborrow,binder,Heaped Harvest,BLB,Bloomburrow,175,foil,common,1,96255,3b5349db-0e0a-4b15-886e-0db403ef49cb,0.25,false,false,near_mint,en,EUR,2026-04-30T11:31:15.689Z
Pool - Bloomborrow,binder,Brambleguard Captain,BLB,Bloomburrow,127,normal,uncommon,2,95883,e200b8bf-f2f3-4157-8e04-02baf07a963e,0.1,false,false,near_mint,en,EUR,2026-04-27T17:34:34.791Z
Pool - Bloomborrow,binder,Bellowing Crier,BLB,Bloomburrow,42,normal,common,1,96119,ca2215dd-6300-49cf-b9b2-3a840b786c31,0.11,false,false,near_mint,en,EUR,2026-04-27T17:34:34.789Z
Pool - Bloomborrow,binder,Blooming Blast,BLB,Bloomburrow,126,normal,uncommon,1,95996,0cd92a83-cec3-4085-a929-3f204e3e0140,0.13,false,false,near_mint,en,EUR,2026-04-30T11:31:15.714Z
Pool - Bloomborrow,binder,Corpseberry Cultivator,BLB,Bloomburrow,210,foil,common,1,95829,c911a759-ed7b-452b-88a3-663478357610,0.2,false,false,near_mint,en,EUR,2026-05-02T17:56:14.181Z
Pool - Bloomborrow,binder,Nightwhorl Hermit,BLB,Bloomburrow,62,normal,common,2,95994,0928e04f-2568-41e8-b603-7a25cf5f94d0,0.06,false,false,near_mint,en,EUR,2026-04-22T20:11:57.208Z
Pool - Bloomborrow,binder,Polliwallop,BLB,Bloomburrow,189,normal,common,2,95935,6bc4963c-d90b-4588-bdb7-85956e42a623,0.09,false,false,near_mint,en,EUR,2026-04-22T20:12:44.178Z
Pool - Bloomborrow,binder,Alania's Pathmaker,BLB,Bloomburrow,123,normal,common,1,96123,d3871fe6-e26e-4ab4-bd81-7e3c7b8135c1,0.03,false,false,near_mint,en,EUR,2026-04-30T11:31:15.705Z
Pool - Bloomborrow,binder,Daggerfang Duo,BLB,Bloomburrow,89,normal,common,5,96468,cea2bb34-e328-44fb-918a-72208c9457e4,0.08,false,false,near_mint,en,EUR,2026-04-20T19:27:30.700Z
Pool - Bloomborrow,binder,Waterspout Warden,BLB,Bloomburrow,80,normal,common,3,95909,35898b39-98e2-405b-8f18-0e054bd2c29e,0.05,false,false,near_mint,en,EUR,2026-04-22T20:11:57.196Z
Pool - Bloomborrow,binder,Hazardroot Herbalist,BLB,Bloomburrow,174,normal,uncommon,1,96130,e2882982-b3a3-4762-a550-6b82db1038e8,0.09,false,false,near_mint,en,EUR,2026-05-02T17:56:14.185Z
Pool - Bloomborrow,binder,Valley Rally,BLB,Bloomburrow,159,normal,uncommon,1,95878,b6178258-1ad6-4122-a56f-6eb7d0611e84,0.09,false,false,near_mint,en,EUR,2026-04-30T11:31:15.715Z
Pool - Bloomborrow,binder,Feather of Flight,BLB,Bloomburrow,13,normal,uncommon,1,95956,9fb41503-8632-4bf1-9bfe-6d9b9993c337,0.21,false,false,near_mint,en,EUR,2026-04-30T11:31:15.716Z
Pool - Bloomborrow,binder,Finch Formation,BLB,Bloomburrow,50,foil,common,1,95899,1c671eab-d1ef-4d79-94eb-8b85f0d18699,0.09,false,false,near_mint,en,EUR,2026-04-27T17:34:34.786Z
Pool - Bloomborrow,binder,Hivespine Wolverine,BLB,Bloomburrow,177,normal,uncommon,1,95943,821970a3-a291-4fe9-bb13-dfc54f9c3caf,0.11,false,false,near_mint,en,EUR,2026-04-30T11:31:15.706Z
Pool - Bloomborrow,binder,"Gev, Scaled Scorch",BLB,Bloomburrow,214,normal,rare,3,96001,131ea976-289e-4f32-896d-27bbfd423ba9,0.35,false,false,near_mint,en,EUR,2026-04-20T19:27:30.702Z
Pool - Bloomborrow,binder,Jackdaw Savior,BLB,Bloomburrow,18,normal,rare,2,96000,121af600-6143-450a-9f87-12ce4833f1ec,0.35,false,false,near_mint,en,EUR,2026-04-22T20:05:47.961Z
Pool - Bloomborrow,binder,Steampath Charger,BLB,Bloomburrow,153,normal,common,3,95890,03bf1296-e347-4070-8c6f-5c362c2f9364,0.03,false,false,near_mint,en,EUR,2026-04-20T19:27:30.686Z
Pool - Bloomborrow,binder,Wick's Patrol,BLB,Bloomburrow,121,normal,uncommon,2,95926,5fa0c53d-fe7b-4b8b-ad81-7967ca318ff7,0.13,false,false,near_mint,en,EUR,2026-04-27T17:34:34.790Z
Pool - Bloomborrow,binder,Sonar Strike,BLB,Bloomburrow,32,normal,common,3,96093,a50da179-751f-47a8-a547-8c4a291ed381,0.03,false,false,near_mint,en,EUR,2026-04-22T20:05:47.966Z
Pool - Bloomborrow,binder,Season of the Burrow,BLB,Bloomburrow,29,normal,mythic,1,95907,33bf9c60-4e58-48a4-8e53-abef7ab3b671,2.11,false,false,near_mint,en,EUR,2026-04-30T11:31:15.711Z
Pool - Bloomborrow,binder,Banishing Light,BLB,Bloomburrow,1,normal,common,3,96011,25a06f82-ebdb-4dd6-bfe8-958018ce557c,0.06,false,false,near_mint,en,EUR,2026-04-30T11:31:15.717Z
Pool - Bloomborrow,binder,Daring Waverider,BLB,Bloomburrow,44,normal,uncommon,2,95896,19422406-0c1a-497e-bed1-708bc556491a,0.12,false,false,near_mint,en,EUR,2026-04-22T20:11:57.194Z
Pool - Bloomborrow,binder,Corpseberry Cultivator,BLB,Bloomburrow,210,normal,common,3,95829,c911a759-ed7b-452b-88a3-663478357610,0.03,false,false,near_mint,en,EUR,2026-04-22T20:12:44.179Z
Pool - Bloomborrow,binder,Thought Shucker,BLB,Bloomburrow,77,normal,common,3,95916,44b0d83b-cc41-4f82-892c-ef6d3293228a,0.05,false,false,near_mint,en,EUR,2026-04-22T20:11:57.205Z
Pool - Bloomborrow,binder,Huskburster Swarm,BLB,Bloomburrow,98,normal,uncommon,1,95978,ed2f61d7-4eb0-41c5-8a34-a0793c2abc51,0.13,false,false,near_mint,en,EUR,2026-04-30T11:31:15.707Z
Pool - Bloomborrow,binder,Seedpod Squire,BLB,Bloomburrow,232,normal,common,1,95852,f3684577-51ce-490e-9b59-b19c733be466,0.03,false,false,near_mint,en,EUR,2026-05-05T20:11:07.228Z
Pool - Bloomborrow,binder,Mouse Trapper,BLB,Bloomburrow,22,normal,uncommon,1,95948,8ba1bc5a-03e7-44ec-893e-44042cbc02ef,0.05,false,false,near_mint,en,EUR,2026-05-05T20:11:07.225Z
Pool - Bloomborrow,binder,Rabid Gnaw,BLB,Bloomburrow,147,normal,uncommon,1,96014,2f815bae-820a-49f6-8eed-46f658e7b6ff,0.12,false,false,near_mint,en,EUR,2026-05-05T20:11:07.227Z
Pool - Bloomborrow,binder,Tidecaller Mentor,BLB,Bloomburrow,236,normal,uncommon,1,95859,fa10ffac-7cc2-41ef-b8a0-9431923c0542,0.1,false,false,near_mint,en,EUR,2026-05-06T16:16:08.200Z
Pool - Bloomborrow,binder,Rust-Shield Rampager,BLB,Bloomburrow,190,normal,common,3,96117,c96b01f5-83de-4237-a68d-f946c53e31a6,0.05,false,false,near_mint,en,EUR,2026-04-22T20:05:47.954Z
Pool - Bloomborrow,binder,Nettle Guard,BLB,Bloomburrow,23,foil,common,1,95949,8c9c3cc3-2aa2-453e-a17c-2baeeaabe0a9,0.23,false,false,near_mint,en,EUR,2026-05-05T20:06:15.565Z
Pool - Bloomborrow,binder,Wall of Shields,ICE,Ice Age,347,normal,uncommon,1,39462,6376c7c4-aaca-4625-83d4-a49f01aec535,0.17,false,false,near_mint,en,EUR,2026-05-11T19:00:35.712Z
Pool - Bloomborrow,binder,Sazacap's Brew,BLB,Bloomburrow,151,normal,common,1,96330,6d963080-b3ec-467d-82f7-39db6ecd6bbc,0.13,false,false,near_mint,en,EUR,2026-05-05T20:06:15.571Z
Pool - Bloomborrow,binder,"Wick, the Whorled Mind",BLB,Bloomburrow,120,normal,rare,1,95901,29089810-d7fb-4abe-b729-bfabed6aed2b,0.15,false,false,near_mint,en,EUR,2026-05-05T20:11:07.223Z
Pool - Bloomborrow,binder,Feed the Cycle,BLB,Bloomburrow,94,normal,uncommon,1,96067,7e017ff8-2936-4a1b-bece-00004cfbad06,0.34,false,false,near_mint,en,EUR,2026-05-06T16:16:08.203Z
Pool - Bloomborrow,binder,Fountainport Bell,BLB,Bloomburrow,245,normal,common,3,96094,a5c94bc0-a49d-451b-8e8d-64d46b8b8603,0.09,false,false,near_mint,en,EUR,2026-04-22T20:16:22.619Z
Pool - Bloomborrow,binder,Lightshell Duo,BLB,Bloomburrow,56,normal,common,1,95905,2f00c834-b4a9-45b8-bb3f-22c2a42314a0,0.06,false,false,near_mint,en,EUR,2026-05-06T16:16:08.210Z
Pool - Bloomborrow,binder,Agate-Blade Assassin,BLB,Bloomburrow,82,normal,common,1,96017,39ebb84a-1c52-4b07-9bd0-b360523b3a5b,0.07,false,false,near_mint,en,EUR,2026-05-06T16:16:08.208Z
Pool - Bloomborrow,binder,Conduct Electricity,BLB,Bloomburrow,130,normal,common,3,95906,2f373dd6-2412-453c-85ba-10230dfe473a,0.04,false,false,near_mint,en,EUR,2026-04-22T20:51:12.421Z
Pool - Bloomborrow,binder,Izzet Guildgate,C18,Commander 2018,257,normal,common,1,586,771ddb6f-607c-487e-b64b-5c9ff0579183,0.12,false,false,near_mint,en,EUR,2026-05-11T19:00:35.713Z
Pool - Bloomborrow,binder,Ruthless Negotiation,BLB,Bloomburrow,108,normal,uncommon,1,95828,c7f4360c-8d68-4058-b9ec-da9948cb060d,0.09,false,false,near_mint,en,EUR,2026-05-05T20:11:07.224Z
Pool - Bloomborrow,binder,Reptilian Recruiter,BLB,Bloomburrow,149,normal,uncommon,1,96072,81dec453-c9d7-42cb-980a-c82f82bede76,0.08,false,false,near_mint,en,EUR,2026-05-06T16:16:08.202Z
Pool - Bloomborrow,binder,Bonecache Overseer,BLB,Bloomburrow,85,normal,uncommon,1,95944,82defb87-237f-4b77-9673-5bf00607148f,0.16,false,false,near_mint,en,EUR,2026-05-02T17:56:14.186Z
Pool - Bloomborrow,binder,Bushy Bodyguard,BLB,Bloomburrow,166,normal,uncommon,1,95997,0de60cf7-fa82-4b6f-9f88-6590fba5c863,0.14,false,false,near_mint,en,EUR,2026-05-05T20:11:07.226Z
Pool - Bloomborrow,binder,Season of the Bold,BLB,Bloomburrow,152,normal,mythic,1,95802,84352565-558b-4f9b-a411-532147806a78,0.3,false,false,near_mint,en,EUR,2026-05-22T11:01:59.435Z
Pool - Bloomborrow,binder,Heirloom Epic,BLB,Bloomburrow,246,normal,uncommon,1,96061,7839ce48-0175-494a-ab89-9bdfb7a50cb1,0.02,false,false,near_mint,en,EUR,2026-05-23T18:44:15.579Z
Pool - Bloomborrow,binder,Seedpod Squire,BLB,Bloomburrow,232,foil,common,1,95852,f3684577-51ce-490e-9b59-b19c733be466,0.02,false,false,near_mint,en,EUR,2026-05-23T18:44:15.577Z
Pool - Bloomborrow,binder,Harnesser of Storms,BLB,Bloomburrow,137,normal,uncommon,1,95962,b56beeb6-88ca-475e-8654-1d4e8b4aa3c0,0.02,false,false,near_mint,en,EUR,2026-05-23T18:44:15.581Z
Pool - Bloomborrow,binder,Parting Gust,BLB,Bloomburrow,24,normal,uncommon,1,95744,1086e826-94b8-4398-8a38-d8eacca56a43,0.1,false,false,near_mint,en,EUR,2026-05-23T18:44:15.580Z
Pool - Bloomborrow,binder,Three Tree Scribe,BLB,Bloomburrow,199,normal,uncommon,1,95977,ea2ca1b3-4c1a-4be5-b321-f57db5ff0528,0.02,false,false,near_mint,en,EUR,2026-05-23T18:44:15.582Z
Pool - Lorwyn&Brothers,binder,Chronicle of Victory,ECL,Lorwyn Eclipsed,253,normal,mythic,1,110394,b3c2d68d-690b-41e7-99ed-2d20c7e0a9b4,16.8,false,false,near_mint,en,EUR,2026-04-20T19:27:30.690Z
Pool - Lorwyn&Brothers,binder,Keening Stone,BRR,The Brothers' War Retro Artifacts,26,normal,rare,1,75599,839349f4-a347-4b1f-91dc-6e9a0a5de24e,0.21,false,false,near_mint,en,EUR,2026-04-22T20:28:44.316Z
Pool - Lorwyn&Brothers,binder,Lodestone Golem,BRR,The Brothers' War Retro Artifacts,92,foil,rare,1,75580,7e237278-815f-4e35-9ad8-f0ab714b335b,1.03,false,false,near_mint,en,EUR,2026-04-22T20:28:44.320Z
Pool - Lorwyn&Brothers,binder,Changeling Wayfinder,ECL,Lorwyn Eclipsed,1,normal,common,1,110764,6c6061aa-a4da-4115-85b6-d0aa22f2386c,0.1,false,false,near_mint,en,EUR,2026-04-22T20:28:44.319Z
Pool - Lorwyn&Brothers,binder,Goring Warplow,BRO,The Brothers' War,120,normal,common,1,75667,9d927dfd-ae66-4235-a61b-39c85d0c1222,0.02,false,false,near_mint,en,EUR,2026-04-22T20:28:44.317Z
Pool - Lorwyn&Brothers,binder,Gilt-Leaf's Embrace,ECL,Lorwyn Eclipsed,177,normal,common,1,110769,739e5ab5-d562-407a-906e-c5c5173ad325,0.04,false,false,near_mint,en,EUR,2026-04-22T20:28:44.331Z
Pool - Lorwyn&Brothers,binder,Canopy Baloth,J25,Foundations Jumpstart,643,normal,common,1,100458,4a08cc1c-ca6e-4028-8bbe-81efdf4320ed,0.07,false,false,near_mint,en,EUR,2026-04-22T20:28:44.328Z
Pool - Lorwyn&Brothers,binder,Razorgrass Invoker,J25,Foundations Jumpstart,22,normal,common,1,100418,41a76981-b792-49da-8c1c-34991adf3ff4,0.06,false,false,near_mint,en,EUR,2026-04-22T20:28:44.327Z
Pool - Lorwyn&Brothers,binder,Sporemound,J25,Foundations Jumpstart,719,normal,common,1,100821,90594c9c-95a5-4d3c-9005-863fa710cdbd,0.26,false,false,near_mint,en,EUR,2026-04-22T20:28:44.324Z
Pool - Lorwyn&Brothers,binder,Tocasia's Onulet,BRO,The Brothers' War,39,normal,common,1,75850,e4abf2fb-f78a-4e75-b46f-524d3d7405db,0.04,false,false,near_mint,en,EUR,2026-04-22T20:28:44.318Z
Pool - Lorwyn&Brothers,binder,Mishra's Research Desk,BRO,The Brothers' War,162,normal,uncommon,1,75734,bb142d99-b210-47c8-897c-be62f90d2192,0.23,false,false,near_mint,en,EUR,2026-04-22T20:28:44.323Z
Pool - Lorwyn&Brothers,binder,Saurian Symbiote,J25,Foundations Jumpstart,23,normal,common,1,101011,b32224ef-cfd4-42ef-857a-24386590c360,0.17,false,false,near_mint,en,EUR,2026-04-22T20:28:44.326Z
Pool - Lorwyn&Brothers,binder,Goblin Firebomb,BRO,The Brothers' War,235,normal,common,1,75284,0ba00d0f-0ea5-417c-a792-06b3b9d1c8f1,0.04,false,false,near_mint,en,EUR,2026-04-22T20:28:44.322Z
Pool - Lorwyn&Brothers,binder,Scrapwork Cohort,BRO,The Brothers' War,37,normal,common,2,75631,91b0f17e-603a-4840-b2c3-381ec6f102f3,0.03,false,false,near_mint,en,EUR,2026-04-22T20:28:44.321Z
Pool - Lorwyn&Brothers,binder,Crossroads Watcher,ECL,Lorwyn Eclipsed,173,normal,common,1,110359,6d62fcbb-f1a0-46ce-a4af-2a33bcc3ac8e,0.03,false,false,near_mint,en,EUR,2026-04-22T20:28:44.330Z
Pool - Lorwyn&Brothers,binder,Illusion Spinners,ECL,Lorwyn Eclipsed,55,normal,uncommon,1,110862,eb4229a9-8df4-4adc-9d3e-acd2221fa3e9,0.02,false,false,near_mint,en,EUR,2026-04-22T20:28:44.368Z
Pool - Lorwyn&Brothers,binder,Flow of Knowledge,BRO,The Brothers' War,49,normal,uncommon,1,75489,5ea316f3-4a68-4cd4-a388-da9d0455d0a9,0.21,false,false,near_mint,en,EUR,2026-04-22T20:28:44.369Z
Pool - Lorwyn&Brothers,binder,Snapping Gnarlid,J25,Foundations Jumpstart,714,normal,common,1,100605,65876c5b-0d7c-493d-9244-0562f72eda16,0.06,false,false,near_mint,en,EUR,2026-04-22T20:28:44.341Z
Pool - Lorwyn&Brothers,binder,Shimmerwilds Growth,ECL,Lorwyn Eclipsed,194,normal,uncommon,1,110612,c122719c-f0d1-4170-a0d1-d62172df1d21,0.23,false,false,near_mint,en,EUR,2026-04-22T20:28:44.354Z
Pool - Lorwyn&Brothers,binder,Surly Farrier,ECL,Lorwyn Eclipsed,196,normal,common,1,110431,056f7f51-18a9-4d80-8928-decaf4d12c0d,0.06,false,false,near_mint,en,EUR,2026-04-22T20:28:44.346Z
Pool - Lorwyn&Brothers,binder,Cinder Strike,ECL,Lorwyn Eclipsed,131,normal,common,2,110767,6fb6faa4-236c-4cae-9140-0981c44d2392,0.1,false,false,near_mint,en,EUR,2026-04-22T20:28:44.382Z
Pool - Lorwyn&Brothers,binder,Obliterating Bolt,BRO,The Brothers' War,145,normal,uncommon,1,75585,7f886411-8216-4fb7-9172-a408c39043ee,0.21,false,false,near_mint,en,EUR,2026-04-22T20:28:44.388Z
Pool - Lorwyn&Brothers,binder,Thoughtweft Charge,ECL,Lorwyn Eclipsed,198,normal,uncommon,1,110695,19cfc015-b6d5-4918-99a7-990209e77441,0.05,false,false,near_mint,en,EUR,2026-04-22T20:28:44.355Z
Pool - Lorwyn&Brothers,binder,Dream Seizer,ECL,Lorwyn Eclipsed,101,normal,common,1,110321,3573f425-9251-4c17-9619-15278ce5d8fb,0.04,false,false,near_mint,en,EUR,2026-04-22T20:28:44.394Z
Pool - Lorwyn&Brothers,binder,Dose of Dawnglow,ECL,Lorwyn Eclipsed,100,normal,uncommon,1,110278,47414323-ca30-45b7-a0b2-6668312bee04,0.1,false,false,near_mint,en,EUR,2026-04-22T20:28:44.403Z
Pool - Lorwyn&Brothers,binder,Iron-Shield Elf,ECL,Lorwyn Eclipsed,108,normal,uncommon,2,110383,9e0140b2-0185-4adb-b365-2611ce89a0e2,0.19,false,false,near_mint,en,EUR,2026-04-22T20:28:44.404Z
Pool - Lorwyn&Brothers,binder,Flame-Chain Mauler,ECL,Lorwyn Eclipsed,138,normal,common,1,110533,752d7e8e-0dd0-4ace-9c89-a8f9ce73775e,0.03,false,false,near_mint,en,EUR,2026-04-22T20:28:44.378Z
Pool - Lorwyn&Brothers,binder,Auntie's Sentence,ECL,Lorwyn Eclipsed,85,normal,common,1,110856,e64bfe16-7362-4982-9136-1f4e0d335441,0.06,false,false,near_mint,en,EUR,2026-04-22T20:28:44.400Z
Pool - Lorwyn&Brothers,binder,Defend the Celestus,J25,Foundations Jumpstart,649,normal,uncommon,1,100554,5cc74352-8474-4fc6-b8c7-f7c5108d478f,0.05,false,false,near_mint,en,EUR,2026-04-22T20:28:44.350Z
Pool - Lorwyn&Brothers,binder,Eclipsed Kithkin,ECL,Lorwyn Eclipsed,220,normal,uncommon,1,110709,29e1cfa4-0ad8-4228-9f7e-cbab114d1d5f,0.1,false,false,near_mint,en,EUR,2026-04-22T20:28:44.415Z
Pool - Lorwyn&Brothers,binder,Mishra's Onslaught,BRO,The Brothers' War,143,normal,common,1,75876,eda82e38-c1d4-4019-8f79-f91602d941b0,0.04,false,false,near_mint,en,EUR,2026-04-22T20:28:44.371Z
Pool - Lorwyn&Brothers,binder,"Flamewar, Brash Veteran // Flamewar, Streetwise Operative",BOT,Transformers,10,normal,mythic,1,76032,876d9732-9201-4327-8748-7c87ec55453f,0.42,false,false,near_mint,en,EUR,2026-04-22T20:28:44.416Z
Pool - Lorwyn&Brothers,binder,Wary Farmer,ECL,Lorwyn Eclipsed,251,normal,common,1,110457,22d20c0d-176d-49c9-aa0b-2c5778548cc5,0.03,false,false,near_mint,en,EUR,2026-04-22T20:28:44.418Z
Pool - Lorwyn&Brothers,binder,Midnight Tilling,ECL,Lorwyn Eclipsed,182,normal,common,1,110619,c5112bbf-752c-41e7-9c61-4c81e6a77463,0.08,false,false,near_mint,en,EUR,2026-04-22T20:28:44.345Z
Pool - Lorwyn&Brothers,binder,Reckless Amplimancer,J25,Foundations Jumpstart,706,normal,common,1,100449,4819cff0-27db-4d8a-bee3-f71ebf1b6472,0.04,false,false,near_mint,en,EUR,2026-04-22T20:28:44.338Z
Pool - Lorwyn&Brothers,binder,Squawkroaster,ECL,Lorwyn Eclipsed,160,normal,uncommon,1,110734,4112f960-70af-4e2d-bcd4-9e9cf7aac4fb,0.06,false,false,near_mint,en,EUR,2026-04-22T20:28:44.384Z
Pool - Lorwyn&Brothers,binder,Bloodtithe Collector,J25,Foundations Jumpstart,410,normal,uncommon,1,101112,c6711ef5-7816-4bab-a641-d32bf1541c9a,0.1,false,false,near_mint,en,EUR,2026-04-22T20:28:44.402Z
Pool - Lorwyn&Brothers,binder,Sun-Dappled Celebrant,ECL,Lorwyn Eclipsed,37,normal,common,1,110376,91c715a5-6643-4064-a8a8-3e05dce15979,0.05,false,false,near_mint,en,EUR,2026-04-22T20:28:44.406Z
Pool - Lorwyn&Brothers,binder,Winnowing,ECL,Lorwyn Eclipsed,43,normal,rare,1,110425,f943a7d8-9550-427e-8c45-ef834329d345,0.28,false,false,near_mint,en,EUR,2026-04-22T20:28:44.410Z
Pool - Lorwyn&Brothers,binder,Kulrath Mystic,ECL,Lorwyn Eclipsed,56,normal,common,1,110477,377d257c-920c-4dd4-a4b1-01cbc631ef8f,0.03,false,false,near_mint,en,EUR,2026-04-22T20:28:44.363Z
Pool - Lorwyn&Brothers,binder,Unexpected Assistance,ECL,Lorwyn Eclipsed,80,normal,common,2,110077,7b540a5f-7f1b-421a-864f-5af469556fc6,0.05,false,false,near_mint,en,EUR,2026-04-22T20:28:44.359Z
Pool - Lorwyn&Brothers,binder,Baloth Woodcrasher,J25,Foundations Jumpstart,633,normal,uncommon,1,100321,305cd5c3-ac62-4fa3-9c1e-241a8e2adf88,0.2,false,false,near_mint,en,EUR,2026-04-22T20:28:44.349Z
Pool - Lorwyn&Brothers,binder,Goliath Daydreamer,ECL,Lorwyn Eclipsed,143,normal,rare,1,110372,88e8cd13-2a29-4df6-937c-1bed68fbeafa,0.22,false,false,near_mint,en,EUR,2026-04-22T20:28:44.389Z
Pool - Lorwyn&Brothers,binder,Grim Bounty,J25,Foundations Jumpstart,118,normal,common,1,101306,eb485579-49c4-4834-9fba-a8ae2dde86e9,0.15,false,false,near_mint,en,EUR,2026-04-22T20:28:44.392Z
Pool - Lorwyn&Brothers,binder,Temporal Cleansing,ECL,Lorwyn Eclipsed,78,normal,common,1,110498,50ee7315-ec53-43d2-841e-8ec192b850f1,0.07,false,false,near_mint,en,EUR,2026-04-22T20:28:44.362Z
Pool - Lorwyn&Brothers,binder,Gristle Glutton,ECL,Lorwyn Eclipsed,144,normal,common,2,110805,a4164af6-356e-4de2-8377-dbe70434a996,0.12,false,false,near_mint,en,EUR,2026-04-22T20:28:44.379Z
Pool - Lorwyn&Brothers,binder,Explosive Prodigy,ECL,Lorwyn Eclipsed,136,normal,uncommon,2,110346,5515ea5e-ce28-4938-a31e-5e48522a5f93,0.1,false,false,near_mint,en,EUR,2026-04-22T20:28:44.385Z
Pool - Lorwyn&Brothers,binder,Draconic Destiny,BRO,The Brothers' War,130,foil,mythic,1,75900,f71240ad-1daf-419a-aaeb-5f9d5079c3dd,0.92,false,false,near_mint,en,EUR,2026-04-22T20:28:44.390Z
Pool - Lorwyn&Brothers,binder,Ravenous Gigamole,BRO,The Brothers' War,113,normal,common,2,75368,2fee3328-75c2-4d13-86e1-bf3a40fbf538,0.04,false,false,near_mint,en,EUR,2026-04-22T20:28:44.395Z
Pool - Lorwyn&Brothers,binder,Heir of the Ancient Fang,J25,Foundations Jumpstart,669,normal,common,1,100746,813f1ad3-c285-4f6d-b91a-eb465f2dbdff,0.07,false,false,near_mint,en,EUR,2026-04-22T20:28:44.332Z
Pool - Lorwyn&Brothers,binder,Appeal to Eirdu,ECL,Lorwyn Eclipsed,5,normal,common,1,110356,68ce9752-21f9-48e9-bf48-7f76f1cecbc5,0.04,false,false,near_mint,en,EUR,2026-04-22T20:28:44.408Z
Pool - Lorwyn&Brothers,binder,Heirloom Auntie,ECL,Lorwyn Eclipsed,107,normal,common,1,110623,cac251b2-d2cc-45b6-9ca8-678e0eab56ea,0.07,false,false,near_mint,en,EUR,2026-04-22T20:28:44.397Z
Pool - Lorwyn&Brothers,binder,"Grub, Storied Matriarch // Grub, Notorious Auntie",ECL,Lorwyn Eclipsed,105,normal,rare,1,110452,1f51adf8-8234-4dae-aedf-7633310d5111,0.43,false,false,near_mint,en,EUR,2026-04-22T20:28:44.412Z
Pool - Lorwyn&Brothers,binder,Chitinous Graspling,ECL,Lorwyn Eclipsed,211,normal,common,1,110810,a9767360-d536-4902-9d2d-1f3474ce89d6,0.03,false,false,near_mint,en,EUR,2026-04-22T20:28:44.419Z
Pool - Lorwyn&Brothers,binder,Ixalli's Diviner,J25,Foundations Jumpstart,675,normal,common,1,100430,43ac3575-2898-4ff0-a040-ed1a4ef0db12,0.14,false,false,near_mint,en,EUR,2026-04-22T20:28:44.344Z
Pool - Lorwyn&Brothers,binder,Champions of the Perfect,ECL,Lorwyn Eclipsed,171,normal,rare,1,110340,4f359211-8be5-4818-b73c-14f24b7ddb21,1.0,false,false,near_mint,en,EUR,2026-04-22T20:28:44.357Z
Pool - Lorwyn&Brothers,binder,Adventurous Impulse,J25,Foundations Jumpstart,621,normal,common,1,100826,913e79c9-c342-4efd-bd11-cec5af81e668,0.08,false,false,near_mint,en,EUR,2026-04-22T20:28:44.348Z
Pool - Lorwyn&Brothers,binder,Warbriar Blessing,J25,Foundations Jumpstart,739,normal,common,1,100751,828a7b4e-fc9d-4db4-bcf1-58b76cb32d0e,0.11,false,false,near_mint,en,EUR,2026-04-22T20:28:44.335Z
Pool - Lorwyn&Brothers,binder,Excavation Explosion,BRO,The Brothers' War,132,normal,common,3,75675,a169612e-f5de-4653-bc31-9ede8c5bdc75,0.07,false,false,near_mint,en,EUR,2026-04-22T20:28:44.373Z
Pool - Lorwyn&Brothers,binder,Blight Rot,ECL,Lorwyn Eclipsed,89,normal,common,1,110748,5201bdeb-ba47-459b-ac0d-603367914578,0.1,false,false,near_mint,en,EUR,2026-04-22T20:28:44.396Z
Pool - Lorwyn&Brothers,binder,Dawnhand Eulogist,ECL,Lorwyn Eclipsed,99,normal,common,1,110536,75a97f69-f3dc-4d33-8008-c1f1a7c15a2f,0.09,false,false,near_mint,en,EUR,2026-04-22T20:28:44.393Z
Pool - Lorwyn&Brothers,binder,Bogslither's Embrace,ECL,Lorwyn Eclipsed,94,normal,common,2,110743,4beca2e7-9c6d-493b-b15f-69e483a8dfff,0.09,false,false,near_mint,en,EUR,2026-04-22T20:28:44.398Z
Pool - Lorwyn&Brothers,binder,Elder Auntie,ECL,Lorwyn Eclipsed,133,normal,common,1,110370,84678e98-2258-4ea1-aaf0-8ac4cc2ecf8d,0.12,false,false,near_mint,en,EUR,2026-04-22T20:28:44.375Z
Pool - Lorwyn&Brothers,binder,Harrow,J25,Foundations Jumpstart,668,normal,common,1,101054,b9f97af5-a2f7-4280-a05f-59b7748a022b,0.31,false,false,near_mint,en,EUR,2026-04-22T20:28:44.333Z
Pool - Lorwyn&Brothers,binder,Eclipsed Elf,ECL,Lorwyn Eclipsed,336,normal,uncommon,1,110751,57708ef7-ef10-49c4-8cf7-7055cf7280a0,0.23,false,false,near_mint,en,EUR,2026-04-22T20:28:44.411Z
Pool - Lorwyn&Brothers,binder,Masked Blackguard,J25,Foundations Jumpstart,459,normal,common,1,101169,d2e3e7ed-a8c2-4e01-b616-db58e2c603d3,0.06,false,false,near_mint,en,EUR,2026-04-22T20:28:44.401Z
Pool - Lorwyn&Brothers,binder,Blighted Blackthorn,ECL,Lorwyn Eclipsed,90,normal,common,1,110719,3515531a-45d6-4fe0-96a3-7ca1ce545068,0.06,false,false,near_mint,en,EUR,2026-04-22T20:28:44.391Z
Pool - Lorwyn&Brothers,binder,Air Marshal,BRO,The Brothers' War,43,normal,common,2,75653,991e1a6c-914b-45c8-9170-c09e72696117,0.03,false,false,near_mint,en,EUR,2026-04-22T20:28:44.366Z
Pool - Lorwyn&Brothers,binder,Reckless Ransacking,ECL,Lorwyn Eclipsed,152,normal,common,1,110706,24a5b025-4cdb-416d-aad6-0fc7e8da3df2,0.08,false,false,near_mint,en,EUR,2026-04-22T20:28:44.380Z
Pool - Lorwyn&Brothers,binder,Dawn's Light Archer,ECL,Lorwyn Eclipsed,174,normal,common,1,110771,76e80656-6bcb-4d99-8bd2-ca5f75f40daf,0.04,false,false,near_mint,en,EUR,2026-04-22T20:28:44.334Z
Pool - Lorwyn&Brothers,binder,High Perfect Morcant,ECL,Lorwyn Eclipsed,229,normal,rare,1,110080,dfe7b8bf-c150-4be0-aef4-e8bb6f09787a,1.37,false,false,near_mint,en,EUR,2026-04-22T20:28:44.422Z
Pool - Lorwyn&Brothers,binder,Stratosoarer,ECL,Lorwyn Eclipsed,72,normal,common,1,110746,4f607889-6f3f-4511-8920-88a39f3b28ca,0.02,false,false,near_mint,en,EUR,2026-04-22T20:28:44.358Z
Pool - Lorwyn&Brothers,binder,Bite Down,J25,Foundations Jumpstart,636,normal,common,1,100426,43120fed-fbe8-46f0-8f6a-5b4719cf1e79,0.12,false,false,near_mint,en,EUR,2026-04-22T20:28:44.340Z
Pool - Lorwyn&Brothers,binder,Gangly Stompling,ECL,Lorwyn Eclipsed,226,normal,common,1,110497,502000a7-a3c1-4259-aea5-ff01724396a1,0.05,false,false,near_mint,en,EUR,2026-04-22T20:28:44.420Z
Pool - Lorwyn&Brothers,binder,Slimy Piper,J25,Foundations Jumpstart,25,normal,common,1,101288,e89dd05a-e21e-4252-ba18-9f3329c6d4dd,0.16,false,false,near_mint,en,EUR,2026-04-22T20:28:44.337Z
Pool - Lorwyn&Brothers,binder,Wanderwine Farewell,ECL,Lorwyn Eclipsed,83,normal,uncommon,1,110335,473123a0-1366-406b-9b9e-154c0e9c224f,0.04,false,false,near_mint,en,EUR,2026-04-22T20:28:44.367Z
Pool - Lorwyn&Brothers,binder,Safewright Cavalry,ECL,Lorwyn Eclipsed,191,normal,common,2,110870,f7de412a-9731-4bfc-8fbc-c95988a3dd70,0.05,false,false,near_mint,en,EUR,2026-04-22T20:28:44.325Z
Pool - Lorwyn&Brothers,binder,Gnarlid Colony,J25,Foundations Jumpstart,664,normal,common,1,100612,661e1d40-046a-4b1e-963b-9825fa6f69b0,0.05,false,false,near_mint,en,EUR,2026-04-22T20:28:44.339Z
Pool - Lorwyn&Brothers,binder,Flamekin Gildweaver,ECL,Lorwyn Eclipsed,140,normal,common,1,110821,b1628ece-a028-49d4-9065-ee997838c20a,0.04,false,false,near_mint,en,EUR,2026-04-22T20:28:44.370Z
Pool - Lorwyn&Brothers,binder,Run Away Together,ECL,Lorwyn Eclipsed,67,normal,common,1,110474,35c56aff-1f0f-464a-b705-d67803e3d060,0.04,false,false,near_mint,en,EUR,2026-04-22T20:28:44.365Z
Pool - Lorwyn&Brothers,binder,Yotian Dissident,BRO,The Brothers' War,227,normal,uncommon,1,75329,1eb02f00-c188-4193-a049-d26f7643e5da,0.09,false,false,near_mint,en,EUR,2026-04-22T20:28:44.414Z
Pool - Lorwyn&Brothers,binder,Lys Alana Informant,ECL,Lorwyn Eclipsed,181,normal,common,2,110386,a79649c4-559e-4306-a102-5fd8750629c7,0.08,false,false,near_mint,en,EUR,2026-04-22T20:28:44.342Z
Pool - Lorwyn&Brothers,binder,Wolfrider's Saddle,J25,Foundations Jumpstart,740,normal,uncommon,1,101036,b66e1b92-194b-4efc-9bac-f15d7ee648a6,0.11,false,false,near_mint,en,EUR,2026-04-22T20:28:44.352Z
Pool - Lorwyn&Brothers,binder,Boulder Dash,ECL,Lorwyn Eclipsed,127,normal,uncommon,1,110759,657a2a24-22d1-4bc2-9f22-ed361ae487e3,0.1,false,false,near_mint,en,EUR,2026-04-22T20:28:44.387Z
Pool - Lorwyn&Brothers,binder,Liminal Hold,ECL,Lorwyn Eclipsed,24,normal,common,1,110583,a5a40c16-7a5c-4ad1-be53-6b1b1be2affe,0.08,false,false,near_mint,en,EUR,2026-04-22T20:28:44.407Z
Pool - Lorwyn&Brothers,binder,Explore,J25,Foundations Jumpstart,146,normal,common,1,100628,69f2a3be-9196-44f4-b722-9184ca1d143a,0.29,false,false,near_mint,en,EUR,2026-04-22T20:28:44.336Z
Pool - Lorwyn&Brothers,binder,"Urza, Prince of Kroog",BRO,The Brothers' War,296,normal,rare,1,75621,8f944c2f-c84f-4986-9e6f-ec8e171298c6,0.76,false,false,near_mint,en,EUR,2026-04-22T20:28:44.417Z
Pool - Lorwyn&Brothers,binder,Moon-Vigil Adherents,ECL,Lorwyn Eclipsed,184,normal,uncommon,1,110756,60621c37-62e1-4261-ae76-3946b4a0cfa3,0.11,false,false,near_mint,en,EUR,2026-04-22T20:28:44.351Z
Pool - Lorwyn&Brothers,binder,Stern Lesson,BRO,The Brothers' War,64,normal,common,1,75374,3151caa2-10ed-4f30-83eb-cd1bd3f642ce,0.3,false,false,near_mint,en,EUR,2026-04-22T20:28:44.364Z
Pool - Lorwyn&Brothers,binder,Enraged Flamecaster,ECL,Lorwyn Eclipsed,135,normal,common,1,110686,104baa2c-75c5-44fc-a3b9-b19efcf3d7c2,0.07,false,false,near_mint,en,EUR,2026-04-22T20:28:44.372Z
Pool - Lorwyn&Brothers,binder,Shardless Outlander,J25,Foundations Jumpstart,28,normal,common,2,101392,fccb51a4-cb78-4437-b9ab-cc77736af561,0.18,false,false,near_mint,en,EUR,2026-04-22T20:28:44.315Z
Pool - Lorwyn&Brothers,binder,Sarinth Steelseeker,BRO,The Brothers' War,189,normal,uncommon,1,75819,d96761b2-eb9c-4963-a496-ba53a01f4b17,0.23,false,false,near_mint,en,EUR,2026-04-22T20:28:44.356Z
Pool - Lorwyn&Brothers,binder,Tweeze,ECL,Lorwyn Eclipsed,162,normal,common,1,110483,3ceab0e6-1bb8-487d-ab4b-2da8457b970a,0.03,false,false,near_mint,en,EUR,2026-04-22T20:28:44.377Z
Pool - Lorwyn&Brothers,binder,Groundswell,J25,Foundations Jumpstart,667,normal,common,1,100448,481825bb-8d01-48c5-86af-c62a5cd0e19f,0.52,false,false,near_mint,en,EUR,2026-04-22T20:28:44.347Z
Pool - Lorwyn&Brothers,binder,Brambleback Brute,ECL,Lorwyn Eclipsed,128,normal,common,1,110754,5ebb8365-c6e1-46e8-a242-6aa27b21e68a,0.07,false,false,near_mint,en,EUR,2026-04-22T20:28:44.376Z
Pool - Lorwyn&Brothers,binder,"Doran, Besieged by Time",ECL,Lorwyn Eclipsed,215,normal,rare,1,110504,568aa70a-6765-486a-bd37-5d38b16c46de,0.59,false,false,near_mint,en,EUR,2026-04-22T20:28:44.421Z
Pool - Lorwyn&Brothers,binder,Chomping Changeling,ECL,Lorwyn Eclipsed,172,normal,uncommon,1,110419,e187dcc6-19ad-4cf6-94b4-daf07f5144e5,0.37,false,false,near_mint,en,EUR,2026-04-22T20:28:44.353Z
Pool - Lorwyn&Brothers,binder,Sculpting Steel,BRR,The Brothers' War Retro Artifacts,113,normal,rare,1,75982,e9bd8439-e1c5-4134-919b-8ce3d58a5b3d,1.6,false,false,near_mint,en,EUR,2026-05-30T13:48:17.940Z
Pool - Lorwyn&Brothers,binder,Autonomous Assembler,BRO,The Brothers' War,34,normal,rare,1,75804,d5dee863-e6ef-4061-a877-ddd3c4dbe87e,0.07,false,false,near_mint,en,EUR,2026-05-30T13:48:17.924Z
Pool - Lorwyn&Brothers,binder,Union of the Third Path,BRO,The Brothers' War,31,normal,common,1,75430,486a0745-7360-4cc9-9cc2-30c0eda6e00c,0.14,false,false,near_mint,en,EUR,2026-05-30T13:48:17.932Z
Pool - Lorwyn&Brothers,binder,Stone Retrieval Unit,BRO,The Brothers' War,248,normal,common,1,75864,e8a36d1f-f6cc-4962-9ad6-589f7b3e5f95,0.05,false,false,near_mint,en,EUR,2026-05-30T13:48:17.933Z
Pool - Lorwyn&Brothers,binder,Citanul Stalwart,BRO,The Brothers' War,175,normal,common,1,75693,a842a945-21d9-432c-b970-6da65b16f309,0.13,false,false,near_mint,en,EUR,2026-05-30T13:48:17.935Z
Pool - Lorwyn&Brothers,binder,Mass Production,BRO,The Brothers' War,15,normal,uncommon,1,75502,640a08b7-dd30-446e-a8a7-2e084bbb9586,0.13,false,false,near_mint,en,EUR,2026-05-30T13:48:17.922Z
Pool - Lorwyn&Brothers,binder,Third Path Savant,BRO,The Brothers' War,67,normal,common,1,75567,793a51ab-59fb-424f-a315-3f63e8990322,0.09,false,false,near_mint,en,EUR,2026-05-30T13:48:17.918Z
Pool - Lorwyn&Brothers,binder,Desynchronize,BRO,The Brothers' War,46,normal,common,1,75427,46e101e5-2b20-48dd-aac4-15a3c32a7441,0.04,false,false,near_mint,en,EUR,2026-05-30T13:48:17.931Z
Pool - Lorwyn&Brothers,binder,Repair and Recharge,BRO,The Brothers' War,24,normal,uncommon,1,75275,04ff4a4b-4e86-41d1-a6b6-312aac0d3e1a,0.08,false,false,near_mint,en,EUR,2026-05-30T13:48:17.936Z
Pool - Lorwyn&Brothers,binder,Tower Worker,BRO,The Brothers' War,255,normal,common,1,75885,f31bd134-22c8-4031-8f85-ac0855914d11,0.13,false,false,near_mint,en,EUR,2026-05-30T13:48:17.919Z
Pool - Lorwyn&Brothers,binder,Sardian Cliffstomper,BRO,The Brothers' War,151,normal,uncommon,1,75752,c1c42d56-5b0e-4624-8831-77280f8d56cf,0.07,false,false,near_mint,en,EUR,2026-05-30T13:48:17.937Z
Pool - Lorwyn&Brothers,binder,"Hajar, Loyal Bodyguard",BRO,The Brothers' War,211,normal,rare,1,75478,5a0a2f82-57d3-45d8-b1c8-357883c62728,0.65,false,false,near_mint,en,EUR,2026-05-30T13:48:17.939Z
Pool - Lorwyn&Brothers,binder,Prison Sentence,BRO,The Brothers' War,21,normal,common,1,75561,76832ca8-95b2-4bc8-a191-9e2f50b77626,0.11,false,false,near_mint,en,EUR,2026-05-30T13:48:17.930Z
Pool - Lorwyn&Brothers,binder,Hoarding Recluse,BRO,The Brothers' War,186,normal,common,1,75509,6559afec-6bb8-4501-8805-4eb108443048,0.09,false,false,near_mint,en,EUR,2026-05-30T13:48:17.928Z
Pool - Lorwyn&Brothers,binder,Skyfisher Spider,BLC,Bloomburrow Commander,261,normal,uncommon,1,96497,e18927dd-c50c-4fb2-8d4c-d0f853b68294,0.3,false,false,near_mint,en,EUR,2026-05-30T13:48:17.938Z
Pool - Lorwyn&Brothers,binder,Spotter Thopter,BRO,The Brothers' War,80,normal,uncommon,1,75818,d90175ae-4109-4845-b3ff-1531fb67a0e1,0.08,false,false,near_mint,en,EUR,2026-05-30T13:48:17.923Z
Pool - Lorwyn&Brothers,binder,Burrowing Razormaw,BRO,The Brothers' War,173,normal,common,1,75691,a7c8c73c-ee2e-4aa9-aa6c-42cf9d58d9cc,0.02,false,false,near_mint,en,EUR,2026-05-30T13:48:17.914Z
Pool - Lorwyn&Brothers,binder,Powerstone Fracture,BRO,The Brothers' War,112,normal,common,1,75341,2323301f-565a-4c0f-bffd-18386ccd1f7a,0.04,false,false,near_mint,en,EUR,2026-05-30T13:48:17.920Z
Pool - Lorwyn&Brothers,binder,Overwhelming Remorse,BRO,The Brothers' War,110,normal,common,1,75335,202cbfa4-3b3d-47fd-84a6-892692c906d6,0.16,false,false,near_mint,en,EUR,2026-05-30T13:48:17.913Z
Pool - Lorwyn&Brothers,binder,Combat Courier,BRO,The Brothers' War,77,normal,common,1,75307,171edf80-ffc1-4894-9be5-c3e93a96f734,0.19,false,false,near_mint,en,EUR,2026-05-30T13:48:17.934Z
Pool - Lorwyn&Brothers,binder,Goblin Firebomb,FDN,Foundations,562,normal,common,1,101515,55ab3f99-9541-4100-818c-5d9e916791e4,0.11,false,false,near_mint,en,EUR,2026-05-30T13:48:17.916Z
Pool - Lorwyn&Brothers,binder,Sibling Rivalry,BRO,The Brothers' War,152,normal,common,1,75761,c44b24de-60b4-4855-9111-f1237f71bc4d,0.05,false,false,near_mint,en,EUR,2026-05-30T13:48:17.929Z
Pool - Lorwyn&Brothers,binder,Bone Saw,BRR,The Brothers' War Retro Artifacts,7,normal,uncommon,1,75487,5d74a0f3-3db4-444c-a879-f3f3db2e27a0,0.07,false,false,near_mint,en,EUR,2026-05-30T13:48:17.925Z
Pool - Lorwyn&Brothers,binder,"Mishra, Excavation Prodigy",BRO,The Brothers' War,140,normal,uncommon,1,75897,f5d02416-8578-40a5-bf31-d1ef9b8764f1,0.15,false,false,near_mint,en,EUR,2026-05-30T13:48:17.921Z
Pool - Lorwyn&Brothers,binder,Retrieval Agent,BRO,The Brothers' War,60,normal,common,1,75886,f333a7b1-936e-42f3-ba22-2c76dd2f1c9a,0.02,false,false,near_mint,en,EUR,2026-05-30T13:48:17.912Z
Special Lands,binder,Evolving Wilds,BLC,Bloomburrow Commander,302,normal,common,1,96280,516d6669-929e-4884-ae92-9a98cb7f9376,0.16,false,false,near_mint,en,EUR,2026-04-20T19:09:59.258Z
Special Lands,binder,Terramorphic Expanse,J25,Foundations Jumpstart,156,normal,common,1,100165,0f8553b9-8919-44f8-9e1e-6a558e41f194,0.2,false,false,near_mint,en,EUR,2026-04-20T19:09:59.258Z
Special Lands,binder,Thriving Moor,J25,Foundations Jumpstart,779,normal,common,1,100452,48760243-5614-46cd-b487-2ec09638921a,0.1,false,false,near_mint,en,EUR,2026-04-20T19:27:30.731Z
Special Lands,binder,Tranquil Thicket,BLC,Bloomburrow Commander,350,normal,common,1,96445,bdf8439b-a31e-49d4-981a-d9532f83c370,0.12,false,false,near_mint,en,EUR,2026-04-20T19:09:59.258Z
Special Lands,binder,Mudflat Village,BLB,Bloomburrow,257,normal,uncommon,1,95628,53ec4ad3-9cf0-4f1b-a9db-d63feee594ab,0.19,false,false,near_mint,en,EUR,2026-04-20T19:27:30.712Z
Special Lands,binder,Titan's Grave,SOS,Secrets of Strixhaven,266,normal,common,1,112068,a9ab41c8-3ee2-4676-9b8b-20c34d9f5f21,0.07,false,false,near_mint,en,EUR,2026-04-22T20:47:03.952Z
Special Lands,binder,Fields of Strife,SOS,Secrets of Strixhaven,255,normal,common,1,111906,3dc7a4c3-c356-4fba-bea0-e8788da3eb57,0.11,false,false,near_mint,en,EUR,2026-04-22T20:47:03.936Z
Special Lands,binder,Keldon Necropolis,INV,Invasion,325,normal,rare,1,33008,4f0cccf6-b79b-4fff-89aa-801341598532,0.83,false,false,near_mint,en,EUR,2026-04-24T20:09:31.156Z
Special Lands,binder,Abandoned Outpost,ODY,Odyssey,312,normal,common,1,31865,4945031e-1158-474c-9e50-1ec817acc767,0.12,false,false,near_mint,en,EUR,2026-04-24T20:48:03.011Z
Special Lands,binder,Prismari Campus,SOC,Secrets of Strixhaven Commander,394,normal,common,1,111990,7c464dee-dd89-4955-ae40-8bb74e9ff42a,0.15,false,false,near_mint,en,EUR,2026-04-24T21:56:17.320Z
Special Lands,binder,Cloudpost,MRD,Mirrodin,280,normal,common,1,29765,2f28ecdc-a4f0-4327-a78c-340be41555ee,0.15,false,false,near_mint,en,EUR,2026-04-24T22:19:49.342Z
Special Lands,binder,Great Furnace,MRD,Mirrodin,282,normal,common,3,29763,2877281d-c85d-4f32-b40d-828b93c4ee8e,2.07,false,false,near_mint,en,EUR,2026-04-24T20:48:03.010Z
Special Lands,binder,Coastal Tower,8ED,Eighth Edition,323,normal,uncommon,1,30213,9513c206-b578-4973-93cc-077e5a6658b0,0.29,false,false,near_mint,en,EUR,2026-04-24T20:48:03.015Z
Special Lands,binder,Study Hall,SOC,Secrets of Strixhaven Commander,407,normal,common,1,112038,93f812bc-7663-4504-b566-79e2c0a0f845,0.19,false,false,near_mint,en,EUR,2026-04-24T21:56:17.318Z
Special Lands,binder,Stalking Stones,MRD,Mirrodin,284,normal,uncommon,2,29761,c96d7230-c7ca-4613-ae7e-88a0e6270b98,0.11,false,false,near_mint,en,EUR,2026-04-24T22:19:49.345Z
Special Lands,binder,Remote Farm,MMQ,Mercadian Masques,323,normal,common,1,34087,115cab84-60d7-4bf2-9beb-b4ed7b5ceaf4,0.7,false,false,near_mint,en,EUR,2026-04-24T22:19:49.343Z
Special Lands,binder,Hickory Woodlot,MMQ,Mercadian Masques,319,normal,common,1,34091,af7aafb7-6870-4d09-a191-70786766c459,2.45,false,false,near_mint,en,EUR,2026-04-24T22:19:49.346Z
Special Lands,binder,Cave of Temptation,J25,Foundations Jumpstart,763,normal,common,1,100468,4c468c5f-f2c6-473a-8353-a762ec3ab467,0.15,false,false,near_mint,en,EUR,2026-04-24T22:19:49.347Z
Special Lands,binder,Urborg Volcano,INV,Invasion,330,normal,uncommon,1,33003,c76f346c-ae34-4f5f-8e3b-6c77b0c4d530,0.38,false,false,near_mint,en,EUR,2026-04-24T22:19:49.350Z
Special Lands,binder,Titan's Grave,SOS,Secrets of Strixhaven,266,foil,common,1,112068,a9ab41c8-3ee2-4676-9b8b-20c34d9f5f21,0.1,false,false,near_mint,en,EUR,2026-04-28T20:32:05.201Z
Special Lands,binder,Vault of Whispers,J25,Foundations Jumpstart,780,normal,common,5,100589,62d35729-de2c-44d8-b274-3eb2394563f3,3.11,false,false,near_mint,en,EUR,2026-04-20T19:17:08.211Z
Special Lands,binder,Great Hall of the Biblioplex,SOS,Secrets of Strixhaven,257,normal,rare,1,111794,42d92674-2664-411c-b9c5-b04da7c845f4,0.02,false,false,near_mint,en,EUR,2026-05-02T08:38:56.580Z
Special Lands,binder,Petrified Hamlet,SOS,Secrets of Strixhaven,259,normal,rare,1,112430,355dd460-b0e9-41f2-a058-b7f7e39ac387,0.57,false,false,near_mint,en,EUR,2026-05-02T08:20:00.177Z
Special Lands,binder,Petrified Hamlet,SOS,Secrets of Strixhaven,259,foil,rare,1,112430,355dd460-b0e9-41f2-a058-b7f7e39ac387,2.13,false,false,near_mint,en,EUR,2026-04-22T20:47:03.919Z
Special Lands,binder,Simic Guildgate,MM3,Modern Masters 2017,248,normal,common,1,5965,65e32265-09f6-448f-9413-31327d11eea5,0.05,false,false,near_mint,en,EUR,2026-05-11T19:09:30.397Z
Special Lands,binder,Lupinflower Village,BLB,Bloomburrow,256,foil,uncommon,1,95634,8ab9d56f-9178-4ec9-a5f6-b934f50d8d9d,0.19,false,false,near_mint,en,EUR,2026-05-06T16:16:08.198Z
Special Lands,binder,Lupinflower Village,BLB,Bloomburrow,256,normal,uncommon,2,95634,8ab9d56f-9178-4ec9-a5f6-b934f50d8d9d,0.12,false,false,near_mint,en,EUR,2026-04-22T20:12:44.181Z
Special Lands,binder,Terramorphic Expanse,OTC,Outlaws of Thunder Junction Commander,336,normal,common,1,93765,9c418bac-c1d1-4fbf-aaca-7bc36b3913c4,0.22,false,false,near_mint,en,EUR,2026-05-11T19:09:30.399Z
Special Lands,binder,Izzet Guildgate,MM3,Modern Masters 2017,237,normal,common,1,5976,d58e2167-defb-46cc-a165-02ce6157137d,0.06,false,false,near_mint,en,EUR,2026-05-11T19:09:30.396Z
Special Lands,binder,Izzet Guildgate,C18,Commander 2018,257,normal,common,1,586,771ddb6f-607c-487e-b64b-5c9ff0579183,0.12,false,false,near_mint,en,EUR,2026-05-11T19:09:30.398Z
Special Lands,binder,Skycoach Waypoint,SOS,Secrets of Strixhaven,261,normal,uncommon,1,111708,6747657b-5ce4-4dbd-b924-ca1f7119faf7,0.02,false,false,near_mint,en,EUR,2026-05-23T21:35:29.747Z
Special Lands,binder,Scorched Geyser,SOC,Secrets of Strixhaven Commander,54,normal,rare,1,111947,5abdcad7-3b7a-43f6-a0ad-3aa99ee55c91,1.4,false,false,near_mint,en,EUR,2026-06-21T10:02:32.426Z
Special Lands,binder,Spectacle Summit,SOS,Secrets of Strixhaven,262,foil,common,1,112055,a0a66f7b-eab4-45da-8895-c2c2c7eb05f8,0.02,false,false,near_mint,en,EUR,2026-06-21T10:02:32.424Z
Special Lands,binder,Turbulent Fen,SOC,Secrets of Strixhaven Commander,55,normal,rare,1,112042,9737159b-256c-4004-ba5f-0417c35e1b30,6.24,false,false,near_mint,en,EUR,2026-06-21T10:02:32.425Z
Special Lands,binder,Dreamroot Cascade,SOS,Secrets of Strixhaven,254,foil,rare,1,111765,ef662b92-5a7f-48c9-bcc1-14b55e091aef,0.4,false,false,near_mint,en,EUR,2026-06-21T10:02:32.423Z
Special Lands,binder,Dreamroot Cascade,SOS,Secrets of Strixhaven,302,foil,rare,1,111737,bb911ec9-4354-46af-8750-6920555eb1e7,0.98,false,false,near_mint,en,EUR,2026-06-22T18:54:12.710Z
Special Lands,binder,Umbral Expanse,SOC,Secrets of Strixhaven Commander,60,normal,rare,1,111851,15848965-01a8-48bf-aa61-8a753339c761,0.2,false,false,near_mint,en,EUR,2026-06-22T18:54:12.709Z
Special Lands,binder,Shattered Sanctum,SOS,Secrets of Strixhaven,303,normal,rare,1,111746,cfc3f81d-333f-4ac9-8374-082675e07ac1,1.0,false,false,near_mint,en,EUR,2026-06-22T18:54:12.708Z
Pool - Old,binder,Copper Myr,MRD,Mirrodin,158,normal,common,1,29887,a52b2dc4-4fb3-4ddf-bdb6-c63e8c8efc09,0.25,false,false,near_mint,en,EUR,2026-04-20T19:17:08.195Z
Pool - Old,binder,Cathodion,MRD,Mirrodin,149,normal,uncommon,4,29896,e223e822-a7a0-48d1-9bb7-88ee3d939c6f,0.14,false,false,near_mint,en,EUR,2026-04-20T19:17:08.213Z
Pool - Old,binder,Bane of the Living,LGN,Legions,60,normal,rare,1,30774,f45ebf65-77b8-41bc-b913-d864c4a00549,0.27,false,false,near_mint,en,EUR,2026-04-20T19:17:08.209Z
Pool - Old,binder,Dragon's Claw,M12,Magic 2012,206,normal,uncommon,1,19061,0d732b87-08e5-41b6-8448-62dd6bf20d9c,0.13,false,false,near_mint,en,EUR,2026-04-20T19:27:30.736Z
Pool - Old,binder,Cranial Plating,5DN,Fifth Dawn,113,normal,common,2,29382,90ea95d0-9f95-462b-a080-22a5da7b2e97,0.28,false,false,near_mint,en,EUR,2026-04-20T19:17:08.239Z
Pool - Old,binder,Flayed Nim,MRD,Mirrodin,65,normal,uncommon,2,29980,fd2381b3-ebf8-4c65-8e89-e089c2e57145,0.1,false,false,near_mint,en,EUR,2026-04-20T19:17:08.196Z
Pool - Old,binder,Carrion Wall,8ED,Eighth Edition,121,normal,uncommon,1,30415,77ea9d0e-9188-4447-a9c9-8ed209121b43,0.06,false,false,near_mint,en,EUR,2026-04-20T19:17:08.208Z
Pool - Old,binder,Myr Servitor,5DN,Fifth Dawn,139,normal,common,1,29356,06127e05-d1d6-4dd5-90e1-a93e3a51b1b0,0.05,false,false,near_mint,en,EUR,2026-04-20T19:17:08.248Z
Pool - Old,binder,Endless Scream,TMP,Tempest,132,normal,common,2,36867,e9474231-34c5-4563-8a61-fd1bc2693f86,0.14,false,false,near_mint,en,EUR,2026-04-20T19:17:08.226Z
Pool - Old,binder,Soulshriek,MIR,Mirage,145,normal,common,1,38445,5c3bf717-2b88-4704-a7e9-f62dbb3d3d3d,0.17,false,false,near_mint,en,EUR,2026-04-20T19:17:08.203Z
Pool - Old,binder,Mortal Combat,TOR,Torment,71,normal,rare,1,31670,21146226-ff05-40d5-bc4e-42f2263104b1,2.39,false,false,near_mint,en,EUR,2026-04-20T19:17:08.231Z
Pool - Old,binder,Iron Myr,MRD,Mirrodin,187,normal,common,2,29858,08e17883-0767-40b5-ac44-a52a1ea54993,1.98,false,false,near_mint,en,EUR,2026-04-20T19:17:08.220Z
Pool - Old,binder,Night's Whisper,5DN,Fifth Dawn,55,normal,uncommon,1,29440,61f0c6f6-b90d-4eb1-a5db-86e0a3997501,1.16,false,false,near_mint,en,EUR,2026-04-20T19:17:08.198Z
Pool - Old,binder,Gold Myr,MRD,Mirrodin,180,normal,common,1,29865,fa9b4040-ab49-476b-b101-5ef2b1824e10,0.51,false,false,near_mint,en,EUR,2026-04-20T19:17:08.222Z
Pool - Old,binder,Leaden Myr,MRD,Mirrodin,191,normal,common,1,29854,555efe5f-848f-44da-92b5-69c8e852f179,1.33,false,false,near_mint,en,EUR,2026-04-20T19:17:08.205Z
Pool - Old,binder,Disciple of the Vault,MRD,Mirrodin,62,normal,common,3,29983,644359dc-3c4c-4291-876d-7390dc466877,0.79,false,false,near_mint,en,EUR,2026-04-20T19:17:08.201Z
Pool - Old,binder,Tanglebloom,9ED,Ninth Edition,311,normal,uncommon,2,28052,eb8ff237-dac6-4c79-9d8c-b047d60083e8,0.08,false,false,near_mint,en,EUR,2026-04-20T19:17:08.221Z
Pool - Old,binder,Tower of Eons,MRD,Mirrodin,266,normal,rare,1,29779,0eb67150-53e4-4164-bea5-dd3659469b8e,0.37,false,false,near_mint,en,EUR,2026-04-20T19:17:08.215Z
Pool - Old,binder,Steel Wall,MRD,Mirrodin,248,normal,common,1,29797,3d641aaf-e2ff-4ccb-9e4e-27bbfc31ba8c,0.29,false,false,near_mint,en,EUR,2026-04-20T19:17:08.204Z
Pool - Old,binder,Kjeldoran Dead,6ED,Classic Sixth Edition,140,normal,common,1,35237,37dff6e2-4280-494b-9647-9ec85248ac77,0.14,false,false,near_mint,en,EUR,2026-04-20T19:17:08.214Z
Pool - Old,binder,Sever Soul,8ED,Eighth Edition,162,normal,uncommon,1,30374,df1cb775-3a45-4f2c-9c45-febda6434c59,0.03,false,false,near_mint,en,EUR,2026-04-20T19:17:08.210Z
Pool - Old,binder,Slith Bloodletter,MRD,Mirrodin,77,normal,uncommon,1,29968,22a04ccb-cb57-4548-81db-e1b77b09f5da,0.04,false,false,near_mint,en,EUR,2026-04-20T19:17:08.219Z
Pool - Old,binder,Zombify,ARC,Archenemy,29,normal,uncommon,1,21532,caa1609c-1609-449a-9ab5-c259568c4fcc,0.84,false,false,near_mint,en,EUR,2026-04-20T19:17:08.255Z
Pool - Old,binder,Slagwurm Armor,MRD,Mirrodin,243,normal,common,1,29802,684a6e3f-909a-4ca0-a6aa-7354b9476df2,0.22,false,false,near_mint,en,EUR,2026-04-20T19:17:08.216Z
Pool - Old,binder,Gnarled Mass,BOK,Betrayers of Kamigawa,127,normal,common,1,28582,5c28728d-4839-4cdf-91d4-b9fb4b5d0449,0.09,false,false,near_mint,en,EUR,2026-04-24T18:45:01.040Z
Pool - Old,binder,Lifespark Spellbomb,MRD,Mirrodin,197,normal,common,1,29848,0adde668-67af-4a08-a36a-2a49893ab20d,0.06,false,false,near_mint,en,EUR,2026-04-24T18:45:01.045Z
Pool - Old,binder,Battlegrowth,MRD,Mirrodin,113,normal,common,2,29932,2b34e76b-86b3-464e-93e7-c3f2074028fb,0.06,false,false,near_mint,en,EUR,2026-04-24T18:45:01.063Z
Pool - Old,binder,Petalmane Baku,BOK,Betrayers of Kamigawa,139,normal,common,1,28570,7c7ba032-66d6-41bd-af4f-9853b031a474,0.12,false,false,near_mint,en,EUR,2026-04-24T18:45:01.091Z
Pool - Old,binder,Norwood Ranger,9ED,Ninth Edition,260,normal,common,2,28103,4ebf3a7c-e065-468b-a73c-6f986cde3a3d,0.07,false,false,near_mint,en,EUR,2026-04-24T18:45:01.016Z
Pool - Old,binder,Centaur Rootcaster,JUD,Judgment,109,normal,common,1,31489,3f10dfd9-9889-4d9e-872a-07623dee6b6b,0.16,false,false,near_mint,en,EUR,2026-04-24T18:45:01.055Z
Pool - Old,binder,Wurmskin Forger,MRD,Mirrodin,140,normal,common,1,29905,f14f303e-371b-47dd-bbb8-7f3e44ef9af0,0.05,false,false,near_mint,en,EUR,2026-04-24T18:45:01.038Z
Pool - Old,binder,Viridian Acolyte,DST,Darksteel,89,normal,common,1,29572,64448241-978c-43e0-b0ea-b4bb3e25b715,0.07,false,false,near_mint,en,EUR,2026-04-24T18:45:01.050Z
Pool - Old,binder,Rampant Growth,7ED,Seventh Edition,262,normal,common,1,32544,c305376d-fcfb-48a1-947f-a9eec0dbc610,0.44,false,false,near_mint,en,EUR,2026-04-24T18:45:01.077Z
Pool - Old,binder,Venomous Vines,JUD,Judgment,136,normal,common,1,31462,db10359c-1ea8-4453-bc01-f638ad20a5ec,0.04,false,false,near_mint,en,EUR,2026-04-24T18:45:01.020Z
Pool - Old,binder,Monstrous Growth,8ED,Eighth Edition,266,normal,common,1,30270,7e5a2687-af7a-42ad-8938-f3534c7da222,0.02,false,false,near_mint,en,EUR,2026-04-24T18:45:01.076Z
Pool - Old,binder,Rampant Growth,6ED,Classic Sixth Edition,246,normal,common,1,35131,21061c59-f8f3-4d47-9996-6f75ef27bd4e,0.08,false,false,near_mint,en,EUR,2026-04-24T18:45:01.079Z
Pool - Old,binder,Elvish Pioneer,8ED,Eighth Edition,243,normal,common,2,30293,88244522-1cf3-40a6-9ff7-bb78f2151b60,0.2,false,false,near_mint,en,EUR,2026-04-24T18:45:01.021Z
Pool - Old,binder,Tyrranax,5DN,Fifth Dawn,98,normal,common,1,29397,5cb0cc0e-f71f-456f-a6ec-6a70cf838c35,0.06,false,false,near_mint,en,EUR,2026-04-24T18:45:01.036Z
Pool - Old,binder,Llanowar Elves,6ED,Classic Sixth Edition,239,normal,common,1,35138,bb95a9a7-b0a3-4199-8c05-2519ccda738b,0.24,false,false,near_mint,en,EUR,2026-04-24T18:45:01.089Z
Pool - Old,binder,Grizzly Fate,JUD,Judgment,119,normal,uncommon,1,31479,92d23432-6181-44c3-8d36-d7632a8a329f,0.32,false,false,near_mint,en,EUR,2026-04-24T18:45:01.073Z
Pool - Old,binder,Tranquility,7ED,Seventh Edition,276,normal,common,1,32530,22b3f289-7999-4e47-82c6-a7c96293d4f8,0.06,false,false,near_mint,en,EUR,2026-04-24T18:45:01.082Z
Pool - Old,binder,Grizzly Bears,10E,Tenth Edition,268,normal,common,6,25788,409f9b88-f03e-40b6-9883-68c14c37c0de,0.1,false,false,near_mint,en,EUR,2026-04-24T18:45:01.019Z
Pool - Old,binder,One Dozen Eyes,C13,Commander 2013,159,normal,uncommon,1,15227,451f317f-f587-4187-9e02-6ac5d7ae9cd8,0.16,false,false,near_mint,en,EUR,2026-04-24T18:45:01.086Z
Pool - Old,binder,Tel-Jilad Lifebreather,5DN,Fifth Dawn,96,normal,common,1,29399,ee58a5ef-68ec-48cf-bb7e-73bcbe86cc3c,0.03,false,false,near_mint,en,EUR,2026-04-24T18:45:01.039Z
Pool - Old,binder,Journey of Discovery,MRD,Mirrodin,123,normal,common,2,29922,a3f4356f-8cfb-43ed-bdf9-6191bb563388,0.1,false,false,near_mint,en,EUR,2026-04-24T18:45:01.057Z
Pool - Old,binder,Naturalize,8ED,Eighth Edition,270,normal,common,1,30266,7e1e905d-a911-40a7-a793-8535e840230e,0.11,false,false,near_mint,en,EUR,2026-04-24T18:45:01.052Z
Pool - Old,binder,Joyous Respite,CHK,Champions of Kamigawa,216,normal,common,1,29009,1e33847f-fa55-4b2e-9d88-9a9e118b5cc8,0.07,false,false,near_mint,en,EUR,2026-04-24T18:45:01.023Z
Pool - Old,binder,Reclaim,7ED,Seventh Edition,263,normal,common,1,32543,045e9ca4-ece8-49c2-b022-fb61f4b8b635,0.2,false,false,near_mint,en,EUR,2026-04-24T18:45:01.096Z
Pool - Old,binder,Burr Grafter,CHK,Champions of Kamigawa,203,normal,common,1,29022,935e52a1-a651-4d88-99a8-7de074a01576,0.07,false,false,near_mint,en,EUR,2026-04-24T18:45:01.084Z
Pool - Old,binder,Anaconda,7ED,Seventh Edition,229,normal,uncommon,1,32577,5eb01c40-8fd7-483f-a0da-e1a3db6c93ef,0.23,false,false,near_mint,en,EUR,2026-04-24T18:45:01.087Z
Pool - Old,binder,Treefolk Seedlings,7ED,Seventh Edition,277,normal,uncommon,1,32529,4c275bdc-e960-4b6f-a8d3-b662739113c1,0.25,false,false,near_mint,en,EUR,2026-04-24T18:45:01.061Z
Pool - Old,binder,Wood Elves,CMA,Commander Anthology,170,normal,common,1,5116,77f95da2-cbc4-4430-adb7-75f4c469d98e,0.24,false,false,near_mint,en,EUR,2026-04-24T18:45:01.027Z
Pool - Old,binder,Tel-Jilad Exile,MRD,Mirrodin,133,normal,common,2,29912,e3529277-8409-45fe-9f29-64354597e918,0.02,false,false,near_mint,en,EUR,2026-04-24T18:45:01.029Z
Pool - Old,binder,Giant Spider,8ED,Eighth Edition,255,normal,common,1,30281,4632f3d9-9cdf-4871-9771-e8a8b1eaed52,0.07,false,false,near_mint,en,EUR,2026-04-24T18:45:01.026Z
Pool - Old,binder,Turn to Dust,MRD,Mirrodin,137,normal,common,2,29908,fcfcb643-bbd1-419a-b1a8-daae1062c8bc,0.06,false,false,near_mint,en,EUR,2026-04-24T18:45:01.018Z
Pool - Old,binder,Lure,8ED,Eighth Edition,263,normal,uncommon,1,30273,a5362cf9-a55b-4df5-941e-d738a68281cf,0.16,false,false,near_mint,en,EUR,2026-04-24T18:45:01.017Z
Pool - Old,binder,Wild Growth,7ED,Seventh Edition,282,normal,common,1,32524,515daaba-c063-41d5-9539-25b8c8cb639c,0.38,false,false,near_mint,en,EUR,2026-04-24T18:45:01.054Z
Pool - Old,binder,Groffskithur,MRD,Mirrodin,121,normal,common,1,29924,75e84098-c15c-40f4-9d8a-3fa5da26a268,0.04,false,false,near_mint,en,EUR,2026-04-24T18:45:01.092Z
Pool - Old,binder,Fyndhorn Elder,8ED,Eighth Edition,251,normal,uncommon,1,30285,81c125cd-ea49-4511-a78c-42c1f7ce802d,0.1,false,false,near_mint,en,EUR,2026-04-24T18:45:01.093Z
Pool - Old,binder,Viridian Joiner,MRD,Mirrodin,138,normal,common,1,29907,b50679df-bf82-4bb2-9fe3-8ebd7a9decde,0.3,false,false,near_mint,en,EUR,2026-04-24T18:45:01.025Z
Pool - Old,binder,Vital Surge,BOK,Betrayers of Kamigawa,150,normal,common,1,28559,ba28f326-67d1-4afb-90fe-e9f036210942,0.12,false,false,near_mint,en,EUR,2026-04-24T18:45:01.053Z
Pool - Old,binder,Wing Snare,W17,Welcome Deck 2017,30,normal,uncommon,1,5839,a58e1c71-b0e1-4c03-97cc-330e3ef94e52,0.08,false,false,near_mint,en,EUR,2026-04-24T18:45:01.070Z
Pool - Old,binder,Llanowar Behemoth,8ED,Eighth Edition,261,normal,uncommon,1,30275,05ce566a-9385-47a5-8420-f3ffcd88eae9,0.04,false,false,near_mint,en,EUR,2026-04-24T18:45:01.058Z
Pool - Old,binder,Sylvan Scrying,MRD,Mirrodin,130,normal,uncommon,2,29915,b4ff07b6-be9f-498f-9f36-cbd64f1b10cc,0.39,false,false,near_mint,en,EUR,2026-04-24T18:45:01.032Z
Pool - Old,binder,Tel-Jilad Chosen,MRD,Mirrodin,132,normal,common,2,29913,eefea84f-d657-491d-b60d-63e6a61e9eb2,0.04,false,false,near_mint,en,EUR,2026-04-24T18:45:01.041Z
Pool - Old,binder,Viridian Scout,5DN,Fifth Dawn,100,normal,common,2,29395,3260a427-b67f-4908-8c56-5c0fab009598,0.06,false,false,near_mint,en,EUR,2026-04-24T18:45:01.056Z
Pool - Old,binder,Sylvan Scrying,MRD,Mirrodin,130,normal,uncommon,1,29915,b4ff07b6-be9f-498f-9f36-cbd64f1b10cc,0.33,false,false,near_mint,en,EUR,2026-04-24T18:45:01.097Z
Pool - Old,binder,Deconstruct,MRD,Mirrodin,118,normal,common,1,29927,53face79-d2bf-43dd-aa4e-d724c2b68c49,0.09,false,false,near_mint,en,EUR,2026-04-24T18:45:01.064Z
Pool - Old,binder,Revive,MM3,Modern Masters 2017,133,normal,common,1,6080,1b365778-1678-4c1f-ae32-7671a1429a3e,0.06,false,false,near_mint,en,EUR,2026-04-24T18:45:01.072Z
Pool - Old,binder,Enormous Baloth,M10,Magic 2010,180,normal,uncommon,2,23173,54069e65-eef4-4fb8-bb0d-932a4c9889b3,0.15,false,false,near_mint,en,EUR,2026-04-24T18:45:01.067Z
Pool - Old,binder,Giant Growth,8ED,Eighth Edition,254,normal,common,1,30282,1210c342-1473-44ae-bcaa-e6b3ef9aea90,0.11,false,false,near_mint,en,EUR,2026-04-24T18:45:01.074Z
Pool - Old,binder,Harvester Druid,JUD,Judgment,120,normal,common,1,31478,97337e6e-1b3f-43a2-91f2-ca8f6c5dea88,0.08,false,false,near_mint,en,EUR,2026-04-24T18:45:01.024Z
Pool - Old,binder,Canopy Spider,M20,Core Set 2020,339,normal,common,1,45121,0ae7fabb-dcb6-4c21-87ee-2893b63814be,0.16,false,false,near_mint,en,EUR,2026-04-24T18:45:01.047Z
Pool - Old,binder,Slith Predator,MRD,Mirrodin,129,foil,uncommon,1,29916,14bae45c-eaa8-4c6d-8042-df5cf26e294f,0.26,false,false,near_mint,en,EUR,2026-04-24T18:45:01.062Z
Pool - Old,binder,Lifespinner,BOK,Betrayers of Kamigawa,133,normal,uncommon,1,28576,c6a83083-f7c6-4ddf-aee9-538a1778697d,0.23,false,false,near_mint,en,EUR,2026-04-24T18:45:01.066Z
Pool - Old,binder,Hundroog,LGN,Legions,129,normal,common,1,30705,f525c356-88ca-4e2e-8f06-663be101e34f,0.12,false,false,near_mint,en,EUR,2026-04-24T18:45:01.060Z
Pool - Old,binder,Tel-Jilad Archers,MRD,Mirrodin,131,normal,common,1,29914,3a1fde33-e86a-4146-9c90-4616a5fc0868,0.03,false,false,near_mint,en,EUR,2026-04-24T18:45:01.051Z
Pool - Old,binder,Craw Wurm,8ED,Eighth Edition,239,normal,common,2,30297,9edc5392-0529-471c-858f-5602aabb626c,0.07,false,false,near_mint,en,EUR,2026-04-24T18:45:01.048Z
Pool - Old,binder,Shinka Gatekeeper,BOK,Betrayers of Kamigawa,117,normal,common,1,28592,8fdaf49b-9524-4824-807e-c40fcb381742,0.07,false,false,near_mint,en,EUR,2026-04-24T18:54:18.595Z
Pool - Old,binder,Arcane Teachings,JUD,Judgment,78,normal,common,1,31520,02c56677-c8e2-4500-9ee0-0b102496f454,0.09,false,false,near_mint,en,EUR,2026-04-24T18:54:18.584Z
Pool - Old,binder,Anaba Bodyguard,6ED,Classic Sixth Edition,164,normal,common,1,35213,13c21e32-6f43-4475-bd9e-472ca8cbd4a6,0.11,false,false,near_mint,en,EUR,2026-04-24T18:54:18.555Z
Pool - Old,binder,Pardic Swordsmith,ODY,Odyssey,213,normal,common,1,31964,44ac622c-db04-41bf-817e-4698843e6346,0.06,false,false,near_mint,en,EUR,2026-04-24T18:54:18.529Z
Pool - Old,binder,Goblin Cohort,BOK,Betrayers of Kamigawa,106,normal,common,1,28603,8964afec-50a9-45c4-bd2b-d06f8e75f4ae,0.14,false,false,near_mint,en,EUR,2026-04-24T18:54:18.545Z
Pool - Old,binder,Branded Brawlers,PCY,Prophecy,84,normal,common,1,33596,90a48065-fbf1-4f2a-993e-7061057a4c45,0.06,false,false,near_mint,en,EUR,2026-04-24T18:54:18.621Z
Pool - Old,binder,Goblin Raider,7ED,Seventh Edition,192,normal,common,3,32614,3315d75d-08dc-456c-a8e7-fe3136bf1a6b,0.09,false,false,near_mint,en,EUR,2026-04-24T18:54:18.558Z
Pool - Old,binder,Fill with Fright,5DN,Fifth Dawn,50,normal,common,1,29445,e682bbd3-9f52-452d-b886-a6a8def35f27,0.04,false,false,near_mint,en,EUR,2026-04-24T19:01:24.787Z
Pool - Old,binder,Word of Blasting,MMQ,Mercadian Masques,228,normal,uncommon,1,34182,c5362ead-9162-4160-bfa9-432f7d0e222d,0.1,false,false,near_mint,en,EUR,2026-04-24T18:54:18.535Z
Pool - Old,binder,Mesmeric Fiend,TOR,Torment,69,normal,common,4,31672,b6edd4ea-c587-4d93-a675-4cdec3e0b1ca,2.96,false,false,near_mint,en,EUR,2026-04-24T19:01:24.814Z
Pool - Old,binder,Orcish Oriflamme,6ED,Classic Sixth Edition,197,normal,uncommon,1,35180,11192972-eb57-4042-83f2-2470b49940b8,0.15,false,false,near_mint,en,EUR,2026-04-24T18:54:18.603Z
Pool - Old,binder,Goblin Elite Infantry,7ED,Seventh Edition,187,normal,common,1,32619,3f5b7dfe-f24b-4d73-813f-f63c926f3672,0.03,false,false,near_mint,en,EUR,2026-04-24T18:54:18.571Z
Pool - Old,binder,Goblin Raider,9ED,Ninth Edition,S8,normal,common,2,28357,f026d65f-c365-475b-9454-e9935af00ec4,0.1,false,false,near_mint,en,EUR,2026-04-24T18:54:18.605Z
Pool - Old,binder,Terror,BTD,Beatdown Box Set,33,normal,common,1,33390,338b25bf-24ac-44ff-99bd-86862855aaab,0.48,false,false,near_mint,en,EUR,2026-04-24T19:01:24.822Z
Pool - Old,binder,Raise Dead,6ED,Classic Sixth Edition,152,normal,common,1,35225,71bb239e-4517-4add-a660-a89095e40a8e,0.08,false,false,near_mint,en,EUR,2026-04-24T19:01:24.827Z
Pool - Old,binder,Goblin Matron,7ED,Seventh Edition,191,normal,uncommon,1,32615,862409e1-33e0-474c-8627-b03d25b654b9,27.38,false,false,near_mint,en,EUR,2026-04-24T18:54:18.538Z
Pool - Old,binder,Spur Grappler,PCY,Prophecy,104,normal,common,1,33576,50bf91a7-4d04-437c-a290-6adb52f25312,0.06,false,false,near_mint,en,EUR,2026-04-24T18:54:18.587Z
Pool - Old,binder,Skirk Marauder,LGN,Legions,113,normal,common,1,30721,bbd2ff12-c6f7-4986-801f-225ad6f59278,0.05,false,false,near_mint,en,EUR,2026-04-24T18:54:18.564Z
Pool - Old,binder,Pyrotechnics,6ED,Classic Sixth Edition,199,normal,common,1,35178,76b4cb5f-a9f0-41a1-b9a8-ea483e12633f,0.1,false,false,near_mint,en,EUR,2026-04-24T18:54:18.582Z
Pool - Old,binder,Uncontrollable Anger,CHK,Champions of Kamigawa,195,normal,common,1,29030,83fca4fa-d0e1-41c4-999a-9804786eacbb,0.05,false,false,near_mint,en,EUR,2026-04-24T18:54:18.524Z
Pool - Old,binder,Goblin Glider,8ED,Eighth Edition,189,normal,uncommon,1,30347,82db30ff-5f50-41b1-acdf-0a0e1a364410,0.11,false,false,near_mint,en,EUR,2026-04-24T18:54:18.607Z
Pool - Old,binder,Dwarven Grunt,ODY,Odyssey,185,normal,common,1,31992,6f00d726-4289-48ff-8c14-6a5080a00fda,0.37,false,false,near_mint,en,EUR,2026-04-24T18:54:18.528Z
Pool - Old,binder,Soul Burn,INV,Invasion,124,normal,common,1,33209,70515cd2-97d5-4491-a758-bc7188fdc6dc,0.11,false,false,near_mint,en,EUR,2026-04-24T19:01:24.804Z
Pool - Old,binder,Mogg Toady,NEM,Nemesis,95,normal,common,1,33787,ee8edaf6-d46e-4efb-8bc0-ec11e06eb499,0.09,false,false,near_mint,en,EUR,2026-04-24T18:54:18.565Z
Pool - Old,binder,Forge Armor,MRD,Mirrodin,92,normal,uncommon,3,29953,2873b6d5-af76-498c-bc2d-a26c36be3cbd,0.05,false,false,near_mint,en,EUR,2026-04-24T18:54:18.525Z
Pool - Old,binder,Spikeshot Goblin,MRD,Mirrodin,108,normal,common,2,29937,147c826a-b664-4afa-ae7f-284ddce80861,0.09,false,false,near_mint,en,EUR,2026-04-24T18:54:18.589Z
Pool - Old,binder,Enfeeblement,9ED,Ninth Edition,127,normal,common,1,28236,4adaf0bf-b26d-4166-8809-431283690de7,0.04,false,false,near_mint,en,EUR,2026-04-24T19:01:24.819Z
Pool - Old,binder,Atog,MRD,Mirrodin,86,normal,uncommon,2,29959,a15397bc-c400-4f8d-b206-08a4d65e76ff,0.25,false,false,near_mint,en,EUR,2026-04-24T18:54:18.579Z
Pool - Old,binder,Stone Rain,MMQ,Mercadian Masques,215,normal,common,1,34195,29cd7ded-9249-42c8-bb17-4c6b8cd2a9cc,0.19,false,false,near_mint,en,EUR,2026-04-24T18:54:18.616Z
Pool - Old,binder,Hunted Wumpus,8ED,Eighth Edition,258,normal,uncommon,2,30278,edda2de4-22f6-4d33-b182-3ae5d105f1f6,0.09,false,false,near_mint,en,EUR,2026-04-24T18:45:01.094Z
Pool - Old,binder,Stone Rain,9ED,Ninth Edition,221,normal,common,1,28142,d2334c10-fa96-4f8e-8187-c7ecc00cbac8,0.16,false,false,near_mint,en,EUR,2026-04-24T18:54:18.602Z
Pool - Old,binder,Shrapnel Blast,MRD,Mirrodin,106,normal,uncommon,1,29939,056affab-4e2a-4b68-b864-d879becd3c45,0.33,false,false,near_mint,en,EUR,2026-04-24T18:54:18.534Z
Pool - Old,binder,Detonate,MRD,Mirrodin,88,normal,uncommon,1,29957,237eedf5-8a8f-4668-a911-e2bf66f8221e,0.05,false,false,near_mint,en,EUR,2026-04-24T18:54:18.536Z
Pool - Old,binder,Seething Song,MRD,Mirrodin,104,normal,common,1,29941,9213d580-7953-455f-abbe-99d3db2705cf,3.05,false,false,near_mint,en,EUR,2026-04-24T18:54:18.623Z
Pool - Old,binder,Goblin Hero,6ED,Classic Sixth Edition,184,normal,common,1,35193,b39f3d36-6648-4e3c-bd9d-336479d1ad72,0.1,false,false,near_mint,en,EUR,2026-04-24T18:54:18.557Z
Pool - Old,binder,Ravenous Rats,8ED,Eighth Edition,158,normal,common,1,30378,0ee0ece8-2598-40d4-a222-27e3b34c01a1,0.11,false,false,near_mint,en,EUR,2026-04-24T19:01:24.809Z
Pool - Old,binder,Shatter,MRD,Mirrodin,105,normal,common,3,29940,84b3d7e6-df52-4cd1-92e7-5dfe8b0a9d9e,0.03,false,false,near_mint,en,EUR,2026-04-24T18:54:18.548Z
Pool - Old,binder,Fleshgrafter,5DN,Fifth Dawn,51,normal,common,1,29444,01095217-bc33-4d71-bf10-2ead9f8ebd25,0.02,false,false,near_mint,en,EUR,2026-04-24T19:01:24.790Z
Pool - Old,binder,Mind Extraction,APC,Apocalypse,42,normal,common,1,32414,7d77ddcc-e66b-4036-8a55-ec42953918d1,0.22,false,false,near_mint,en,EUR,2026-04-24T19:01:24.799Z
Pool - Old,binder,Ogre Leadfoot,MRD,Mirrodin,102,normal,common,3,29943,e3c77744-3a86-46cf-9e0f-5a217a1c08b9,0.02,false,false,near_mint,en,EUR,2026-04-24T18:54:18.543Z
Pool - Old,binder,Goblin Striker,MRD,Mirrodin,94,normal,common,1,29951,f7654d8a-7013-4311-b29e-b55aaa1bf502,0.09,false,false,near_mint,en,EUR,2026-04-24T18:54:18.566Z
Pool - Old,binder,Wall of Blood,MRD,Mirrodin,82,normal,uncommon,1,29963,17320043-f81c-4e14-b9ba-c1309972c22b,0.39,false,false,near_mint,en,EUR,2026-04-24T19:01:24.830Z
Pool - Old,binder,Unforge,DST,Darksteel,71,normal,common,1,29590,d369a3da-3424-4984-a50a-59fd9c3d689e,0.04,false,false,near_mint,en,EUR,2026-04-24T18:54:18.627Z
Pool - Old,binder,Bone Harvest,MIR,Mirage,108,normal,common,1,38482,1cfde1ca-52f9-477d-a36e-6e4f7ca2e4d8,0.29,false,false,near_mint,en,EUR,2026-04-24T19:01:24.805Z
Pool - Old,binder,Uphill Battle,MMQ,Mercadian Masques,222,normal,uncommon,1,34188,73fa3455-3ba0-41ad-aefd-40f183aed2a6,0.48,false,false,near_mint,en,EUR,2026-04-24T18:54:18.608Z
Pool - Old,binder,Rend Spirit,CHK,Champions of Kamigawa,141,normal,common,1,29085,100f0235-a7fe-4e23-b154-3d30668a29a7,0.04,false,false,near_mint,en,EUR,2026-04-24T19:01:24.801Z
Pool - Old,binder,Krark-Clan Stoker,DST,Darksteel,65,normal,common,1,29596,a90da818-ffa1-435d-8734-fc7a1330d323,0.14,false,false,near_mint,en,EUR,2026-04-24T18:54:18.550Z
Pool - Old,binder,Blind Creeper,5DN,Fifth Dawn,42,normal,common,1,29453,86d5440a-7460-4b4f-a167-a6c4fb2d855e,0.04,false,false,near_mint,en,EUR,2026-04-24T19:01:24.806Z
Pool - Old,binder,Bog Imp,9ED,Ninth Edition,116,normal,common,1,28247,846f5cda-3d93-4dfd-b1c3-1dff7b814d98,0.06,false,false,near_mint,en,EUR,2026-04-24T19:01:24.813Z
Pool - Old,binder,Razortooth Rats,7ED,Seventh Edition,158,normal,common,1,32648,68064995-c1e4-4ea7-b6b7-246ce49e2cf4,0.13,false,false,near_mint,en,EUR,2026-04-24T19:01:24.789Z
Pool - Old,binder,Krark-Clan Grunt,MRD,Mirrodin,97,normal,common,2,29948,ffd9e422-206e-4c25-9964-ed6592c16e12,0.06,false,false,near_mint,en,EUR,2026-04-24T18:54:18.547Z
Pool - Old,binder,Rustmouth Ogre,MRD,Mirrodin,103,normal,uncommon,1,29942,3f8bd0c9-6b3a-489e-bf4d-b2062d530b55,0.06,false,false,near_mint,en,EUR,2026-04-24T18:54:18.537Z
Pool - Old,binder,Vulshok Battlemaster,MRD,Mirrodin,110,normal,rare,1,29935,083f3b83-b7d3-472f-87b2-ed247c9c937e,0.18,false,false,near_mint,en,EUR,2026-04-24T18:54:18.622Z
Pool - Old,binder,Electrostatic Bolt,MRD,Mirrodin,89,normal,common,2,29956,c455c8d4-6f20-4dcb-8e82-c2bb70d6bc3e,0.08,false,false,near_mint,en,EUR,2026-04-24T18:54:18.549Z
Pool - Old,binder,Ogre Taskmaster,7ED,Seventh Edition,203,normal,uncommon,1,32603,6b2229fe-5b8f-42c0-bfe6-2c0c3d84624a,0.09,false,false,near_mint,en,EUR,2026-04-24T18:54:18.604Z
Pool - Old,binder,Nim Lasher,MRD,Mirrodin,71,normal,common,1,29974,7b66c698-02bd-48ef-a866-5251bdc02c16,0.03,false,false,near_mint,en,EUR,2026-04-24T19:01:24.791Z
Pool - Old,binder,Giant Strength,6ED,Classic Sixth Edition,181,normal,common,1,35196,e28f7c1c-1d75-4d78-8577-1e98cf8e0703,0.14,false,false,near_mint,en,EUR,2026-04-24T18:54:18.553Z
Pool - Old,binder,Wall of Stone,8ED,Eighth Edition,232,normal,uncommon,1,30304,718da336-ad97-41a6-86bd-4f124e2cc716,0.13,false,false,near_mint,en,EUR,2026-04-24T18:54:18.541Z
Pool - Old,binder,Scathe Zombies,6ED,Classic Sixth Edition,154,normal,common,1,35223,6e992239-691b-4bb2-a005-c73c24a52a9b,0.09,false,false,near_mint,en,EUR,2026-04-24T19:01:24.788Z
Pool - Old,binder,Horobi's Whisper,BOK,Betrayers of Kamigawa,70,normal,common,1,28639,1aad5179-4b73-498e-85c5-1fc363d26223,0.06,false,false,near_mint,en,EUR,2026-04-24T19:01:24.798Z
Pool - Old,binder,Incinerate,MIR,Mirage,184,normal,common,1,38406,409b2be8-5bb6-45e0-ab87-ca73b4e3a396,0.23,false,false,near_mint,en,EUR,2026-04-24T18:54:18.570Z
Pool - Old,binder,Seal of Doom,NEM,Nemesis,70,normal,common,1,33812,396d9f58-a4ca-4197-94be-0f115427224e,0.18,false,false,near_mint,en,EUR,2026-04-24T19:01:24.802Z
Pool - Old,binder,Lightning Blast,8ED,Eighth Edition,200,normal,uncommon,1,30336,a20fee0e-93b8-4dc0-b156-8237271ae66c,0.03,false,false,near_mint,en,EUR,2026-04-24T18:54:18.575Z
Pool - Old,binder,Psychic Spear,BOK,Betrayers of Kamigawa,78,normal,common,1,28631,1c2f024b-e77e-426b-930e-85b87e046f9b,0.03,false,false,near_mint,en,EUR,2026-04-24T19:01:24.826Z
Pool - Old,binder,Skinthinner,LGN,Legions,80,normal,common,1,30754,89b8c392-da68-4894-b6e8-eb430141a0d7,0.02,false,false,near_mint,en,EUR,2026-04-24T19:01:24.808Z
Pool - Old,binder,Fear,10E,Tenth Edition,142,normal,common,1,25951,d8fa57eb-e307-4104-a291-c6cbfa235816,0.12,false,false,near_mint,en,EUR,2026-04-24T19:01:24.820Z
Pool - Old,binder,Echoing Decay,DST,Darksteel,41,normal,common,1,29620,f8e688e7-8350-4b78-bd49-a6ffdedad556,0.28,false,false,near_mint,en,EUR,2026-04-24T19:01:24.823Z
Pool - Old,binder,Pardic Firecat,ODY,Odyssey,211,normal,common,1,31966,16858395-c742-4657-88c2-5af20c92718d,0.21,false,false,near_mint,en,EUR,2026-04-24T18:54:18.531Z
Pool - Old,binder,Orcish Artillery,8ED,Eighth Edition,207,normal,uncommon,1,30329,d5d114ae-f574-45dd-903b-7d46d1121294,0.06,false,false,near_mint,en,EUR,2026-04-24T18:54:18.546Z
Pool - Old,binder,Petravark,TOR,Torment,109,normal,common,2,31632,ffc98d09-439e-426b-8403-4a3e12167336,0.09,false,false,near_mint,en,EUR,2026-04-24T18:54:18.530Z
Pool - Old,binder,Shock,7ED,Seventh Edition,219,normal,common,1,32587,ea653772-a5fe-4416-bef3-fd41133371db,0.11,false,false,near_mint,en,EUR,2026-04-24T18:54:18.618Z
Pool - Old,binder,Macetail Hystrodon,LGN,Legions,106,normal,common,1,30728,8451ab3f-5d61-4f35-ab70-5a5060caf53d,0.06,false,false,near_mint,en,EUR,2026-04-24T18:54:18.568Z
Pool - Old,binder,Goblin Lookout,LGN,Legions,101,normal,common,2,30733,23bbe84a-8857-467a-a4a1-e57086cc9501,0.42,false,false,near_mint,en,EUR,2026-04-24T18:54:18.588Z
Pool - Old,binder,Zap,INV,Invasion,180,normal,common,2,33153,7502ce01-b762-40fe-a064-c7b20b08a722,0.09,false,false,near_mint,en,EUR,2026-04-24T18:54:18.615Z
Pool - Old,binder,Torrent of Stone,BOK,Betrayers of Kamigawa,119,normal,common,1,28590,716ae2ca-800a-4cc0-8cb1-fe8d6495306f,0.06,false,false,near_mint,en,EUR,2026-04-24T18:54:18.540Z
Pool - Old,binder,Rhystic Lightning,PCY,Prophecy,99,normal,common,1,33581,21ce365e-3002-42e9-aeb5-1b845408271e,0.02,false,false,near_mint,en,EUR,2026-04-24T18:54:18.611Z
Pool - Old,binder,Toxic Stench,JUD,Judgment,74,normal,common,1,31524,8c4d1f59-0dba-4b83-8386-ae564fb4b771,0.09,false,false,near_mint,en,EUR,2026-04-24T19:01:24.821Z
Pool - Old,binder,Drudge Skeletons,10E,Tenth Edition,139,normal,uncommon,1,25956,01e71542-b9c1-4431-bfef-da629a3edc57,0.06,false,false,near_mint,en,EUR,2026-04-24T19:01:24.811Z
Pool - Old,binder,Moriok Scavenger,MRD,Mirrodin,68,normal,common,1,29977,0f27426b-3679-44e4-9249-f57b92baa3f3,0.04,false,false,near_mint,en,EUR,2026-04-24T19:01:24.779Z
Pool - Old,binder,Molten Rain,MRD,Mirrodin,101,normal,common,1,29944,f888b4d4-31f9-4322-8225-4d7e7a9f4dd5,0.26,false,false,near_mint,en,EUR,2026-04-24T18:54:18.626Z
Pool - Old,binder,Sootfeather Flock,LGN,Legions,82,normal,common,1,30752,216a2ccc-8847-452b-b030-27d8506675bd,0.07,false,false,near_mint,en,EUR,2026-04-24T19:01:24.774Z
Pool - Old,binder,Blind Fury,MIR,Mirage,158,normal,uncommon,1,38432,0ff91a17-0a5f-456f-a431-8505ba29e679,0.07,false,false,near_mint,en,EUR,2026-04-24T18:54:18.614Z
Pool - Old,binder,Anaba Shaman,8ED,Eighth Edition,175,normal,common,1,30361,f3c2a5d1-cdf0-4551-aad0-c6590fb3c018,0.04,false,false,near_mint,en,EUR,2026-04-24T18:54:18.577Z
Pool - Old,binder,Fractured Loyalty,MRD,Mirrodin,93,normal,uncommon,1,29952,5c7ce5d5-e51a-4dbc-82f2-b79c88769a7b,0.06,false,false,near_mint,en,EUR,2026-04-24T18:54:18.533Z
Pool - Old,binder,Uproot,BOK,Betrayers of Kamigawa,149,normal,common,2,28560,88357572-0edd-4115-93c3-49f6f5a191b4,0.07,false,false,near_mint,en,EUR,2026-04-24T18:45:01.078Z
Pool - Old,binder,Unearthly Blizzard,CHK,Champions of Kamigawa,196,normal,common,1,29029,d034ad87-fd28-4c23-b897-1d6343ce8282,0.04,false,false,near_mint,en,EUR,2026-04-24T18:54:18.610Z
Pool - Old,binder,Nim Shrieker,MRD,Mirrodin,73,normal,common,1,29972,c3a2c39b-b302-4cc3-b507-e4fe00614036,0.05,false,false,near_mint,en,EUR,2026-04-24T19:01:24.776Z
Pool - Old,binder,Crown of Flames,INV,Invasion,142,normal,common,1,33191,5a46239c-3de7-48ca-8f5c-b51f307fd0e5,0.1,false,false,near_mint,en,EUR,2026-04-24T18:54:18.631Z
Pool - Old,binder,Spineless Thug,10E,Tenth Edition,180,normal,common,1,25904,0221a713-2fdc-4ff0-abe3-1d340d272232,0.05,false,false,near_mint,en,EUR,2026-04-24T19:01:24.807Z
Pool - Old,binder,Volcanic Hammer,9ED,Ninth Edition,226,normal,common,4,28137,9db3f454-4aeb-4e48-b961-bea760ea8ddf,0.08,false,false,near_mint,en,EUR,2026-04-24T18:54:18.542Z
Pool - Old,binder,Burning Shield Askari,MIR,Mirage,162,normal,common,1,38428,486547cd-d2e7-4c46-9f7b-81c4267d65cc,0.07,false,false,near_mint,en,EUR,2026-04-24T18:54:18.569Z
Pool - Old,binder,Goblin Sledder,ONS,Onslaught,209,normal,common,1,31094,3a9a1ecf-29f6-474e-bbcf-3455d388aa94,0.33,false,false,near_mint,en,EUR,2026-04-24T18:54:18.591Z
Pool - Old,binder,Mons's Goblin Raiders,5ED,Fifth Edition,251,normal,common,1,37755,8324c5a9-d126-4510-90ac-c6b1424137d9,0.09,false,false,near_mint,en,EUR,2026-04-24T18:54:18.576Z
Pool - Old,binder,Dross Crocodile,5DN,Fifth Dawn,47,normal,common,1,29448,85e61e00-c55b-4384-923b-a777f75cbe79,0.05,false,false,near_mint,en,EUR,2026-04-24T19:01:24.781Z
Pool - Old,binder,Incite War,MRD,Mirrodin,96,normal,common,1,29949,ee30527c-0eb1-4b66-9028-1607a960019a,0.06,false,false,near_mint,en,EUR,2026-04-24T18:54:18.581Z
Pool - Old,binder,Flashfires,9ED,Ninth Edition,183,normal,uncommon,1,28180,277e0846-237e-4117-bdd4-d2e4ae450d43,0.14,false,false,near_mint,en,EUR,2026-04-24T18:54:18.526Z
Pool - Old,binder,Mind Rot,8ED,Eighth Edition,144,normal,common,1,30392,0b780692-9c74-4283-a1ca-63f991dcc2c3,0.08,false,false,near_mint,en,EUR,2026-04-24T19:01:24.796Z
Pool - Old,binder,Ogre Taskmaster,9ED,Ninth Edition,205,normal,uncommon,1,28158,96c08378-7344-4f11-8206-bec2a72f0570,0.11,false,false,near_mint,en,EUR,2026-04-24T18:54:18.573Z
Pool - Old,binder,Tribal Flames,DDE,Duel Decks: Phyrexia vs. the Coalition,51,normal,common,1,21990,d041ec68-89cc-41bb-8339-2d785bc08357,0.13,false,false,near_mint,en,EUR,2026-04-24T18:54:18.574Z
Pool - Old,binder,Scuttling Death,CHK,Champions of Kamigawa,142,normal,common,1,29084,d8d9bf4e-3bb1-4154-b1ff-a3d8a2810c1b,0.03,false,false,near_mint,en,EUR,2026-04-24T19:01:24.775Z
Pool - Old,binder,Plague Fiend,PCY,Prophecy,73,normal,common,1,33607,11f077f5-c0b0-4e94-8599-e2122bc87238,0.05,false,false,near_mint,en,EUR,2026-04-24T19:01:24.818Z
Pool - Old,binder,Scorching Lava,INV,Invasion,164,normal,common,2,33169,2a85437f-052e-494c-a9ee-265c4624a409,0.08,false,false,near_mint,en,EUR,2026-04-24T18:54:18.613Z
Pool - Old,binder,Fists of the Anvil,10E,Tenth Edition,201,normal,common,1,25877,5fab4a7e-ef8a-4f38-b659-5598a2ead833,0.22,false,false,near_mint,en,EUR,2026-04-24T18:54:18.619Z
Pool - Old,binder,Balduvian Barbarians,9ED,Ninth Edition,174,normal,common,1,28189,caba00ff-df58-456e-8aeb-fc8b632018a6,0.07,false,false,near_mint,en,EUR,2026-04-24T18:54:18.598Z
Pool - Old,binder,Spark Elemental,10E,Tenth Edition,237,normal,uncommon,1,25831,09e7dfad-aca9-498d-bd1c-5503b411ca5f,0.24,false,false,near_mint,en,EUR,2026-04-24T18:54:18.593Z
Pool - Old,binder,Blademane Baku,BOK,Betrayers of Kamigawa,95,normal,common,1,28614,78bfd388-3648-4bc3-8c10-d6b3b79a9479,0.08,false,false,near_mint,en,EUR,2026-04-24T18:54:18.599Z
Pool - Old,binder,Brutal Deceiver,CHK,Champions of Kamigawa,161,normal,common,1,29064,e3d532b3-4bd6-4c1d-974d-789976117497,0.06,false,false,near_mint,en,EUR,2026-04-24T18:54:18.612Z
Pool - Old,binder,Infernal Caretaker,LGN,Legions,76,normal,common,1,30758,8a028a30-6242-4d87-9501-d1826ecb69b0,0.04,false,false,near_mint,en,EUR,2026-04-24T19:01:24.780Z
Pool - Old,binder,Tremor,8ED,Eighth Edition,228,normal,common,1,30308,7d47f27d-5a25-4d2a-b2a2-027b579b881b,0.07,false,false,near_mint,en,EUR,2026-04-24T18:54:18.586Z
Pool - Old,binder,Seething Song,MRD,Mirrodin,104,normal,common,1,29941,9213d580-7953-455f-abbe-99d3db2705cf,5.66,false,false,near_mint,en,EUR,2026-04-24T18:54:18.527Z
Pool - Old,binder,Reflexes,8ED,Eighth Edition,213,normal,common,1,30323,8a406184-b678-4afd-9599-d1d4f9c1d147,0.02,false,false,near_mint,en,EUR,2026-04-24T18:54:18.539Z
Pool - Old,binder,Hunter Sliver,LGN,Legions,102,normal,common,1,30732,ca9aea1a-6f50-4f66-9f36-2e214dce41b4,0.36,false,false,near_mint,en,EUR,2026-04-24T18:54:18.552Z
Pool - Old,binder,Lightning Blast,7ED,Seventh Edition,200,normal,common,1,32606,83e3c502-9e3c-41db-806c-538243dc0453,0.07,false,false,near_mint,en,EUR,2026-04-24T18:54:18.561Z
Pool - Old,binder,Screaming Fury,5DN,Fifth Dawn,78,normal,common,1,29417,7e8488b6-3785-4346-a81b-c28d355f9d25,0.06,false,false,near_mint,en,EUR,2026-04-24T18:54:18.532Z
Pool - Old,binder,Incite War,MRD,Mirrodin,96,foil,common,1,29949,ee30527c-0eb1-4b66-9028-1607a960019a,0.21,false,false,near_mint,en,EUR,2026-04-24T18:54:18.554Z
Pool - Old,binder,Kamahl's Sledge,TOR,Torment,102,normal,common,1,31639,38c55518-7bdf-4a42-ae30-cd6525557a59,0.07,false,false,near_mint,en,EUR,2026-04-24T18:54:18.606Z
Pool - Old,binder,Carnage Gladiator,MM3,Modern Masters 2017,155,normal,uncommon,1,6058,2cb4d0dd-3363-45f0-9081-7b9c8c39d63f,0.05,false,false,near_mint,en,EUR,2026-04-24T19:01:24.812Z
Pool - Old,binder,Swelter,JUD,Judgment,101,normal,uncommon,1,31497,8f667c26-40f5-4ac5-87a4-cb03f70590a2,0.09,false,false,near_mint,en,EUR,2026-04-24T18:54:18.562Z
Pool - Old,binder,Keldon Berserker,PCY,Prophecy,93,normal,common,1,33587,daa3f9c0-66ff-4b94-b0c3-e1c65d2040b9,0.05,false,false,near_mint,en,EUR,2026-04-24T18:54:18.567Z
Pool - Old,binder,Goblin Brawler,5DN,Fifth Dawn,66,normal,common,1,29429,f6586c04-f92d-4c3f-8b03-59e5ef158ed4,0.07,false,false,near_mint,en,EUR,2026-04-24T18:54:18.592Z
Pool - Old,binder,Trained Orgg,7ED,Seventh Edition,224,normal,rare,1,32582,14a83031-8b57-41d2-b586-bb4dcf16136a,0.26,false,false,near_mint,en,EUR,2026-04-24T18:54:18.625Z
Pool - Old,binder,Rain of Rust,5DN,Fifth Dawn,76,normal,common,1,29419,13a6ecc6-83c8-408b-8600-687cdb383ca9,0.04,false,false,near_mint,en,EUR,2026-04-24T18:54:18.559Z
Pool - Old,binder,Decree of Pain,SCG,Scourge,64,normal,rare,1,30624,e1958a07-fc75-41cd-ac45-d92d49587754,1.48,false,false,near_mint,en,EUR,2026-04-24T19:01:24.769Z
Pool - Old,binder,Vulshok Berserker,DDI,Duel Decks: Venser vs. Koth,53,normal,common,3,18321,1dd6e25f-e58e-4ff8-83f3-b01d5f783632,0.02,false,false,near_mint,en,EUR,2026-04-24T18:54:18.556Z
Pool - Old,binder,Takeno's Cavalry,BOK,Betrayers of Kamigawa,24,normal,common,1,28685,0cf9cd2e-5cf6-4959-abf2-56b686b636a3,0.03,false,false,near_mint,en,EUR,2026-04-24T19:08:56.588Z
Pool - Old,binder,Silverstorm Samurai,BOK,Betrayers of Kamigawa,22,normal,common,1,28687,10d2a6d9-5848-4481-a0f9-42320ff2c230,0.06,false,false,near_mint,en,EUR,2026-04-24T19:08:56.548Z
Pool - Old,binder,Blinding Beam,MRD,Mirrodin,7,normal,common,3,30038,b73f6e4c-9da7-45ec-b786-1b2f59d6b73b,0.06,false,false,near_mint,en,EUR,2026-04-24T19:08:56.556Z
Pool - Old,binder,Dehydration,10E,Tenth Edition,78,normal,common,1,26037,4414ad73-146e-47a6-926a-ec148194bb50,0.03,false,false,near_mint,en,EUR,2026-04-24T20:05:04.091Z
Pool - Old,binder,Quillmane Baku,BOK,Betrayers of Kamigawa,48,normal,common,1,28661,fe9140fc-9d50-4e63-aae6-1ba2974a25a3,0.05,false,false,near_mint,en,EUR,2026-04-24T20:05:04.106Z
Pool - Old,binder,Soul Scourge,TOR,Torment,85,normal,common,2,31656,4aa7d91b-cfbb-4da0-97fa-3c0a15f1dbb9,0.04,false,false,near_mint,en,EUR,2026-04-24T19:01:24.771Z
Pool - Old,binder,Eager Cadet,8ED,Eighth Edition,S1,normal,common,2,30541,81a5ec5a-b490-456a-98e8-36cf4b836d2a,0.2,false,false,near_mint,en,EUR,2026-04-24T19:08:56.522Z
Pool - Old,binder,Arrest,MRD,Mirrodin,2,normal,common,1,30043,a5ca260d-4ed8-4a99-b00a-0be15ba0df9f,0.05,false,false,near_mint,en,EUR,2026-04-24T19:08:56.596Z
Pool - Old,binder,Skyhunter Prowler,10E,Tenth Edition,42,normal,common,2,26090,52aa4af5-f0cb-4512-bef5-2e46a43aa27b,0.09,false,false,near_mint,en,EUR,2026-04-24T19:08:56.552Z
Pool - Old,binder,Tempest of Light,MRD,Mirrodin,28,normal,uncommon,1,30017,d5cd05d7-eb2d-489d-ad1c-5527d3336a6d,0.19,false,false,near_mint,en,EUR,2026-04-24T19:08:56.524Z
Pool - Old,binder,Aven Trooper,TOR,Torment,2,normal,common,1,31739,79c8f774-6d4f-4fd0-85c0-26ef713e6b89,0.05,false,false,near_mint,en,EUR,2026-04-24T19:08:56.598Z
Pool - Old,binder,Thought Courier,5DN,Fifth Dawn,38,foil,common,1,29457,837b6315-d5c6-480b-902e-44107a72b581,0.7,false,false,near_mint,en,EUR,2026-04-24T20:05:04.079Z
Pool - Old,binder,Hundred-Talon Strike,BOK,Betrayers of Kamigawa,8,normal,common,1,28701,3ed548e0-9196-4bfc-9cfd-149abb945574,0.11,false,false,near_mint,en,EUR,2026-04-24T19:08:56.545Z
Pool - Old,binder,White Knight,LGN,Legions,27,normal,uncommon,1,30807,cb9cb8ed-7abb-4e71-b42f-5041dd0c0394,0.15,false,false,near_mint,en,EUR,2026-04-24T19:08:56.565Z
Pool - Old,binder,Demystify,10E,Tenth Edition,14,normal,common,1,26130,6197c672-dfa1-4d1e-97ea-af916864d23c,0.07,false,false,near_mint,en,EUR,2026-04-24T19:08:56.597Z
Pool - Old,binder,Mage's Guile,ONS,Onslaught,91,normal,common,1,31212,301cb538-a931-4916-927b-4986046b1158,0.17,false,false,near_mint,en,EUR,2026-04-24T20:05:04.104Z
Pool - Old,binder,Rhystic Shield,PCY,Prophecy,20,normal,common,1,33660,49af7b3f-f56a-4102-b398-5c215dd4fa11,0.05,false,false,near_mint,en,EUR,2026-04-24T19:08:56.612Z
Pool - Old,binder,Empty-Shrine Kannushi,BOK,Betrayers of Kamigawa,2,normal,uncommon,1,28707,86c2e405-afe2-4de2-9e45-c5f357d788ac,0.2,false,false,near_mint,en,EUR,2026-04-24T19:08:56.550Z
Pool - Old,binder,Chimney Imp,MRD,Mirrodin,59,normal,common,2,29986,0a426922-5e96-48f3-b696-f5dc99258943,0.02,false,false,near_mint,en,EUR,2026-04-24T19:01:24.770Z
Pool - Old,binder,Aven Cloudchaser,10E,Tenth Edition,7,normal,common,1,26139,407110e9-19af-4ff5-97b2-c03225031a73,0.05,false,false,near_mint,en,EUR,2026-04-24T19:08:56.595Z
Pool - Old,binder,Rhystic Circle,PCY,Prophecy,19,normal,common,1,33661,4a76711e-b508-4bb7-a87c-911a11905af3,0.1,false,false,near_mint,en,EUR,2026-04-24T19:08:56.610Z
Pool - Old,binder,Aven Warhawk,LGN,Legions,4,normal,uncommon,1,30830,386a7062-6da8-4663-a218-75d894f7c0e0,0.14,false,false,near_mint,en,EUR,2026-04-24T19:08:56.561Z
Pool - Old,binder,Raise the Alarm,MRD,Mirrodin,16,normal,common,3,30029,4be510c8-fc01-4374-ac04-7968d24480fe,0.13,false,false,near_mint,en,EUR,2026-04-24T19:08:56.520Z
Pool - Old,binder,Fold into Aether,5DN,Fifth Dawn,31,normal,uncommon,1,29464,615157d6-0160-417b-b06c-0e253b306c37,0.09,false,false,near_mint,en,EUR,2026-04-24T20:05:04.110Z
Pool - Old,binder,Auriok Bladewarden,MRD,Mirrodin,3,normal,uncommon,1,30042,51605471-1198-4296-a9b5-3bee14ac2091,0.05,false,false,near_mint,en,EUR,2026-04-24T19:08:56.525Z
Pool - Old,binder,Sacred Rites,ODY,Odyssey,44,foil,common,1,32133,3d7f1dd0-ee1b-484a-949d-dde4c3340a09,0.74,false,false,near_mint,en,EUR,2026-04-24T19:08:56.560Z
Pool - Old,binder,Orim's Cure,MMQ,Mercadian Masques,33,normal,common,1,34377,754ae359-363b-456a-bbca-52fbfbaa86b8,0.13,false,false,near_mint,en,EUR,2026-04-24T19:08:56.593Z
Pool - Old,binder,Lashknife,NEM,Nemesis,9,normal,common,1,33873,fd7451cc-4126-4518-a103-2558fa81323f,0.24,false,false,near_mint,en,EUR,2026-04-24T19:08:56.604Z
Pool - Old,binder,Topple,NEM,Nemesis,24,normal,common,1,33858,a7c25c67-4214-4318-a718-7d351e713f80,0.04,false,false,near_mint,en,EUR,2026-04-24T19:08:56.592Z
Pool - Old,binder,Gempalm Sorcerer,LGN,Legions,39,normal,uncommon,1,30795,67bda65b-2e26-4531-9f6a-952df314c8f7,0.14,false,false,near_mint,en,EUR,2026-04-24T20:05:04.113Z
Pool - Old,binder,Auriok Transfixer,MRD,Mirrodin,5,normal,common,3,30040,9f5c3f22-f228-4503-9d35-ee1b36a46ef0,0.04,false,false,near_mint,en,EUR,2026-04-24T19:08:56.530Z
Pool - Old,binder,Genju of the Fens,GVL,Duel Decks Anthology: Garruk vs. Liliana,47,normal,uncommon,1,12307,d8e06ff3-5fdd-444d-916e-3764f795456e,0.09,false,false,near_mint,en,EUR,2026-04-24T19:01:24.841Z
Pool - Old,binder,Excavation,PCY,Prophecy,33,normal,uncommon,1,33647,1a4b87ff-42a9-4ea0-a79e-1208ca35ffb2,0.32,false,false,near_mint,en,EUR,2026-04-24T20:05:04.094Z
Pool - Old,binder,Bog Imp,6ED,Classic Sixth Edition,116,normal,common,2,35261,fa02b4a5-8302-483c-9f38-b559974a601c,0.09,false,false,near_mint,en,EUR,2026-04-24T19:01:24.816Z
Pool - Old,binder,Skyhunter Patrol,MRD,Mirrodin,22,normal,common,1,30023,c162594c-31f4-4d07-87ee-2d6ee7704980,0.04,false,false,near_mint,en,EUR,2026-04-24T19:08:56.536Z
Pool - Old,binder,Index,8ED,Eighth Edition,84,normal,common,1,30452,d64e0a7c-54a9-45b9-be46-ddf6755f1142,0.19,false,false,near_mint,en,EUR,2026-04-24T20:05:04.096Z
Pool - Old,binder,Daze,NEM,Nemesis,30,normal,common,1,33852,d03bff25-0d5e-4dcf-8d75-6df846afea3b,3.77,false,false,near_mint,en,EUR,2026-04-24T20:05:04.118Z
Pool - Old,binder,Cleanfall,CHK,Champions of Kamigawa,6,normal,uncommon,1,29220,9897707f-9669-4d44-8607-cba569da73e0,0.15,false,false,near_mint,en,EUR,2026-04-24T19:08:56.602Z
Pool - Old,binder,Castle,7ED,Seventh Edition,5,normal,uncommon,1,32801,ffe82e29-e781-48bf-8673-7954553f7cf0,0.31,false,false,near_mint,en,EUR,2026-04-24T19:08:56.571Z
Pool - Old,binder,Skyhunter Cub,MRD,Mirrodin,21,normal,common,1,30024,cd46bfba-0685-4dcb-9b63-f90da8fb0ce7,0.06,false,false,near_mint,en,EUR,2026-04-24T19:08:56.570Z
Pool - Old,binder,Sacred Nectar,9ED,Ninth Edition,38,normal,common,1,28325,bcdd5e1c-47db-4960-860c-2af14b734b59,0.07,false,false,near_mint,en,EUR,2026-04-24T19:08:56.614Z
Pool - Old,binder,Inspiration,8ED,Eighth Edition,85,normal,common,1,30451,be039716-30fc-4f84-8f84-6019065560e4,0.06,false,false,near_mint,en,EUR,2026-04-24T20:05:04.099Z
Pool - Old,binder,Throat Slitter,BOK,Betrayers of Kamigawa,88,normal,uncommon,1,28621,c4dcfdb4-c2ff-4fc5-aa2a-0c6e311d2910,1.27,false,false,near_mint,en,EUR,2026-04-24T19:01:24.833Z
Pool - Old,binder,Phantasmal Terrain,6ED,Classic Sixth Edition,84,normal,common,1,35293,80ab11d8-0cc2-4a00-9fe8-06a9b3683311,0.08,false,false,near_mint,en,EUR,2026-04-24T20:05:04.087Z
Pool - Old,binder,Loxodon Mender,MRD,Mirrodin,12,normal,common,3,30033,c17ac7c1-6d53-40b4-921f-4e23e4026041,0.03,false,false,near_mint,en,EUR,2026-04-24T19:08:56.549Z
Pool - Old,binder,Mischievous Poltergeist,6ED,Classic Sixth Edition,144,normal,uncommon,1,35233,d11803b8-d1df-454d-93ec-b1bb276843b6,0.21,false,false,near_mint,en,EUR,2026-04-24T19:01:24.831Z
Pool - Old,binder,Plated Sliver,LGN,Legions,19,normal,common,1,30815,82846d31-4981-4ef1-85c3-703569146a84,0.43,false,false,near_mint,en,EUR,2026-04-24T19:08:56.531Z
Pool - Old,binder,Blessing of Leeches,BOK,Betrayers of Kamigawa,62,normal,common,2,28647,de0ba1cf-d913-4285-9d8b-38acf78cc45e,0.33,false,false,near_mint,en,EUR,2026-04-24T19:01:24.795Z
Pool - Old,binder,Sacred Mesa,TSB,Time Spiral Timeshifted,13,normal,special,1,27008,c76e4cc6-6e69-4787-9425-7a35e06c0b69,0.18,false,false,near_mint,en,EUR,2026-04-24T19:08:56.537Z
Pool - Old,binder,Abuna's Chant,5DN,Fifth Dawn,1,normal,common,1,29494,b9e0bf63-0399-40d6-9162-4562d7bcdd0e,0.05,false,false,near_mint,en,EUR,2026-04-24T19:08:56.517Z
Pool - Old,binder,Trap Runner,MMQ,Mercadian Masques,55,normal,uncommon,1,34355,eba97681-1d1f-4ab6-a21b-fbbbe63a1c74,0.1,false,false,near_mint,en,EUR,2026-04-24T19:08:56.555Z
Pool - Old,binder,Seal of Cleansing,NEM,Nemesis,18,normal,common,1,33864,af6c921e-1b82-412c-9979-adfdf83440f7,0.14,false,false,near_mint,en,EUR,2026-04-24T19:08:56.591Z
Pool - Old,binder,Stasis Cocoon,5DN,Fifth Dawn,18,normal,common,2,29477,5b2ca75e-ccb0-4e5b-8dda-445fe0130732,0.06,false,false,near_mint,en,EUR,2026-04-24T19:08:56.573Z
Pool - Old,binder,Slithery Stalker,TOR,Torment,84,normal,uncommon,1,31657,0c875bb6-55bb-41cc-8825-8011581ff001,0.1,false,false,near_mint,en,EUR,2026-04-24T19:01:24.840Z
Pool - Old,binder,Dream Cache,MIR,Mirage,62,normal,common,1,38528,b599422e-5f78-4d4f-bc67-684caf69458f,0.21,false,false,near_mint,en,EUR,2026-04-24T20:05:04.122Z
Pool - Old,binder,Aven Flock,9ED,Ninth Edition,4,normal,common,2,28365,43c97d63-d0f9-402d-948a-b73f73bed919,0.03,false,false,near_mint,en,EUR,2026-04-24T19:08:56.534Z
Pool - Old,binder,Echoing Truth,DST,Darksteel,21,normal,common,1,29640,4aefedd7-1bf5-4148-9084-d7d8f1138140,0.21,false,false,near_mint,en,EUR,2026-04-24T20:05:04.121Z
Pool - Old,binder,Kami of Lunacy,CHK,Champions of Kamigawa,119,normal,uncommon,1,29107,4baef070-d265-4c6d-9b4b-3cafbd3b34c3,0.05,false,false,near_mint,en,EUR,2026-04-24T19:01:24.835Z
Pool - Old,binder,Kami of Tattered Shoji,BOK,Betrayers of Kamigawa,11,normal,common,1,28698,dc6deb57-4ee3-4716-8644-28283704f994,0.05,false,false,near_mint,en,EUR,2026-04-24T19:08:56.567Z
Pool - Old,binder,Glittering Lion,PCY,Prophecy,10,normal,uncommon,1,33670,ab4be296-33a6-46b1-9748-5b0d335f40ee,0.14,false,false,near_mint,en,EUR,2026-04-24T19:08:56.535Z
Pool - Old,binder,Eager Cadet,9ED,Ninth Edition,S1,normal,common,2,28370,0732d372-1000-435e-905b-4a6c852ba427,0.09,false,false,near_mint,en,EUR,2026-04-24T19:08:56.579Z
Pool - Old,binder,Metal Fatigue,DST,Darksteel,8,normal,common,1,29653,9fa32494-24bc-44c7-81d4-7285bd1fe3c8,0.02,false,false,near_mint,en,EUR,2026-04-24T19:08:56.606Z
Pool - Old,binder,Altar's Light,MRD,Mirrodin,1,normal,uncommon,3,30044,dd037f62-7cef-4737-b575-942c5959f1ea,0.06,false,false,near_mint,en,EUR,2026-04-24T19:08:56.563Z
Pool - Old,binder,Vedalken Engineer,DST,Darksteel,35,normal,common,1,29626,d06a2d9a-9401-4711-97b6-825652090c4d,0.16,false,false,near_mint,en,EUR,2026-04-24T20:05:04.119Z
Pool - Old,binder,Outbreak,PCY,Prophecy,71,normal,uncommon,1,33609,f43c30d9-23a5-4872-925d-3427f5f57995,0.17,false,false,near_mint,en,EUR,2026-04-24T19:01:24.837Z
Pool - Old,binder,Armed Response,5DN,Fifth Dawn,2,normal,common,2,29493,7029fac9-ef8a-499f-aa42-c145b6b528ae,0.05,false,false,near_mint,en,EUR,2026-04-24T19:08:56.532Z
Pool - Old,binder,Holy Strength,9ED,Ninth Edition,19,normal,common,1,28344,7848f996-ea89-43fd-b0b3-4437f397531a,0.06,false,false,near_mint,en,EUR,2026-04-24T19:08:56.529Z
Pool - Old,binder,Advanced Hoverguard,5DN,Fifth Dawn,22,normal,common,1,29473,7384d50a-5801-47ed-ab9f-5c7e4f1f20dd,0.02,false,false,near_mint,en,EUR,2026-04-24T20:05:04.085Z
Pool - Old,binder,Domineer,MRD,Mirrodin,33,normal,uncommon,1,30012,c0010b89-afc4-4dee-bda3-2f34e552cba5,0.06,false,false,near_mint,en,EUR,2026-04-24T20:05:04.092Z
Pool - Old,binder,Samite Healer,6ED,Classic Sixth Edition,40,normal,common,2,35337,e1166d39-e186-4bb0-8ca4-ccc0200d13de,0.08,false,false,near_mint,en,EUR,2026-04-24T19:08:56.528Z
Pool - Old,binder,Skyhunter Skirmisher,5DN,Fifth Dawn,16,normal,uncommon,1,29479,975d0549-e6b6-456b-8693-227591e4db91,0.03,false,false,near_mint,en,EUR,2026-04-24T19:08:56.559Z
Pool - Old,binder,Rewind,8ED,Eighth Edition,96,normal,uncommon,1,30440,3e92dcb1-f543-4d23-a96c-aed280077049,0.55,false,false,near_mint,en,EUR,2026-04-24T20:05:04.100Z
Pool - Old,binder,Gravegouger,TOR,Torment,62,normal,common,3,31679,acfcd559-374e-4e6f-9333-2e5c855abff5,0.03,false,false,near_mint,en,EUR,2026-04-24T19:01:24.792Z
Pool - Old,binder,Mageta's Boon,PCY,Prophecy,14,normal,common,1,33666,22db8a3b-413d-4f4d-b103-f50fc0415e9b,0.05,false,false,near_mint,en,EUR,2026-04-24T19:08:56.576Z
Pool - Old,binder,Guided Strike,JUD,Judgment,13,normal,common,1,31585,d13138c1-e98f-4803-8c68-ffc80139c168,0.11,false,false,near_mint,en,EUR,2026-04-24T19:08:56.518Z
Pool - Old,binder,Vermiculos,MRD,Mirrodin,80,normal,rare,1,29965,9b68e084-0760-4817-a656-32dc4b094370,0.16,false,false,near_mint,en,EUR,2026-04-24T19:01:24.838Z
Pool - Old,binder,Faceless Butcher,TOR,Torment,60,normal,common,2,31681,4073be21-c54a-4eee-9109-f3adfe757c4e,0.11,false,false,near_mint,en,EUR,2026-04-24T19:01:24.777Z
Pool - Old,binder,Disenchant,6ED,Classic Sixth Edition,16,normal,common,1,35361,47578ce0-dbaa-4a15-b46c-2fd2cb352be9,0.09,false,false,near_mint,en,EUR,2026-04-24T19:08:56.613Z
Pool - Old,binder,Call to Glory,CHK,Champions of Kamigawa,4,normal,common,1,29222,758fcfe4-0347-4ac6-8e29-f945cb1d7295,0.15,false,false,near_mint,en,EUR,2026-04-24T19:08:56.519Z
Pool - Old,binder,Woebearer,MRD,Mirrodin,83,normal,uncommon,1,29962,c5a6e960-169d-431a-9ebd-c4413aa67377,0.07,false,false,near_mint,en,EUR,2026-04-24T19:01:24.832Z
Pool - Old,binder,Hinder,CHK,Champions of Kamigawa,65,normal,uncommon,1,29161,dc7befed-805b-4a02-a87d-7df3a95db8a0,0.1,false,false,near_mint,en,EUR,2026-04-24T20:05:04.105Z
Pool - Old,binder,Pacifism,MIR,Mirage,32,normal,common,1,38558,c891df1b-bae6-4d6d-85ee-42901c149f98,0.12,false,false,near_mint,en,EUR,2026-04-24T19:08:56.546Z
Pool - Old,binder,Venerable Monk,DVD,Duel Decks Anthology: Divine vs. Demonic,5,normal,common,1,12473,8002ca7f-a889-4145-8f1b-5e8417f7c0bf,0.13,false,false,near_mint,en,EUR,2026-04-24T19:08:56.568Z
Pool - Old,binder,Disenchant,7ED,Seventh Edition,13,normal,common,1,32793,402f71fc-807c-4718-956b-7ffe66c646d4,0.11,false,false,near_mint,en,EUR,2026-04-24T19:08:56.589Z
Pool - Old,binder,Contaminated Bond,10E,Tenth Edition,132,normal,common,2,25964,a56b6552-367e-4b0b-9095-42322843b1b2,0.06,false,false,near_mint,en,EUR,2026-04-24T19:01:24.824Z
Pool - Old,binder,Benalish Infantry,WTH,Weatherlight,8,normal,common,1,37289,e8472303-b8ee-402b-a9ea-49abe2e01152,0.03,false,false,near_mint,en,EUR,2026-04-24T19:08:56.569Z
Pool - Old,binder,Glintwing Invoker,LGN,Legions,40,normal,common,1,30794,16184709-f370-40cc-91f2-849a44ac451a,0.09,false,false,near_mint,en,EUR,2026-04-24T20:05:04.111Z
Pool - Old,binder,Shield Dancer,PCY,Prophecy,23,normal,uncommon,2,33657,1d885360-1ce1-4b80-8928-29437731993f,0.09,false,false,near_mint,en,EUR,2026-04-24T19:08:56.558Z
Pool - Old,binder,Inspiration,6ED,Classic Sixth Edition,76,normal,common,1,35301,1374df24-bcff-45eb-a2fd-2f39439c9e6a,0.06,false,false,near_mint,en,EUR,2026-04-24T20:05:04.102Z
Pool - Old,binder,Grip of Amnesia,JUD,Judgment,41,normal,common,1,31557,43dc7e2a-5b9b-4f0f-8b2e-a7c7f847e1f1,0.15,false,false,near_mint,en,EUR,2026-04-24T20:05:04.098Z
Pool - Old,binder,Counterspell,7ED,Seventh Edition,67,normal,common,1,32739,29bb1b85-9444-4bfa-b622-092a6873631c,1.46,false,false,near_mint,en,EUR,2026-04-24T20:05:04.081Z
Pool - Old,binder,Ghostly Prison,CHK,Champions of Kamigawa,10,normal,uncommon,1,29216,82d7de2b-c909-48dc-9ab7-c4a8328e37bb,4.38,false,false,near_mint,en,EUR,2026-04-24T19:08:56.542Z
Pool - Old,binder,Wail of the Nim,MRD,Mirrodin,81,normal,common,2,29964,a8c32faa-c6d1-418a-aed6-ccc5849daa1f,0.15,false,false,near_mint,en,EUR,2026-04-24T19:01:24.797Z
Pool - Old,binder,Loxodon Anchorite,5DN,Fifth Dawn,10,normal,common,1,29485,a55f0113-3ced-49c7-9fa8-f1cc873bdc4c,0.04,false,false,near_mint,en,EUR,2026-04-24T19:08:56.523Z
Pool - Old,binder,Relentless Rats,5DN,Fifth Dawn,58,normal,uncommon,1,29437,1c9caf97-75c6-4e12-8724-1abe32212bef,1.23,false,false,near_mint,en,EUR,2026-04-24T19:01:24.836Z
Pool - Old,binder,Withdraw,PCY,Prophecy,54,normal,common,1,33626,f1a3a52f-0ccd-4935-b3ca-9c69cba283cc,0.14,false,false,near_mint,en,EUR,2026-04-24T20:05:04.090Z
Pool - Old,binder,Lose Hope,5DN,Fifth Dawn,52,normal,common,2,29443,438d7bf6-00f4-4c7e-b1a4-f7fd690d4788,0.1,false,false,near_mint,en,EUR,2026-04-24T19:01:24.828Z
Pool - Old,binder,Vengeance,8ED,Eighth Edition,S2,normal,uncommon,2,30539,15a680ae-aa4f-4030-8032-113b2b80e1fb,0.14,false,false,near_mint,en,EUR,2026-04-24T19:08:56.575Z
Pool - Old,binder,Pilgrim of Justice,ODY,Odyssey,40,normal,common,1,32137,6103a3a7-78ce-4a66-bd82-434e0bd9dea4,0.06,false,false,near_mint,en,EUR,2026-04-24T19:08:56.584Z
Pool - Old,binder,Alarum,MIR,Mirage,2,normal,common,1,38588,155f2aa6-6c47-4a06-b0ef-2d9205cd133e,0.07,false,false,near_mint,en,EUR,2026-04-24T19:08:56.566Z
Pool - Old,binder,Whipgrass Entangler,LGN,Legions,26,normal,common,1,30808,c0b18b09-b1ff-479d-bd1c-cb8620a34fe4,0.1,false,false,near_mint,en,EUR,2026-04-24T19:08:56.609Z
Pool - Old,binder,Knight Errant,S00,Starter 2000,7,normal,common,1,33732,8f856279-48a2-45b5-97ac-89c3f481a3df,0.14,false,false,near_mint,en,EUR,2026-04-24T19:08:56.611Z
Pool - Old,binder,Kitsune Blademaster,CHK,Champions of Kamigawa,25,normal,common,1,29201,fb9d108d-ee19-4b1d-9d4b-b4c4d9b8ad0d,0.11,false,false,near_mint,en,EUR,2026-04-24T19:08:56.521Z
Pool - Old,binder,Rethink,PCY,Prophecy,42,normal,common,1,33638,915ae03f-22f3-4ecc-a875-5226d8dec384,0.06,false,false,near_mint,en,EUR,2026-04-24T20:05:04.109Z
Pool - Old,binder,Honor Guard,9ED,Ninth Edition,20,normal,common,1,28343,20f208a8-115a-4734-b56a-9330018cb269,0.06,false,false,near_mint,en,EUR,2026-04-24T19:08:56.527Z
Pool - Old,binder,Glory Seeker,9ED,Ninth Edition,17,normal,common,4,28346,4979748a-4820-4c6a-b4b0-1bfb46e2817a,0.03,false,false,near_mint,en,EUR,2026-04-24T19:08:56.547Z
Pool - Old,binder,Irradiate,MRD,Mirrodin,67,normal,common,5,29978,7e0460cf-ff87-4cf8-89b5-a8b9fb7322e0,0.03,false,false,near_mint,en,EUR,2026-04-24T19:01:24.782Z
Pool - Old,binder,Sea Serpent,5ED,Fifth Edition,118,normal,common,1,37888,e170bb1e-f2eb-4631-af95-ada585b7ef57,0.13,false,false,near_mint,en,EUR,2026-04-24T20:05:04.088Z
Pool - Old,binder,Think Tank,ODY,Odyssey,104,normal,uncommon,1,32073,8c1c9d34-ea4c-4e89-a7ed-06c4469c1aca,0.27,false,false,near_mint,en,EUR,2026-04-24T20:05:04.093Z
Pool - Old,binder,Cephalid Broker,ODY,Odyssey,71,normal,uncommon,1,32106,b1d2cfe5-b905-4d8a-89e4-474619e2796c,0.12,false,false,near_mint,en,EUR,2026-04-24T20:05:04.112Z
Pool - Old,binder,Vigilant Sentry,JUD,Judgment,33,normal,common,1,31565,c3790282-ea04-4600-8912-dac541ffd081,0.08,false,false,near_mint,en,EUR,2026-04-24T19:08:56.557Z
Pool - Old,binder,Disenchant,MMQ,Mercadian Masques,18,normal,common,1,34392,366407d8-3ed9-4809-b9bb-388ebb9ea815,0.11,false,false,near_mint,en,EUR,2026-04-24T19:08:56.526Z
Pool - Old,binder,Castle,6ED,Classic Sixth Edition,6,normal,uncommon,1,35371,6a77e784-d7a8-4b92-8765-375ad70b929e,0.12,false,false,near_mint,en,EUR,2026-04-24T19:08:56.541Z
Pool - Old,binder,Heed the Mists,BOK,Betrayers of Kamigawa,36,normal,uncommon,1,28673,eb953ffc-0e73-42a2-a026-e6d3041fd8ec,0.12,false,false,near_mint,en,EUR,2026-04-24T20:05:04.097Z
Pool - Old,binder,Drudge Skeletons,6ED,Classic Sixth Edition,123,normal,common,2,35254,e7105716-8f9e-4f32-b6bc-cb7b231d1fa1,0.07,false,false,near_mint,en,EUR,2026-04-24T19:01:24.810Z
Pool - Old,binder,Wind Drake,9ED,Ninth Edition,112,normal,common,1,28251,6fed594b-9aa5-4bab-8066-58c3f795d940,0.04,false,false,near_mint,en,EUR,2026-04-24T20:05:04.116Z
Pool - Old,binder,Sword Dancer,8ED,Eighth Edition,53,normal,uncommon,1,30483,ec270d53-042e-4b11-b0f4-6416348b8fff,0.04,false,false,near_mint,en,EUR,2026-04-24T19:08:56.551Z
Pool - Old,binder,Override,MRD,Mirrodin,45,normal,common,1,30000,35964fa6-800d-41d6-9f82-fb9c87deee56,0.07,false,false,near_mint,en,EUR,2026-04-24T20:05:04.080Z
Pool - Old,binder,Mine Bearer,PCY,Prophecy,16,normal,common,2,33664,a8151510-2445-4244-b851-ab332b908170,0.03,false,false,near_mint,en,EUR,2026-04-24T19:08:56.539Z
Pool - Old,binder,Slith Ascendant,MRD,Mirrodin,23,normal,uncommon,1,30022,0286b42a-295b-467c-a1d8-0b31774b7ac5,0.12,false,false,near_mint,en,EUR,2026-04-24T19:08:56.580Z
Pool - Old,binder,Suntail Hawk,9ED,Ninth Edition,49,normal,common,1,28314,3ff9c46b-51d3-44d7-8f27-1a466fa8ba3d,0.05,false,false,near_mint,en,EUR,2026-04-24T19:08:56.554Z
Pool - Old,binder,Steelshaper's Gift,5DN,Fifth Dawn,19,normal,uncommon,1,29476,db75b77f-a230-4bad-b697-a40687671842,4.68,false,false,near_mint,en,EUR,2026-04-24T19:08:56.590Z
Pool - Old,binder,Crossbow Infantry,MMQ,Mercadian Masques,16,normal,common,1,34394,744c2177-3140-48a1-95a4-2f0a27ca5b2f,0.06,false,false,near_mint,en,EUR,2026-04-24T19:08:56.572Z
Pool - Old,binder,Field of Reality,CHK,Champions of Kamigawa,60,normal,common,1,29166,2ff7c6fc-324b-4cff-9109-6d817767865f,0.06,false,false,near_mint,en,EUR,2026-04-24T20:05:04.095Z
Pool - Old,binder,Knight Errant,7ED,Seventh Edition,24,normal,common,2,32782,d8d1d55b-6be0-4bb5-b452-ba4994b21774,0.06,false,false,near_mint,en,EUR,2026-04-24T19:08:56.581Z
Pool - Old,binder,Nemesis Mask,DST,Darksteel,134,normal,uncommon,1,29527,d6fc3b76-bc51-49ce-8f3f-2314207be4a7,1.18,false,false,near_mint,en,EUR,2026-04-24T20:48:02.972Z
Pool - Old,binder,Door to Nothingness,5DN,Fifth Dawn,115,normal,rare,1,29380,c92ffeae-6b51-4426-a080-b1b065b1290d,0.28,false,false,near_mint,en,EUR,2026-04-24T20:09:31.154Z
Pool - Old,binder,Darting Merfolk,MMQ,Mercadian Masques,72,normal,common,1,34338,438e15f7-59bb-4047-af1f-ef92cc1866b8,0.13,false,false,near_mint,en,EUR,2026-04-24T20:05:04.154Z
Pool - Old,binder,Quash,BOK,Betrayers of Kamigawa,47,normal,uncommon,1,28662,48ca8c31-a9ea-4388-b257-951c1c68b86d,0.09,false,false,near_mint,en,EUR,2026-04-24T20:05:04.124Z
Pool - Old,binder,Talisman of Impulse,MRD,Mirrodin,254,normal,uncommon,1,29791,a00b65f7-70d0-4bbd-ac13-be24cc3374ee,0.36,false,false,near_mint,en,EUR,2026-04-24T20:48:02.973Z
Pool - Old,binder,Sea Eagle,8ED,Eighth Edition,S4,normal,common,1,30535,7e8cacd1-51e7-48af-a7ae-48832dc34a92,0.58,false,false,near_mint,en,EUR,2026-04-24T20:05:04.189Z
Pool - Old,binder,Stronghold Machinist,NEM,Nemesis,46,normal,uncommon,1,33836,d3567b4e-6e31-40b0-83ea-4a2a58bd637c,0.14,false,false,near_mint,en,EUR,2026-04-24T20:05:04.161Z
Pool - Old,binder,Annul,MRD,Mirrodin,29,normal,common,2,30016,8ba18ec8-e82f-41be-9ed8-b1a4ae9b7426,0.18,false,false,near_mint,en,EUR,2026-04-24T20:05:04.101Z
Pool - Old,binder,Fugitive Wizard,9ED,Ninth Edition,80,normal,common,2,28283,0453fac7-10b9-49d7-8219-78faf9d92d0c,0.05,false,false,near_mint,en,EUR,2026-04-24T20:05:04.115Z
Pool - Old,binder,Steal Artifact,5ED,Fifth Edition,128,normal,uncommon,1,37878,2e08d3b2-9c85-4482-b110-5f399672e550,0.31,false,false,near_mint,en,EUR,2026-04-24T20:05:04.197Z
Pool - Old,binder,Thoughtcast,MRD,Mirrodin,54,normal,common,2,29991,efb965a7-877a-4302-b507-25b0a9e32d9b,1.44,false,false,near_mint,en,EUR,2026-04-24T20:05:04.163Z
Pool - Old,binder,Confusion in the Ranks,MRD,Mirrodin,87,foil,rare,1,29958,9d46aca2-4714-4d2c-9466-5f1c043b8726,28.6,false,false,near_mint,en,EUR,2026-04-24T20:09:31.138Z
Pool - Old,binder,Form of the Dragon,SCG,Scourge,93,normal,rare,1,30595,2058bcb4-50ac-4323-ab49-3b80a5891894,0.67,false,false,near_mint,en,EUR,2026-04-24T20:09:31.135Z
Pool - Old,binder,Aven Envoy,LGN,Legions,30,normal,common,1,30804,40ead30e-9f96-4fca-b619-fdc8d1b5e2e0,0.07,false,false,near_mint,en,EUR,2026-04-24T20:05:04.198Z
Pool - Old,binder,Ancestral Memories,7ED,Seventh Edition,59,normal,rare,1,32747,100f0ca8-a66a-452f-be5f-17f631ba0ee0,0.35,false,false,near_mint,en,EUR,2026-04-24T20:09:31.146Z
Pool - Old,binder,Tower of Champions,MRD,Mirrodin,265,normal,rare,2,29780,f5280aef-dfd2-4d52-bc87-4a6d1f2bd173,0.17,false,false,near_mint,en,EUR,2026-04-24T20:09:31.150Z
Pool - Old,binder,Dream's Grip,MRD,Mirrodin,34,normal,common,2,30011,7ffaa6a2-7c86-45b4-8892-b837e05f11a6,0.36,false,false,near_mint,en,EUR,2026-04-24T20:05:04.181Z
Pool - Old,binder,Time Ebb,S00,Starter 2000,19,normal,common,1,33720,8904494d-ef95-40d7-a0e0-a49215a72652,0.14,false,false,near_mint,en,EUR,2026-04-24T20:05:04.174Z
Pool - Old,binder,Touch of Invisibility,ODY,Odyssey,109,normal,common,1,32068,a5a0c915-92a9-4eb0-a02a-c1571b00761b,0.14,false,false,near_mint,en,EUR,2026-04-24T20:05:04.186Z
Pool - Old,binder,Neurok Hoversail,MRD,Mirrodin,218,normal,common,1,29827,0fa5790b-5388-4bf9-9caa-44d8cbb64708,0.07,false,false,near_mint,en,EUR,2026-04-24T20:48:03.005Z
Pool - Old,binder,Into Thin Air,5DN,Fifth Dawn,33,normal,common,2,29462,d0f31ff9-f403-4082-88f8-65807c0af812,0.03,false,false,near_mint,en,EUR,2026-04-24T20:05:04.083Z
Pool - Old,binder,Synod Sanctum,ARC,Archenemy,120,normal,uncommon,1,21424,a4ee3b93-6a9c-4e87-b7e3-904114f7e8a1,0.14,false,false,near_mint,en,EUR,2026-04-24T20:48:02.982Z
Pool - Old,binder,Sawtooth Thresher,5DN,Fifth Dawn,149,normal,common,1,29346,3c36de4a-807d-471d-ba59-0462d7bb028a,0.07,false,false,near_mint,en,EUR,2026-04-24T20:48:02.998Z
Pool - Old,binder,March of the Machines,MRD,Mirrodin,42,normal,rare,1,30003,9bdcc966-7837-463f-ae26-1096f34ac8c0,0.33,false,false,near_mint,en,EUR,2026-04-24T20:09:31.145Z
Pool - Old,binder,Cephalid Scout,ODY,Odyssey,74,normal,common,1,32103,6efdf190-970d-4751-b214-cd962f7f2ca8,0.04,false,false,near_mint,en,EUR,2026-04-24T20:05:04.145Z
Pool - Old,binder,Might of Oaks,8ED,Eighth Edition,265,normal,rare,1,30271,5b136d50-732b-4265-97c4-1caaa4a54be1,0.36,false,false,near_mint,en,EUR,2026-04-24T20:09:31.158Z
Pool - Old,binder,Dermoplasm,LGN,Legions,35,normal,rare,1,30799,cf2f5dca-e01f-41e3-bb6f-a60162118c6d,0.34,false,false,near_mint,en,EUR,2026-04-24T20:05:04.140Z
Pool - Old,binder,Day of the Dragons,SCG,Scourge,31,normal,rare,1,30657,366a934c-eb01-48c6-8393-c2fe0708ff91,0.09,false,false,near_mint,en,EUR,2026-04-24T20:09:31.143Z
Pool - Old,binder,Wanderguard Sentry,9ED,Ninth Edition,111,normal,common,2,28252,562a6a76-7242-4a22-9545-e6aa2dbd5564,0.05,false,false,near_mint,en,EUR,2026-04-24T20:05:04.117Z
Pool - Old,binder,Neurok Spy,MRD,Mirrodin,44,normal,common,1,30001,47b86a02-d40a-4615-8402-bd5700cb5101,0.09,false,false,near_mint,en,EUR,2026-04-24T20:05:04.182Z
Pool - Old,binder,Thought Nibbler,ODY,Odyssey,107,normal,common,1,32070,7284a7fd-cda8-43ac-b119-ad47b33c2ec4,0.17,false,false,near_mint,en,EUR,2026-04-24T20:05:04.149Z
Pool - Old,binder,Rod of Ruin,7ED,Seventh Edition,314,normal,uncommon,1,32492,68498f5c-4924-4a56-b6a7-40c5fb2d31c1,0.08,false,false,near_mint,en,EUR,2026-04-24T20:48:02.964Z
Pool - Old,binder,Pentad Prism,5DN,Fifth Dawn,143,normal,common,1,29352,672b9b16-daef-44e6-9a3a-cfd9f3c78bc7,0.29,false,false,near_mint,en,EUR,2026-04-24T20:48:02.976Z
Pool - Old,binder,Air Elemental,6ED,Classic Sixth Edition,56,normal,uncommon,1,35321,5d31dca7-df16-4a70-8f17-b78d745bac96,0.1,false,false,near_mint,en,EUR,2026-04-24T20:05:04.158Z
Pool - Old,binder,Heartwood Shard,MRD,Mirrodin,184,normal,uncommon,1,29861,b13328a9-fc03-4c1b-b1b7-61cd41766300,0.07,false,false,near_mint,en,EUR,2026-04-24T20:48:02.980Z
Pool - Old,binder,Phantom Wings,BOK,Betrayers of Kamigawa,46,normal,common,1,28663,a96e5a18-5958-426e-892f-5c68f44c1b41,0.04,false,false,near_mint,en,EUR,2026-04-24T20:05:04.169Z
Pool - Old,binder,Lumengrid Warden,MRD,Mirrodin,41,normal,common,2,30004,44aadd54-6e83-4bcf-9760-16479d919a56,0.03,false,false,near_mint,en,EUR,2026-04-24T20:05:04.084Z
Pool - Old,binder,Soldier Replica,MRD,Mirrodin,244,normal,common,1,29801,e31761a8-1146-4003-9653-881233787ac4,0.04,false,false,near_mint,en,EUR,2026-04-24T20:48:03.004Z
Pool - Old,binder,Telepathy,8ED,Eighth Edition,105,normal,uncommon,1,30431,bf72bddf-9006-4320-ab5f-6b3e5439d21c,0.21,false,false,near_mint,en,EUR,2026-04-24T20:09:31.142Z
Pool - Old,binder,Early Frost,5DN,Fifth Dawn,29,normal,common,1,29466,5989d4c4-bfa4-4b07-ab64-65a3aee6144e,0.15,false,false,near_mint,en,EUR,2026-04-24T20:05:04.171Z
Pool - Old,binder,Unsummon,8ED,Eighth Edition,112,normal,common,1,30424,2cb14889-2992-4d99-a6fe-1e245475c758,0.21,false,false,near_mint,en,EUR,2026-04-24T20:05:04.200Z
Pool - Old,binder,Syncopate,ODY,Odyssey,103,normal,common,1,32074,b7850794-4c85-4844-a461-650cd4eaec93,0.21,false,false,near_mint,en,EUR,2026-04-24T20:05:04.160Z
Pool - Old,binder,Trash for Treasure,MRD,Mirrodin,109,normal,rare,1,29936,ec59ed99-ce40-489a-b776-8874bec60393,0.46,false,false,near_mint,en,EUR,2026-04-24T20:09:31.161Z
Pool - Old,binder,Crystal Shard,MRD,Mirrodin,159,normal,uncommon,1,29886,b1c1d05b-92be-40d7-859f-75293a531a84,0.4,false,false,near_mint,en,EUR,2026-04-24T20:48:02.981Z
Pool - Old,binder,Dematerialize,ODY,Odyssey,81,normal,common,1,32096,04217c17-7c29-4b02-b9b6-bfa1df50d4bc,0.06,false,false,near_mint,en,EUR,2026-04-24T20:05:04.151Z
Pool - Old,binder,Fumiko the Lowblood,BOK,Betrayers of Kamigawa,104,normal,rare,1,28605,482678b8-bce6-4847-9f43-1761d61645d8,0.26,false,false,near_mint,en,EUR,2026-04-24T20:09:31.139Z
Pool - Old,binder,Soul Foundry,MRD,Mirrodin,246,normal,rare,2,29799,11b4983a-2a95-4322-a315-27b4bd430d39,0.24,false,false,near_mint,en,EUR,2026-04-24T20:09:31.152Z
Pool - Old,binder,Counterspell,6ED,Classic Sixth Edition,61,normal,common,2,35316,ee0d3f5f-7790-4772-bead-5d7114a23e94,0.96,false,false,near_mint,en,EUR,2026-04-24T20:05:04.103Z
Pool - Old,binder,Omega Myr,MRD,Mirrodin,223,normal,common,1,29822,ddaa5c60-054f-4397-a110-21df58264caf,0.07,false,false,near_mint,en,EUR,2026-04-24T20:48:02.957Z
Pool - Old,binder,Phantom Warrior,6ED,Classic Sixth Edition,85,normal,uncommon,1,35292,215e560f-077b-4a4f-aba3-e5c8dab912fe,0.11,false,false,near_mint,en,EUR,2026-04-24T20:05:04.157Z
Pool - Old,binder,Power Conduit,MRD,Mirrodin,229,foil,uncommon,1,29816,b0f5c84f-1924-4a4a-84c1-00dcb756e9c9,10.7,false,false,near_mint,en,EUR,2026-04-24T20:48:02.977Z
Pool - Old,binder,Rude Awakening,5DN,Fifth Dawn,92,normal,rare,1,29403,0164e2ed-b722-4a7d-a4fb-5401af008cbf,0.51,false,false,near_mint,en,EUR,2026-04-24T20:09:31.157Z
Pool - Old,binder,Iron Star,8ED,Eighth Edition,304,normal,uncommon,1,30232,ec6d1e6b-80af-4eb1-be3c-62ab74315777,0.09,false,false,near_mint,en,EUR,2026-04-24T20:48:02.971Z
Pool - Old,binder,Inertia Bubble,MRD,Mirrodin,37,normal,common,1,30008,72b2d227-68b3-40e8-bef7-45ea43e17318,0.05,false,false,near_mint,en,EUR,2026-04-24T20:05:04.184Z
Pool - Old,binder,Spiketail Hatchling,10E,Tenth Edition,111,normal,uncommon,2,25991,8d0586e0-5e93-4742-a5ae-893edd49117d,0.16,false,false,near_mint,en,EUR,2026-04-24T20:05:04.134Z
Pool - Old,binder,Coral Merfolk,7ED,Seventh Edition,66,normal,common,4,32740,80ea1af2-f944-4ee1-88bd-2f3ea09bf9e6,0.09,false,false,near_mint,en,EUR,2026-04-24T20:05:04.155Z
Pool - Old,binder,Crafty Pathmage,10E,Tenth Edition,77,normal,common,1,26038,f186271c-2b03-4e0c-b922-27e23787d865,0.03,false,false,near_mint,en,EUR,2026-04-24T20:05:04.164Z
Pool - Old,binder,Insurrection,ONS,Onslaught,213,foil,rare,1,31090,998bad32-1927-4e12-9527-efa55b86cae0,21.37,false,false,near_mint,en,EUR,2026-04-24T20:09:31.136Z
Pool - Old,binder,Alpha Myr,MRD,Mirrodin,142,normal,common,1,29903,f3f792d7-75be-429e-8f62-0b563b103642,0.09,false,false,near_mint,en,EUR,2026-04-24T20:48:02.958Z
Pool - Old,binder,Myr Enforcer,MRD,Mirrodin,211,normal,common,1,29834,eeeef899-a8b5-4416-a208-3bd5a0c7177b,0.85,false,false,near_mint,en,EUR,2026-04-24T20:48:03.006Z
Pool - Old,binder,Clockwork Beetle,MRD,Mirrodin,153,normal,common,1,29892,bc3c8db7-cf58-4571-b4ad-2b68d73495b2,0.1,false,false,near_mint,en,EUR,2026-04-24T20:48:02.955Z
Pool - Old,binder,Energy Chamber,5DN,Fifth Dawn,117,normal,uncommon,1,29378,4e6a6ad6-77a5-4dec-922f-1cd6780c8671,0.74,false,false,near_mint,en,EUR,2026-04-24T20:48:02.967Z
Pool - Old,binder,Rhystic Deluge,PCY,Prophecy,43,normal,common,1,33637,0a3dd540-7f54-46fe-b1e8-7b07f57e71d0,0.1,false,false,near_mint,en,EUR,2026-04-24T20:05:04.153Z
Pool - Old,binder,Transcendence,TOR,Torment,20,normal,rare,1,31721,84e8bee2-9e3d-493c-a937-645bf3dcf0db,3.03,false,false,near_mint,en,EUR,2026-04-24T20:09:31.141Z
Pool - Old,binder,Opportunity,7ED,Seventh Edition,91,normal,uncommon,1,32715,cf01d4d9-c9e9-4826-a155-4527f9be758e,0.13,false,false,near_mint,en,EUR,2026-04-24T20:05:04.159Z
Pool - Old,binder,Boomerang,6ED,Classic Sixth Edition,58,normal,common,1,35319,ef3c7465-6534-4fa9-a772-8859b7210fdf,0.16,false,false,near_mint,en,EUR,2026-04-24T20:05:04.190Z
Pool - Old,binder,Storm Crow,6ED,Classic Sixth Edition,101,normal,common,1,35276,3a1bf438-3cd8-4bd8-85f1-fc97f49b44d9,0.12,false,false,near_mint,en,EUR,2026-04-24T20:05:04.193Z
Pool - Old,binder,Thought Courier,9ED,Ninth Edition,104,normal,uncommon,3,28259,1c9d2542-501d-4dfe-8642-962d0299ca45,0.15,false,false,near_mint,en,EUR,2026-04-24T20:05:04.089Z
Pool - Old,binder,Cloudskate,NEM,Nemesis,29,normal,common,1,33853,e7f97e50-3aeb-4c79-81b1-505a2f32d8ac,0.17,false,false,near_mint,en,EUR,2026-04-24T20:05:04.130Z
Pool - Old,binder,Somber Hoverguard,MRD,Mirrodin,51,normal,common,2,29994,83a46ac2-d96d-4d5a-94fc-a9fc83a9ea1d,0.06,false,false,near_mint,en,EUR,2026-04-24T20:05:04.107Z
Pool - Old,binder,Prodigal Sorcerer,TSB,Time Spiral Timeshifted,29,normal,special,2,26992,86458037-3e4a-4dc7-b77b-1c6bc34e8119,0.17,false,false,near_mint,en,EUR,2026-04-24T20:05:04.136Z
Pool - Old,binder,Hoodwink,MMQ,Mercadian Masques,84,normal,common,1,34326,8d505fbb-ec85-475b-a0e1-6670627ec017,0.4,false,false,near_mint,en,EUR,2026-04-24T20:05:04.173Z
Pool - Old,binder,Minamo's Meddling,BOK,Betrayers of Kamigawa,42,normal,common,1,28667,502c4aca-98f8-4c7d-89fd-ee42c938fac7,0.05,false,false,near_mint,en,EUR,2026-04-24T20:05:04.195Z
Pool - Old,binder,Rod of Ruin,8ED,Eighth Edition,312,normal,uncommon,1,30224,1d652801-7f22-41b5-b19c-90efe5d8c0a8,0.04,false,false,near_mint,en,EUR,2026-04-24T20:48:02.970Z
Pool - Old,binder,Tangle Golem,DST,Darksteel,151,normal,common,1,29510,e9915977-bd6b-477a-a495-f7ddbbeb82eb,0.08,false,false,near_mint,en,EUR,2026-04-24T20:48:02.983Z
Pool - Old,binder,Wall of Air,7ED,Seventh Edition,111,normal,uncommon,1,32695,ad4b43e8-23d7-4df6-822b-ae3b57c6f1dc,0.31,false,false,near_mint,en,EUR,2026-04-24T20:05:04.125Z
Pool - Old,binder,Wizard Replica,HOP,Planechase,129,normal,common,1,22905,ed9b6a66-2ec4-44e6-b29b-f08768dca9cc,0.19,false,false,near_mint,en,EUR,2026-04-24T20:48:02.989Z
Pool - Old,binder,Patagia Golem,8ED,Eighth Edition,308,normal,uncommon,1,30228,c66c9c30-35c4-4813-a766-a54a418baf8b,0.04,false,false,near_mint,en,EUR,2026-04-24T20:48:02.963Z
Pool - Old,binder,Spellweaver Helix,MRD,Mirrodin,247,normal,rare,1,29798,a48d44b4-1c3b-4109-aaad-8351bf8a7624,0.39,false,false,near_mint,en,EUR,2026-04-24T20:09:31.149Z
Pool - Old,binder,Opaline Bracers,5DN,Fifth Dawn,141,normal,common,1,29354,3ae84edd-1294-4722-89d1-84d9f336871c,0.07,false,false,near_mint,en,EUR,2026-04-24T20:48:02.979Z
Pool - Old,binder,Disarm,MRD,Mirrodin,32,normal,common,2,30013,427c6350-af52-45f1-8024-5f31aa62a0d0,0.02,false,false,near_mint,en,EUR,2026-04-24T20:05:04.165Z
Pool - Old,binder,Vizzerdrix,7ED,Seventh Edition,110,normal,rare,6,32696,c2c681e3-fc54-4da1-80ff-13507688dbc3,0.21,false,false,near_mint,en,EUR,2026-04-24T20:05:04.142Z
Pool - Old,binder,Mistblade Shinobi,BOK,Betrayers of Kamigawa,43,normal,common,1,28666,5c06f58f-0419-4637-8060-4a93670a4c68,2.34,false,false,near_mint,en,EUR,2026-04-24T20:05:04.138Z
Pool - Old,binder,Wormfang Newt,JUD,Judgment,59,normal,common,1,31539,df8012c1-76ec-4c36-8b38-5bc41ce5e156,0.1,false,false,near_mint,en,EUR,2026-04-24T20:05:04.201Z
Pool - Old,binder,Skyreach Manta,5DN,Fifth Dawn,152,normal,common,1,29343,f6b11e69-09ec-4e26-a64d-c129c45574b1,0.05,false,false,near_mint,en,EUR,2026-04-24T20:48:03.003Z
Pool - Old,binder,Imagecrafter,ONS,Onslaught,87,normal,common,1,31216,91be6441-8a45-43e4-8d12-a886dcaadbd3,0.14,false,false,near_mint,en,EUR,2026-04-24T20:05:04.141Z
Pool - Old,binder,Glacial Wall,7ED,Seventh Edition,78,normal,uncommon,1,32728,a3207ed8-a7b5-490e-bf7e-602937e4408d,0.27,false,false,near_mint,en,EUR,2026-04-24T20:05:04.167Z
Pool - Old,binder,Boomerang,7ED,Seventh Edition,64,normal,common,2,32742,ee7e31b5-fe27-44ad-a1d8-7263c3edbc7d,0.2,false,false,near_mint,en,EUR,2026-04-24T20:05:04.108Z
Pool - Old,binder,Hapless Researcher,JUD,Judgment,42,normal,common,1,31556,22ed0ee7-6749-4f38-8e53-c11b46b17e5d,0.18,false,false,near_mint,en,EUR,2026-04-24T20:05:04.128Z
Pool - Old,binder,Dancing Scimitar,6ED,Classic Sixth Edition,279,normal,rare,1,35098,80e64a6d-f54a-418e-8a84-63033447ab38,0.56,false,false,near_mint,en,EUR,2026-04-24T20:09:31.148Z
Pool - Old,binder,Coastal Hornclaw,8ED,Eighth Edition,66,normal,common,1,30470,9b152c0d-ba43-49c6-9bb5-1d20a9f411f6,0.03,false,false,near_mint,en,EUR,2026-04-24T20:05:04.135Z
Pool - Old,binder,Coral Eel,8ED,Eighth Edition,70,normal,common,2,30466,215244ee-0b78-4fd1-858f-d093a5d42939,0.05,false,false,near_mint,en,EUR,2026-04-24T20:05:04.114Z
Pool - Old,binder,Psychic Puppetry,CHK,Champions of Kamigawa,80,normal,common,1,29146,9e341d6b-f4b0-4347-8055-f5fab756334c,0.4,false,false,near_mint,en,EUR,2026-04-24T20:05:04.132Z
Pool - Old,binder,Jolt,MIR,Mirage,70,normal,common,1,38520,3e0c085a-e17d-4003-bb58-f97555365fcf,0.53,false,false,near_mint,en,EUR,2026-04-24T20:05:04.172Z
Pool - Old,binder,Machinate,DST,Darksteel,24,normal,common,1,29637,49e815b3-373c-4b2e-beb5-c894a52ffdea,0.11,false,false,near_mint,en,EUR,2026-04-24T20:05:04.133Z
Pool - Old,binder,Gifts Ungiven,CHK,Champions of Kamigawa,62,normal,rare,1,29164,32b91eb5-ea53-4a21-a2e5-9c545a42fa30,3.73,false,false,near_mint,en,EUR,2026-04-24T20:09:31.147Z
Pool - Old,binder,Psionic Gift,ODY,Odyssey,95,normal,common,1,32082,862fc18f-90d2-430d-aff2-47c1483dee9d,0.07,false,false,near_mint,en,EUR,2026-04-24T20:05:04.147Z
Pool - Old,binder,Tigereye Cameo,INV,Invasion,314,normal,uncommon,1,33019,25976da8-338d-4f46-b8ea-78a0aa3daa35,0.14,false,false,near_mint,en,EUR,2026-04-24T20:48:03.009Z
Pool - Old,binder,Merfolk of the Pearl Trident,7ED,Seventh Edition,90,normal,common,2,32716,a2e7d1a5-b8ad-48e8-9b54-3663310eca33,0.02,false,false,near_mint,en,EUR,2026-04-24T20:05:04.127Z
Pool - Old,binder,Banshee's Blade,MRD,Mirrodin,144,normal,uncommon,1,29901,b77baad4-2bd6-492a-86ca-8e0088b751d2,0.18,false,false,near_mint,en,EUR,2026-04-24T20:48:02.996Z
Pool - Old,binder,Lunar Avenger,5DN,Fifth Dawn,136,normal,uncommon,1,29359,3f2348e5-6bf9-4a7e-91a4-ba93bb108897,0.08,false,false,near_mint,en,EUR,2026-04-24T20:48:02.956Z
Pool - Old,binder,Decree of Silence,SCG,Scourge,32,normal,rare,1,30656,f2fc46e2-5e19-4999-a4cd-1e84697066c1,16.99,false,false,near_mint,en,EUR,2026-04-24T20:09:31.144Z
Pool - Old,binder,Merchant of Secrets,LGN,Legions,44,normal,common,1,30790,d1109bdd-a5ce-4e63-adee-54e43a4c4a1e,0.09,false,false,near_mint,en,EUR,2026-04-24T20:05:04.131Z
Pool - Old,binder,Leonin Sun Standard,MRD,Mirrodin,194,normal,rare,1,29851,395f719d-1f55-4f1a-a9fb-a178cd589f70,0.32,false,false,near_mint,en,EUR,2026-04-24T20:09:31.155Z
Pool - Old,binder,Sleight of Hand,7ED,Seventh Edition,98,normal,common,1,32708,181fff80-4dea-47ee-a020-d8dc9ea7acdf,0.57,false,false,near_mint,en,EUR,2026-04-24T20:05:04.123Z
Pool - Old,binder,Frogmite,MRD,Mirrodin,172,normal,common,1,29873,ff504dcb-2eb8-4b3c-a8b9-29697739b649,0.26,false,false,near_mint,en,EUR,2026-04-24T20:48:02.984Z
Pool - Old,binder,Assert Authority,MRD,Mirrodin,30,normal,uncommon,1,30015,fc339ed7-e1d4-4fe9-a4c4-b030d3e74c00,0.16,false,false,near_mint,en,EUR,2026-04-24T20:05:04.162Z
Pool - Old,binder,Cephalid Looter,ODY,Odyssey,72,normal,common,1,32105,cb6f1c4e-4fbc-4474-8dd2-5846d417b6ab,0.11,false,false,near_mint,en,EUR,2026-04-24T20:05:04.146Z
Pool - Old,binder,Obsianus Golem,6ED,Classic Sixth Edition,303,normal,uncommon,1,35075,96123be9-c1df-418f-b2b3-98746a0f1692,0.08,false,false,near_mint,en,EUR,2026-04-24T20:48:02.994Z
Pool - Old,binder,Blaze,6ED,Classic Sixth Edition,168,normal,uncommon,1,35209,9f09111a-e714-4f8f-8a48-61c102e45123,0.18,false,false,near_mint,en,EUR,2026-04-24T20:09:31.137Z
Pool - Old,binder,Vulshok Gauntlets,MRD,Mirrodin,273,normal,common,1,29772,14a04bbd-1d07-4b11-aa54-01790b9dd3a0,0.05,false,false,near_mint,en,EUR,2026-04-24T20:48:02.978Z
Pool - Old,binder,Flash Counter,8ED,Eighth Edition,78,normal,common,1,30458,dc14e61f-481a-4bfa-aca0-fb63dc952be6,0.15,false,false,near_mint,en,EUR,2026-04-24T20:05:04.152Z
Pool - Old,binder,Rhox,8ED,Eighth Edition,277,normal,rare,1,30259,33f7e788-8fc7-49f3-804b-2d7f96852d4b,0.12,false,false,near_mint,en,EUR,2026-04-24T20:09:31.159Z
Pool - Old,binder,Spiritual Asylum,NEM,Nemesis,23,normal,rare,1,33859,e5eea354-2d92-4b57-aec7-25260ab7a70f,0.47,false,false,near_mint,en,EUR,2026-04-24T20:09:31.140Z
Pool - Old,binder,Planar Chaos,JUD,Judgment,97,normal,uncommon,1,31501,5dae5e16-d2fc-488c-9c53-d35c377d6a00,1.48,false,false,near_mint,en,EUR,2026-04-24T20:09:31.160Z
Pool - Old,binder,Twiddle,8ED,Eighth Edition,111,normal,common,1,30425,1b25858a-ab2d-441a-a3fe-6d5ecd7f05be,0.27,false,false,near_mint,en,EUR,2026-04-24T20:05:04.178Z
Pool - Old,binder,Shimmering Glasskite,BOK,Betrayers of Kamigawa,51,normal,common,1,28658,94bfedca-5a85-41e9-94be-67ed16bd634e,0.06,false,false,near_mint,en,EUR,2026-04-24T20:05:04.139Z
Pool - Old,binder,Screaming Seahawk,ONS,Onslaught,112,normal,common,1,31191,cc5856ac-e710-44ee-8516-6070f4f31ce5,0.06,false,false,near_mint,en,EUR,2026-04-24T20:05:04.129Z
Pool - Old,binder,Air Elemental,8ED,Eighth Edition,59,normal,uncommon,2,30477,3b15648c-1d88-42ec-b2f7-aab9a8c256a2,0.08,false,false,near_mint,en,EUR,2026-04-24T20:05:04.086Z
Pool - Old,binder,Thieving Magpie,8ED,Eighth Edition,107,normal,uncommon,1,30429,ed3a1c44-4f2b-4277-935c-a337776c023a,0.12,false,false,near_mint,en,EUR,2026-04-24T20:05:04.183Z
Pool - Old,binder,Aether Spellbomb,MRD,Mirrodin,141,normal,common,2,29904,f3792e8b-4ad7-4e2d-994c-c4eaac0fa55f,0.26,false,false,near_mint,en,EUR,2026-04-24T20:48:03.020Z
Pool - Old,binder,Horned Helm,5DN,Fifth Dawn,132,normal,common,1,29363,749c408a-0a19-44a3-a436-295380573f91,0.07,false,false,near_mint,en,EUR,2026-04-24T20:48:03.024Z
Pool - Old,binder,Rust Elemental,MRD,Mirrodin,234,normal,uncommon,2,29811,967a08cd-72b3-4b3f-9f23-15697704acb3,0.37,false,false,near_mint,en,EUR,2026-04-24T20:48:03.037Z
Pool - Old,binder,Battered Golem,5DN,Fifth Dawn,106,normal,common,2,29389,f69add35-c529-4b30-8e64-f09b8308432f,0.16,false,false,near_mint,en,EUR,2026-04-24T20:48:02.995Z
Pool - Old,binder,Pewter Golem,MRD,Mirrodin,227,normal,common,1,29818,28aa6682-bf11-4959-9d07-423a55f35199,0.05,false,false,near_mint,en,EUR,2026-04-24T20:48:03.028Z
Pool - Old,binder,Auriok Siege Sled,DST,Darksteel,105,normal,uncommon,1,29556,7d3808b1-41df-467a-9779-70bbdfbefa6f,0.03,false,false,near_mint,en,EUR,2026-04-24T20:48:03.047Z
Pool - Old,binder,Viridian Longbow,MRD,Mirrodin,270,normal,common,3,29775,be892d73-d1f4-4c36-b674-01ae21ff1484,0.97,false,false,near_mint,en,EUR,2026-04-24T20:48:02.959Z
Pool - Old,binder,Titanium Golem,MRD,Mirrodin,263,normal,common,1,29782,8defd53c-3792-4ed3-aee9-cffda2b8a8b6,0.04,false,false,near_mint,en,EUR,2026-04-24T20:48:03.054Z
Pool - Old,binder,Heliophial,5DN,Fifth Dawn,130,normal,common,2,29365,4d65fa8e-6944-4fe8-b7b4-c77dfbddf605,0.06,false,false,near_mint,en,EUR,2026-04-24T20:48:02.991Z
Pool - Old,binder,Nim Replica,MRD,Mirrodin,220,normal,common,5,29825,d11a56e7-30a4-44da-a58b-336f4c0c4882,0.02,false,false,near_mint,en,EUR,2026-04-24T20:48:02.965Z
Pool - Old,binder,Hematite Golem,MRD,Mirrodin,185,normal,common,2,29860,3cf8d47d-6ecb-424a-a908-a6501f308c8e,0.03,false,false,near_mint,en,EUR,2026-04-24T20:48:03.031Z
Pool - Old,binder,Mindstorm Crown,MRD,Mirrodin,207,normal,uncommon,2,29838,347c1442-036b-43e7-9f86-b81a54d6bc41,0.07,false,false,near_mint,en,EUR,2026-04-24T20:48:03.046Z
Pool - Old,binder,Goblin War Wagon,MRD,Mirrodin,179,normal,common,2,29866,229e8124-54ed-4c29-8c44-4962bd60f145,0.03,false,false,near_mint,en,EUR,2026-04-24T20:48:02.966Z
Pool - Old,binder,Talisman of Indulgence,MRD,Mirrodin,255,normal,uncommon,2,29790,e14011b3-56ce-4b93-833f-d8403809159c,2.03,false,false,near_mint,en,EUR,2026-04-24T20:48:02.975Z
Pool - Old,binder,Vorrac Battlehorns,MRD,Mirrodin,271,normal,common,1,29774,b1b19949-90c9-46f1-85d4-d6eda0b7977e,0.27,false,false,near_mint,en,EUR,2026-04-24T20:48:03.023Z
Pool - Old,binder,Goblin Replica,MRD,Mirrodin,178,normal,common,3,29867,63282976-e08d-4b8c-bbfc-f6739fdaeaf9,0.03,false,false,near_mint,en,EUR,2026-04-24T20:48:02.993Z
Pool - Old,binder,Mana Cylix,PLS,Planeshift,132,normal,uncommon,2,32818,c6f95767-afda-4d74-bbd4-1b702eeae54b,0.16,false,false,near_mint,en,EUR,2026-04-24T20:48:03.008Z
Pool - Old,binder,Needlebug,MRD,Mirrodin,217,normal,uncommon,2,29828,d54fbd8a-1e2a-450e-98f2-26bbc9e9ac79,0.1,false,false,near_mint,en,EUR,2026-04-24T20:48:03.026Z
Pool - Old,binder,Necrogen Spellbomb,MRD,Mirrodin,216,normal,common,4,29829,0950bfe7-2600-4e01-8f54-f03a5c023520,0.14,false,false,near_mint,en,EUR,2026-04-24T20:48:02.960Z
Pool - Old,binder,Elf Replica,MRD,Mirrodin,167,normal,common,1,29878,b92cce55-22ee-40a7-bb94-4889093f142c,0.1,false,false,near_mint,en,EUR,2026-04-24T20:48:03.030Z
Pool - Old,binder,Dross Scorpion,MRD,Mirrodin,164,normal,common,2,29881,27c5381c-2e79-41fa-b1d7-2cf0c6dc1808,0.15,false,false,near_mint,en,EUR,2026-04-24T20:48:03.021Z
Pool - Old,binder,Thermal Navigator,5DN,Fifth Dawn,162,normal,common,1,29333,eb86854f-c933-4b6c-bd0a-67c3615e908f,0.11,false,false,near_mint,en,EUR,2026-04-24T20:48:03.029Z
Pool - Old,binder,Goblin Dirigible,MRD,Mirrodin,177,normal,uncommon,2,29868,d2ed2990-e5bf-4567-9a41-1846108a8aeb,0.05,false,false,near_mint,en,EUR,2026-04-24T20:48:02.961Z
Pool - Old,binder,Yotian Soldier,MRD,Mirrodin,277,normal,common,2,29768,936af0be-6e7b-49f0-ba84-d8bc1b60994d,0.04,false,false,near_mint,en,EUR,2026-04-24T20:48:03.039Z
Pool - Old,binder,Tooth of Chiss-Goria,MRD,Mirrodin,264,normal,common,2,29781,db5a91db-1b86-4471-badc-884142c355ca,0.28,false,false,near_mint,en,EUR,2026-04-24T20:48:02.997Z
Pool - Old,binder,Chromatic Sphere,MRD,Mirrodin,151,normal,common,1,29894,f31a6dfd-93d2-49c8-a357-9a707b9c42bd,0.26,false,false,near_mint,en,EUR,2026-04-24T20:48:02.969Z
Pool - Old,binder,Arcbound Hybrid,DST,Darksteel,97,normal,common,1,29564,a2f33f9d-dffd-4742-92c6-be7fe6463dca,0.13,false,false,near_mint,en,EUR,2026-04-24T20:48:03.025Z
Pool - Old,binder,Pyrite Spellbomb,MRD,Mirrodin,232,normal,common,3,29813,97b9bab9-12ee-4da5-9d53-d0b82d9279cd,0.14,false,false,near_mint,en,EUR,2026-04-24T20:48:02.974Z
Pool - Old,binder,Rod of Ruin,6ED,Classic Sixth Edition,309,normal,uncommon,2,35069,d59bf5fd-141a-4743-ad73-70ec2173e476,0.04,false,false,near_mint,en,EUR,2026-04-24T20:48:02.990Z
Pool - Old,binder,Dragon,PR2,Magic Player Rewards 2002,7,normal,common,1,31748,56c0fa29-fbcb-41fe-94ab-a39b1154c99b,3.48,false,false,near_mint,en,EUR,2026-04-26T18:56:49.174Z
Pool - Old,binder,Soul Feast,UDS,Urza's Destiny,72,normal,uncommon,1,34773,9417a9db-5101-4fe1-84b7-283ca1fd42e5,0.22,false,false,near_mint,en,EUR,2026-05-11T19:01:16.718Z
Pool - Old,binder,Rejuvenation Chamber,NEM,Nemesis,137,normal,uncommon,1,33745,b97f86ce-4758-4ae3-af29-b08a4d771652,0.69,false,false,near_mint,en,EUR,2026-05-11T19:01:16.717Z
Pool - Old,binder,Stunning Strike,CLB,Commander Legends: Battle for Baldur's Gate,97,normal,common,1,69039,582dffab-2851-4498-ad69-c4d072617f32,0.02,false,false,near_mint,en,EUR,2026-06-21T10:20:17.677Z
Pool - Old,binder,Predatory Impetus,CLB,Commander Legends: Battle for Baldur's Gate,249,normal,common,1,68817,0077099d-aafa-46b3-ab64-e1915a9dda70,0.02,false,false,near_mint,en,EUR,2026-06-21T10:20:17.678Z
Pool - Old,binder,Terminate,2X2,Double Masters 2022,389,normal,uncommon,1,70229,54f3c523-09dc-4f2a-9bd9-7614e061de28,0.2,false,true,near_mint,en,EUR,2026-06-21T10:21:17.438Z
Commander Hazel,binder,Ogre Slumlord,BLC,Bloomburrow Commander,186,normal,rare,1,96433,b70293ae-d50d-44bf-aaa3-689727056ec5,0.28,false,false,near_mint,en,EUR,2026-04-24T22:29:34.461Z
Commander Hazel,binder,Zulaport Cutthroat,BLC,Bloomburrow Commander,190,normal,uncommon,1,96243,340efd40-6e1d-440e-b209-9b4993884e1d,1.87,false,false,near_mint,en,EUR,2026-04-24T22:29:34.505Z
Commander Hazel,binder,Windgrace's Judgment,BLC,Bloomburrow Commander,263,normal,rare,1,96412,a5adfe26-8549-4bbd-b881-527add402675,0.18,false,false,near_mint,en,EUR,2026-04-24T22:29:34.475Z
Pool - SecretsOfStrixhaven,binder,Celebrate the Harvest,MIC,Midnight Hunt Commander,24,normal,rare,1,63623,70432583-33c1-4d1a-bb94-765f6d71fed3,0.22,false,false,near_mint,en,EUR,2026-04-20T19:09:59.258Z
Pool - SecretsOfStrixhaven,binder,Wild Hypothesis,SOS,Secrets of Strixhaven,167,normal,common,1,112559,04fdfabc-c247-4384-a5bb-f49035f8aae0,0.19,false,false,near_mint,en,EUR,2026-04-22T20:47:03.924Z
Pool - SecretsOfStrixhaven,binder,Ulna Alley Shopkeep,SOS,Secrets of Strixhaven,103,normal,common,1,112681,c25e1ae5-f17c-4eee-98f1-5681981af31c,0.11,false,false,near_mint,en,EUR,2026-04-22T20:47:03.909Z
Pool - SecretsOfStrixhaven,binder,Biblioplex Tomekeeper,SOS,Secrets of Strixhaven,247,normal,common,1,111740,bf2efdd9-d2b4-4bea-a5b9-dbb2eee4dfba,0.11,false,false,near_mint,en,EUR,2026-04-22T20:47:03.912Z
Pool - SecretsOfStrixhaven,binder,Honorbound Page // Forum's Favor,SOS,Secrets of Strixhaven,19,normal,common,1,112633,79a70863-860f-4a7b-9cb2-d3546b689d44,0.11,false,false,near_mint,en,EUR,2026-04-22T20:47:03.923Z
Pool - SecretsOfStrixhaven,binder,Hydro-Channeler,SOS,Secrets of Strixhaven,54,normal,common,1,112563,099f8400-d70a-48ef-8ff6-645eae97e072,0.09,false,false,near_mint,en,EUR,2026-04-22T20:47:03.926Z
Pool - SecretsOfStrixhaven,binder,Last Gasp,SOS,Secrets of Strixhaven,86,normal,common,1,112698,da5f3729-6ec7-4482-90cb-83b973edeae4,0.05,false,false,near_mint,en,EUR,2026-04-22T20:47:03.925Z
Pool - SecretsOfStrixhaven,binder,Rubble Rouser,SOS,Secrets of Strixhaven,128,normal,common,1,112664,afe61957-a9bb-42b0-98e8-b5fa418cbaff,0.22,false,false,near_mint,en,EUR,2026-04-22T20:47:03.921Z
Pool - SecretsOfStrixhaven,binder,Shopkeeper's Bane,SOS,Secrets of Strixhaven,159,normal,common,1,112651,97f7fbb9-228c-4a74-975b-38d3b6cecb32,0.2,false,false,near_mint,en,EUR,2026-04-22T20:47:03.911Z
Pool - SecretsOfStrixhaven,binder,Embrace the Paradox,SOS,Secrets of Strixhaven,186,normal,common,2,112679,c0cf5e0f-3668-46f2-850d-d91a538e8ead,0.13,false,false,near_mint,en,EUR,2026-04-22T20:47:03.959Z
Pool - SecretsOfStrixhaven,binder,Rapier Wit,SOS,Secrets of Strixhaven,28,normal,common,2,112482,97b50521-5a0f-4dbd-8e15-f0f0d059c258,0.09,false,false,near_mint,en,EUR,2026-04-22T20:47:03.961Z
Pool - SecretsOfStrixhaven,binder,Ajani's Response,SOS,Secrets of Strixhaven,6,foil,common,2,112654,9cd1417a-badc-4abd-a8ca-5b31f85c1072,0.06,false,false,near_mint,en,EUR,2026-04-22T21:00:01.596Z
Pool - SecretsOfStrixhaven,binder,Lattice Library,SOC,Secrets of Strixhaven Commander,40,normal,rare,1,111935,51aa3511-e588-4b40-b98c-c5dc3a05bb2d,0.29,false,false,near_mint,en,EUR,2026-04-22T20:47:03.969Z
Pool - SecretsOfStrixhaven,binder,Goblin Glasswright // Craft with Pride,SOS,Secrets of Strixhaven,117,normal,common,1,112687,c85c5f06-dd31-4e2c-97be-2f64d65069ea,0.07,false,false,near_mint,en,EUR,2026-04-22T20:47:03.948Z
Pool - SecretsOfStrixhaven,binder,Cost of Brilliance,SOS,Secrets of Strixhaven,77,normal,common,3,112594,3a46816b-9f75-4c72-9ec6-cded6a4a0d01,0.07,false,false,near_mint,en,EUR,2026-04-22T20:47:03.978Z
Pool - SecretsOfStrixhaven,binder,Spirit Mascot,SOS,Secrets of Strixhaven,230,normal,common,1,111682,123f1fde-d8de-4640-baa1-bb3781713168,0.1,false,false,near_mint,en,EUR,2026-04-22T20:47:03.958Z
Pool - SecretsOfStrixhaven,binder,Root Manipulation,SOS,Secrets of Strixhaven,222,foil,uncommon,2,112613,5390a79c-bc4b-4edb-a845-0d3514986401,0.11,false,false,near_mint,en,EUR,2026-04-22T21:00:01.592Z
Pool - SecretsOfStrixhaven,binder,Stirring Honormancer,SOS,Secrets of Strixhaven,234,normal,uncommon,2,112709,ee84b04d-78fc-416f-9166-72e5417c3e17,0.09,false,false,near_mint,en,EUR,2026-04-22T20:47:03.917Z
Pool - SecretsOfStrixhaven,binder,Noxious Newt,SOS,Secrets of Strixhaven,155,normal,common,2,112593,3a028306-c5d7-4f8f-b6f4-0d103fd47000,0.14,false,false,near_mint,en,EUR,2026-04-22T20:47:03.977Z
Pool - SecretsOfStrixhaven,binder,Wisdom of Ages,SOS,Secrets of Strixhaven,368,foil,rare,2,111766,f064a5ff-7139-45e3-9012-cf666e4984c4,0.56,false,false,near_mint,en,EUR,2026-04-22T20:47:03.964Z
Pool - SecretsOfStrixhaven,binder,Pest Mascot,SOS,Secrets of Strixhaven,209,normal,common,2,111751,d882beb9-6766-4818-afbb-f6fd7a2d5b70,0.09,false,false,near_mint,en,EUR,2026-04-22T20:47:03.928Z
Pool - SecretsOfStrixhaven,binder,Melancholic Poet,SOS,Secrets of Strixhaven,90,normal,common,1,112696,d8309815-7035-47a5-acf2-2b2ac1e65037,0.12,false,false,near_mint,en,EUR,2026-04-22T20:47:03.965Z
Pool - SecretsOfStrixhaven,binder,Stone Docent,SOS,Secrets of Strixhaven,36,normal,common,4,112682,c2abfffb-bf36-44af-9a27-6e109e4d77dd,0.04,false,false,near_mint,en,EUR,2026-04-22T20:47:03.916Z
Pool - SecretsOfStrixhaven,binder,Tome Blast,SOS,Secrets of Strixhaven,135,normal,common,1,112630,72a3b17d-1e00-48e9-8402-c81bacd595a7,0.14,false,false,near_mint,en,EUR,2026-04-22T20:47:03.962Z
Pool - SecretsOfStrixhaven,binder,Garrison Excavator,SOS,Secrets of Strixhaven,116,foil,uncommon,1,112308,f11d2846-f181-4751-82ac-1e1ced6f46c7,0.17,false,false,near_mint,en,EUR,2026-04-22T20:47:03.976Z
Pool - SecretsOfStrixhaven,binder,Cyclonic Rift,SOA,Secrets of Strixhaven Mystical Archive,144,foil,mythic,1,112747,f779109e-331f-44ae-9dfb-e435a2bc6b7f,182.43,false,false,near_mint,en,EUR,2026-04-22T21:00:01.582Z
Pool - SecretsOfStrixhaven,binder,Charging Strifeknight,SOS,Secrets of Strixhaven,110,normal,uncommon,1,112652,9940d992-1ba1-40ec-9b93-17d773452c4b,0.1,false,false,near_mint,en,EUR,2026-04-22T20:47:03.944Z
Pool - SecretsOfStrixhaven,binder,Spiritcall Enthusiast // Scrollboost,SOS,Secrets of Strixhaven,33,foil,uncommon,1,112300,c0b85569-2cb3-4b64-b0fe-418195c4dab0,0.16,false,false,near_mint,en,EUR,2026-04-22T21:00:01.593Z
Pool - SecretsOfStrixhaven,binder,Rabid Attack,SOS,Secrets of Strixhaven,96,normal,uncommon,1,112714,f5e67560-3135-4b27-a344-5859edf8bcd9,0.2,false,false,near_mint,en,EUR,2026-04-22T20:47:03.942Z
Pool - SecretsOfStrixhaven,binder,Grapple with Death,SOS,Secrets of Strixhaven,192,normal,common,1,111657,62842fb4-8bd3-4d80-b4f9-5bc3c5cebd3a,0.15,false,false,near_mint,en,EUR,2026-04-22T20:47:03.946Z
Pool - SecretsOfStrixhaven,binder,Foolish Fate,SOS,Secrets of Strixhaven,83,normal,uncommon,3,112693,d278f4c9-d20b-4a76-8c5c-4d3e985948b9,0.15,false,false,near_mint,en,EUR,2026-04-22T20:47:03.975Z
Pool - SecretsOfStrixhaven,binder,Monstrous Rage,SOA,Secrets of Strixhaven Mystical Archive,110,normal,uncommon,1,112512,c4eb2c2c-ea5b-416d-be6e-ded50021e2e2,1.0,false,false,near_mint,en,EUR,2026-04-22T21:00:01.590Z
Pool - SecretsOfStrixhaven,binder,Glorious Decay,SOS,Secrets of Strixhaven,150,normal,common,1,112657,a335f396-1004-4fee-842a-a35ff6ba17f2,0.13,false,false,near_mint,en,EUR,2026-04-22T20:47:03.979Z
Pool - SecretsOfStrixhaven,binder,"Abigale, Poet Laureate // Heroic Stanza",SOS,Secrets of Strixhaven,170,normal,uncommon,1,111717,77285d12-e658-4eb3-ba13-ff202afab9c8,0.07,false,false,near_mint,en,EUR,2026-04-22T20:47:03.931Z
Pool - SecretsOfStrixhaven,binder,Send in the Pest,SOS,Secrets of Strixhaven,100,normal,common,1,112576,283b508b-89f0-4c23-9686-b049e402b73c,0.13,false,false,near_mint,en,EUR,2026-04-22T20:47:03.951Z
Pool - SecretsOfStrixhaven,binder,Banishing Betrayal,SOS,Secrets of Strixhaven,38,foil,common,2,111688,1ae9d2f3-7a9f-433a-aa1f-14337ae6f9d4,0.12,false,false,near_mint,en,EUR,2026-04-22T21:00:01.595Z
Pool - SecretsOfStrixhaven,binder,Planar Engineering,SOS,Secrets of Strixhaven,158,foil,rare,2,112391,c83b96a3-ddfd-4d11-8a85-5bf62087cbb9,1.74,false,false,near_mint,en,EUR,2026-04-22T20:47:03.966Z
Pool - SecretsOfStrixhaven,binder,Follow the Lumarets,SOS,Secrets of Strixhaven,148,normal,common,1,112719,f9488480-2b6c-40bc-a93e-29fb1292a2e4,0.11,false,false,near_mint,en,EUR,2026-04-22T20:47:03.960Z
Pool - SecretsOfStrixhaven,binder,Cuboid Colony,SOS,Secrets of Strixhaven,183,normal,uncommon,2,111705,6384d135-7780-4d75-9e95-71bce506948e,0.06,false,false,near_mint,en,EUR,2026-04-22T20:47:03.945Z
Pool - SecretsOfStrixhaven,binder,Wilt in the Heat,SOS,Secrets of Strixhaven,243,foil,common,2,112715,f63f7209-fc0f-400c-8076-125f3131cb32,0.1,false,false,near_mint,en,EUR,2026-04-22T21:00:01.583Z
Pool - SecretsOfStrixhaven,binder,Tackle Artist,SOS,Secrets of Strixhaven,133,foil,common,1,112672,b87e2474-98c1-4c1a-91ed-340b72d31653,0.02,false,false,near_mint,en,EUR,2026-04-22T21:00:01.594Z
Pool - SecretsOfStrixhaven,binder,Infirmary Healer // Stream of Life,SOS,Secrets of Strixhaven,152,normal,uncommon,1,112645,911442e3-3003-4683-a766-e791e9553667,0.12,false,false,near_mint,en,EUR,2026-04-22T20:47:03.932Z
Pool - SecretsOfStrixhaven,binder,Borrowed Knowledge,SOS,Secrets of Strixhaven,178,normal,uncommon,2,112298,a3226e14-554d-47c9-b8b6-dfeb53cc41ba,0.09,false,false,near_mint,en,EUR,2026-04-22T20:47:03.954Z
Pool - SecretsOfStrixhaven,binder,Rehearsed Debater,SOS,Secrets of Strixhaven,29,normal,common,2,112724,fc6a1425-6733-42a2-94d9-605966398092,0.03,false,false,near_mint,en,EUR,2026-04-22T20:47:03.947Z
Pool - SecretsOfStrixhaven,binder,Rearing Embermare,SOS,Secrets of Strixhaven,127,normal,common,2,112561,06dd56bd-de92-4202-af31-7e881c34d799,0.09,false,false,near_mint,en,EUR,2026-04-22T20:47:03.927Z
Pool - SecretsOfStrixhaven,binder,Bitter Triumph,SOA,Secrets of Strixhaven Mystical Archive,26,normal,uncommon,1,112527,db465858-0593-4850-8f1d-400fe230a18d,0.4,false,false,near_mint,en,EUR,2026-04-22T21:00:01.588Z
Pool - SecretsOfStrixhaven,binder,Giant Growth,SOA,Secrets of Strixhaven Mystical Archive,117,normal,uncommon,1,111802,64490086-2e8b-4921-ab08-68960c47277c,0.86,false,false,near_mint,en,EUR,2026-04-22T20:47:03.972Z
Pool - SecretsOfStrixhaven,binder,Poisoner's Apprentice,SOS,Secrets of Strixhaven,92,foil,uncommon,1,112591,3755a2e9-af55-4625-a006-2a86c7893a96,0.48,false,false,near_mint,en,EUR,2026-04-22T21:00:01.589Z
Pool - SecretsOfStrixhaven,binder,Dissection Practice,SOS,Secrets of Strixhaven,79,normal,uncommon,2,112700,ddbf1242-6832-475e-9a77-65dd9b4bb32a,0.19,false,false,near_mint,en,EUR,2026-04-22T20:47:03.953Z
Pool - SecretsOfStrixhaven,binder,Traumatic Critique,SOS,Secrets of Strixhaven,239,normal,rare,1,112221,2a812fa7-4599-4e25-97db-20ffc6bc0b26,0.7,false,false,near_mint,en,EUR,2026-04-22T20:47:03.941Z
Pool - SecretsOfStrixhaven,binder,Group Project,SOS,Secrets of Strixhaven,17,normal,uncommon,1,112305,e8abc1eb-6225-4b18-8502-b5324b818aed,0.09,false,false,near_mint,en,EUR,2026-04-22T20:47:03.943Z
Pool - SecretsOfStrixhaven,binder,Leitmotif Composer,SOC,Secrets of Strixhaven Commander,20,normal,rare,1,111871,2511b281-f822-427c-ac5f-d376b64fa6cf,0.21,false,false,near_mint,en,EUR,2026-04-24T21:56:17.396Z
Pool - SecretsOfStrixhaven,binder,Creative Technique,SOC,Secrets of Strixhaven Commander,241,normal,rare,1,112100,c0b5ba5f-ac25-4134-91c1-9677ba86576c,0.64,false,false,near_mint,en,EUR,2026-04-24T21:56:17.375Z
Pool - SecretsOfStrixhaven,binder,Deep Analysis,SOC,Secrets of Strixhaven Commander,194,normal,common,1,112110,c3acd528-c46c-4fa5-9038-8f821ba49014,0.16,false,false,near_mint,en,EUR,2026-04-24T21:56:17.339Z
Pool - SecretsOfStrixhaven,binder,Abstract Performance,SOC,Secrets of Strixhaven Commander,17,normal,rare,1,111876,2795c812-0850-4405-b968-b624deaccd55,0.27,false,false,near_mint,en,EUR,2026-04-24T21:56:17.398Z
Pool - SecretsOfStrixhaven,binder,Aether Gale,SOC,Secrets of Strixhaven Commander,186,normal,uncommon,1,111929,4e336e87-e5af-46a0-8caf-5d9ad8d671fd,0.21,false,false,near_mint,en,EUR,2026-04-24T21:56:17.341Z
Pool - SecretsOfStrixhaven,binder,Redoubled Stormsinger,SOC,Secrets of Strixhaven Commander,251,normal,rare,1,112203,fc5fcb5e-091e-4f47-9c74-9e187a9e0e5d,0.23,false,false,near_mint,en,EUR,2026-04-24T21:56:17.357Z
Pool - SecretsOfStrixhaven,binder,Throes of Chaos,SOC,Secrets of Strixhaven Commander,257,normal,uncommon,1,112079,af0fd1ff-3398-45df-b934-07a6b6497998,0.17,false,false,near_mint,en,EUR,2026-04-24T21:56:17.331Z
Pool - SecretsOfStrixhaven,binder,Renegade Bull,SOC,Secrets of Strixhaven Commander,36,normal,rare,1,112069,aa23e922-f44b-4af8-8ce0-bc1bc1e65bad,0.52,false,false,near_mint,en,EUR,2026-04-24T21:56:17.393Z
Pool - SecretsOfStrixhaven,binder,Molten Note,SOS,Secrets of Strixhaven,204,foil,uncommon,1,111701,506f69aa-7dc4-4dd7-990a-7371fc1762c0,0.15,false,false,near_mint,en,EUR,2026-04-27T17:25:07.191Z
Pool - SecretsOfStrixhaven,binder,Antiquities on the Loose,SOS,Secrets of Strixhaven,7,normal,rare,1,112291,68ee92cd-51af-4de5-bcc8-34d0bb2fd398,0.02,false,false,near_mint,en,EUR,2026-04-25T14:59:04.586Z
Pool - SecretsOfStrixhaven,binder,Burrog Banemaker,SOS,Secrets of Strixhaven,75,normal,common,2,112599,3e4f9d23-1a17-4188-ac91-f8ddea46a1c4,0.07,false,false,near_mint,en,EUR,2026-04-26T19:57:37.740Z
Pool - SecretsOfStrixhaven,binder,Duty Beyond Death,SOA,Secrets of Strixhaven Mystical Archive,4,normal,uncommon,1,111803,6f8f8183-d17a-41b8-b3b5-914f193fd964,0.12,false,false,near_mint,en,EUR,2026-04-26T19:57:37.749Z
Pool - SecretsOfStrixhaven,binder,Hop to It,SOA,Secrets of Strixhaven Mystical Archive,6,normal,uncommon,2,112422,16fabbbf-e35b-468c-9aea-09aa6a388dee,0.07,false,false,near_mint,en,EUR,2026-04-27T17:25:07.189Z
Pool - SecretsOfStrixhaven,binder,Stress Dream,SOS,Secrets of Strixhaven,235,foil,uncommon,1,111691,1ec40a1b-51e7-4a35-966c-ab2a10f21a80,0.17,false,false,near_mint,en,EUR,2026-04-27T17:25:07.192Z
Pool - SecretsOfStrixhaven,binder,Tragedy Feaster,SOS,Secrets of Strixhaven,102,normal,rare,1,112502,b93cbaad-8ed8-4a1d-b95a-20a616dfedc9,0.02,false,false,near_mint,en,EUR,2026-04-26T19:57:37.748Z
Pool - SecretsOfStrixhaven,binder,Divergent Equation,SOS,Secrets of Strixhaven,43,normal,uncommon,1,112327,26295e25-f1bf-4665-ba00-dad35c49bbc2,0.12,false,false,near_mint,en,EUR,2026-04-25T14:59:04.583Z
Pool - SecretsOfStrixhaven,binder,Royal Treatment,SOA,Secrets of Strixhaven Mystical Archive,56,foil,uncommon,1,112412,009bad41-5e96-4bb3-9f5e-66500fb8af29,0.08,false,false,near_mint,en,EUR,2026-04-25T14:59:04.587Z
Pool - SecretsOfStrixhaven,binder,Impractical Joke,SOS,Secrets of Strixhaven,119,normal,uncommon,1,112334,39a816b4-39b8-421c-b828-68db901d34b7,0.18,false,false,near_mint,en,EUR,2026-04-26T19:57:37.745Z
Pool - SecretsOfStrixhaven,binder,Efflorescence,SOS,Secrets of Strixhaven,144,normal,common,2,112634,79b9ace7-eceb-4f97-9ee7-d5ee3e0b3515,0.06,false,false,near_mint,en,EUR,2026-04-26T19:57:37.739Z
Pool - SecretsOfStrixhaven,binder,Spiritcall Enthusiast // Scrollboost,SOS,Secrets of Strixhaven,33,normal,uncommon,1,112300,c0b85569-2cb3-4b64-b0fe-418195c4dab0,0.21,false,false,near_mint,en,EUR,2026-04-26T19:57:37.746Z
Pool - SecretsOfStrixhaven,binder,Ambitious Augmenter,SOS,Secrets of Strixhaven,140,foil,rare,1,112312,85629088-2007-4db5-9397-bac12a3d7498,0.19,false,false,near_mint,en,EUR,2026-04-27T17:25:07.185Z
Pool - SecretsOfStrixhaven,binder,Bogwater Lumaret,SOS,Secrets of Strixhaven,177,foil,common,1,111650,7a42f51a-3377-47bb-b6fb-c0515bf1dcfb,0.21,false,false,near_mint,en,EUR,2026-04-25T14:59:04.588Z
Pool - SecretsOfStrixhaven,binder,Ascendant Dustspeaker,SOS,Secrets of Strixhaven,8,normal,common,1,112702,de3de40b-a7ac-455e-add2-4e451b602d17,0.12,false,false,near_mint,en,EUR,2026-04-25T14:59:04.580Z
Pool - SecretsOfStrixhaven,binder,Run Behind,SOS,Secrets of Strixhaven,66,normal,common,2,112601,40ecc34b-4cd0-4998-bbf4-7faa6fd3d7e0,0.04,false,false,near_mint,en,EUR,2026-04-25T14:59:04.578Z
Pool - SecretsOfStrixhaven,binder,Vastlands Scavenger // Bind to Life,SOS,Secrets of Strixhaven,166,normal,rare,1,112607,476b6a4d-cc05-4e98-8a45-a5c6582ec514,0.03,false,false,near_mint,en,EUR,2026-04-26T19:57:37.747Z
Pool - SecretsOfStrixhaven,binder,Fractalize,SOS,Secrets of Strixhaven,51,normal,uncommon,2,112399,e3c3b19b-01b6-4f5a-b428-513b778c5d89,0.03,false,false,near_mint,en,EUR,2026-04-26T19:57:37.744Z
Pool - SecretsOfStrixhaven,binder,Elemental Mascot,SOS,Secrets of Strixhaven,185,normal,common,2,111741,c507eb1c-48e9-4d28-bb2d-71f2a9df9ab0,0.09,false,false,near_mint,en,EUR,2026-04-25T14:59:04.581Z
Pool - SecretsOfStrixhaven,binder,Aberrant Manawurm,SOS,Secrets of Strixhaven,138,foil,uncommon,1,112632,797131cf-d80d-4050-bebd-2ce1d7fae5d0,0.14,false,false,near_mint,en,EUR,2026-04-27T17:25:07.193Z
Pool - SecretsOfStrixhaven,binder,Stirring Hopesinger,SOS,Secrets of Strixhaven,35,normal,rare,1,112425,21375667-b318-47f8-a482-9c8c2b5b14c0,0.02,false,false,near_mint,en,EUR,2026-04-27T17:25:07.186Z
Pool - SecretsOfStrixhaven,binder,Fractal Tender,SOS,Secrets of Strixhaven,190,foil,uncommon,1,112314,ea7f5262-4ddb-410a-be72-4bac6af9b4ec,0.18,false,false,near_mint,en,EUR,2026-04-26T19:57:37.750Z
Pool - SecretsOfStrixhaven,binder,Oracle's Restoration,SOS,Secrets of Strixhaven,156,normal,common,1,111670,0863a19d-4511-4a78-98dd-d194afd1c39b,0.08,false,false,near_mint,en,EUR,2026-04-25T14:59:04.576Z
Pool - SecretsOfStrixhaven,binder,Sneering Shadewriter,SOS,Secrets of Strixhaven,101,normal,common,1,112608,4b4c120e-abe9-4f11-a7e4-bc3f723da4b2,0.08,false,false,near_mint,en,EUR,2026-04-25T14:59:04.577Z
Pool - SecretsOfStrixhaven,binder,Textbook Tabulator,SOS,Secrets of Strixhaven,70,normal,common,1,112615,56f54fee-b48d-4582-8982-ca4c7b8ef553,0.06,false,false,near_mint,en,EUR,2026-04-28T20:43:22.356Z
Pool - SecretsOfStrixhaven,binder,Bulk Up,SOA,Secrets of Strixhaven Mystical Archive,40,normal,uncommon,1,112533,e86fcad5-8150-4a76-b27e-47a9f05745c1,0.08,false,false,near_mint,en,EUR,2026-04-28T20:43:22.365Z
Pool - SecretsOfStrixhaven,binder,Render Speechless,SOS,Secrets of Strixhaven,220,normal,common,1,112573,25bbb1c7-14e8-444f-ab98-e95f50927460,0.05,false,false,near_mint,en,EUR,2026-04-28T20:43:22.358Z
Pool - SecretsOfStrixhaven,binder,Elemental Mascot,SOS,Secrets of Strixhaven,185,foil,common,1,111741,c507eb1c-48e9-4d28-bb2d-71f2a9df9ab0,0.18,false,false,near_mint,en,EUR,2026-04-27T17:25:07.197Z
Pool - SecretsOfStrixhaven,binder,Knockout Maneuver,SOA,Secrets of Strixhaven Mystical Archive,54,normal,uncommon,1,112436,42d90959-b88c-4321-b2af-78ac7aab9909,0.1,false,false,near_mint,en,EUR,2026-04-29T20:55:56.292Z
Pool - SecretsOfStrixhaven,binder,Dig Site Inventory,SOS,Secrets of Strixhaven,10,normal,common,1,112707,e52464ee-df8b-41ec-af93-4b0eb004383e,0.13,false,false,near_mint,en,EUR,2026-04-29T20:55:56.287Z
Pool - SecretsOfStrixhaven,binder,Heated Argument,SOS,Secrets of Strixhaven,118,normal,common,2,111679,0038d212-3d95-4f98-8c2e-7b2404d0ced7,0.04,false,false,near_mint,en,EUR,2026-04-28T20:43:22.357Z
Pool - SecretsOfStrixhaven,binder,Moment of Reckoning,SOS,Secrets of Strixhaven,205,normal,rare,1,112345,577d9dc8-7720-4dc9-b650-64b4729b309b,0.02,false,false,near_mint,en,EUR,2026-04-30T11:48:37.645Z
Pool - SecretsOfStrixhaven,binder,Pensive Professor,SOS,Secrets of Strixhaven,63,normal,rare,1,111707,66d47940-84f9-4479-8562-45e5148435d4,0.5,false,false,near_mint,en,EUR,2026-04-29T20:55:56.295Z
Pool - SecretsOfStrixhaven,binder,Essenceknit Scholar,SOS,Secrets of Strixhaven,187,normal,uncommon,1,112578,2a3cba55-3fae-4d45-ae03-4d662ec13718,0.12,false,false,near_mint,en,EUR,2026-04-28T20:43:22.362Z
Pool - SecretsOfStrixhaven,binder,Unsubtle Mockery,SOS,Secrets of Strixhaven,136,normal,common,1,112580,2b7cb1a3-761e-470e-a164-6e29dd9448cd,0.07,false,false,near_mint,en,EUR,2026-05-02T08:38:56.571Z
Pool - SecretsOfStrixhaven,binder,Diary of Dreams,SOS,Secrets of Strixhaven,248,foil,uncommon,1,111763,ee1e0a96-af80-444e-a456-5b256cf60625,0.19,false,false,near_mint,en,EUR,2026-04-29T20:55:56.296Z
Pool - SecretsOfStrixhaven,binder,Pigment Wrangler // Striking Palette,SOS,Secrets of Strixhaven,126,normal,uncommon,1,112683,c2faf4cf-c4b6-4721-ac06-0e045dd9704a,0.09,false,false,near_mint,en,EUR,2026-05-02T08:38:56.577Z
Pool - SecretsOfStrixhaven,binder,Hungry Graffalon,SOS,Secrets of Strixhaven,151,normal,common,2,112557,030b1272-5990-4bc9-8fc1-82cc05602060,0.02,false,false,near_mint,en,EUR,2026-04-30T11:48:37.638Z
Pool - SecretsOfStrixhaven,binder,Pull from the Grave,SOS,Secrets of Strixhaven,95,normal,common,1,111658,d73612fe-8992-4650-a7e3-c7b662da6a03,0.1,false,false,near_mint,en,EUR,2026-04-28T20:43:22.355Z
Pool - SecretsOfStrixhaven,binder,Jeska's Will,SOA,Secrets of Strixhaven Mystical Archive,44,normal,mythic,1,112661,aa1e5db0-4cd8-4d42-bde1-3e3d0041339f,23.26,false,false,near_mint,en,EUR,2026-04-30T11:48:37.647Z
Pool - SecretsOfStrixhaven,binder,Flow State,SOS,Secrets of Strixhaven,49,normal,uncommon,1,112343,47d6093b-b1b6-4956-8bfd-02cce899f832,4.85,false,false,near_mint,en,EUR,2026-04-28T20:43:22.360Z
Pool - SecretsOfStrixhaven,binder,Burrog Banemaker,SOS,Secrets of Strixhaven,75,foil,common,2,112599,3e4f9d23-1a17-4188-ac91-f8ddea46a1c4,0.15,false,false,near_mint,en,EUR,2026-04-27T17:25:07.194Z
Pool - SecretsOfStrixhaven,binder,Mindful Biomancer,SOS,Secrets of Strixhaven,154,normal,common,1,112582,2c3a6eb8-ce0c-4dc8-9ed6-d2a9223eef53,0.02,false,false,near_mint,en,EUR,2026-05-02T08:38:56.573Z
Pool - SecretsOfStrixhaven,binder,Arcane Omens,SOS,Secrets of Strixhaven,73,normal,uncommon,1,111654,d357d997-9d4e-4ade-81f2-37629853f13a,0.02,false,false,near_mint,en,EUR,2026-04-29T20:55:56.290Z
Pool - SecretsOfStrixhaven,binder,Adventurous Eater // Have a Bite,SOS,Secrets of Strixhaven,72,normal,common,1,112694,d40cc7da-c731-418e-8547-7033d1939450,0.05,false,false,near_mint,en,EUR,2026-04-29T20:55:56.291Z
Pool - SecretsOfStrixhaven,binder,Pterafractyl,SOS,Secrets of Strixhaven,215,normal,common,1,112402,ecd33152-e290-4505-addd-a8d08cefdddd,0.1,false,false,near_mint,en,EUR,2026-04-29T20:55:56.288Z
Pool - SecretsOfStrixhaven,binder,Banishing Betrayal,SOS,Secrets of Strixhaven,38,normal,common,2,111688,1ae9d2f3-7a9f-433a-aa1f-14337ae6f9d4,0.04,false,false,near_mint,en,EUR,2026-05-02T08:38:56.570Z
Pool - SecretsOfStrixhaven,binder,Quill-Blade Laureate // Twofold Intent,SOS,Secrets of Strixhaven,27,normal,uncommon,1,112450,62a47835-5719-48c4-a740-a0c5f00dce11,0.05,false,false,near_mint,en,EUR,2026-04-29T20:55:56.294Z
Pool - SecretsOfStrixhaven,binder,Scolding Administrator,SOS,Secrets of Strixhaven,224,normal,uncommon,1,112626,69757177-aefa-44a6-81db-5ae9b5d2f117,0.06,false,false,near_mint,en,EUR,2026-05-02T08:38:56.578Z
Pool - SecretsOfStrixhaven,binder,Owlin Historian,SOS,Secrets of Strixhaven,24,foil,common,1,112620,5fe99be0-e1ec-485e-82f8-02eba7b82441,0.13,false,false,near_mint,en,EUR,2026-04-27T17:25:07.195Z
Pool - SecretsOfStrixhaven,binder,Sundering Archaic,SOS,Secrets of Strixhaven,3,normal,uncommon,1,112389,c35b57e4-2358-46c0-8f09-cd27c10eaf2d,0.02,false,false,near_mint,en,EUR,2026-04-29T20:55:56.289Z
Pool - SecretsOfStrixhaven,binder,Primary Research,SOS,Secrets of Strixhaven,26,foil,uncommon,1,112190,f6fdb814-45c6-4d14-afff-7f5bd1bd10a1,0.02,false,false,near_mint,en,EUR,2026-05-02T08:38:56.582Z
Pool - SecretsOfStrixhaven,binder,Paradox Surveyor,SOS,Secrets of Strixhaven,208,normal,uncommon,1,112394,d7cb1af2-0302-46ff-8303-ae9d07541a01,0.06,false,false,near_mint,en,EUR,2026-04-30T11:48:37.643Z
Pool - SecretsOfStrixhaven,binder,Elite Interceptor // Rejoinder,SOS,Secrets of Strixhaven,12,normal,common,2,112577,2970683e-e69c-42cb-a067-34abd56fb42b,0.06,false,false,near_mint,en,EUR,2026-04-30T11:48:37.637Z
Pool - SecretsOfStrixhaven,binder,Royal Treatment,SOA,Secrets of Strixhaven Mystical Archive,56,normal,uncommon,1,112412,009bad41-5e96-4bb3-9f5e-66500fb8af29,0.03,false,false,near_mint,en,EUR,2026-05-02T08:38:56.581Z
Pool - SecretsOfStrixhaven,binder,Pestbrood Sloth,SOS,Secrets of Strixhaven,157,normal,uncommon,1,112680,c1251ae6-2f19-4f84-ab02-6a6cc7ce6056,0.1,false,false,near_mint,en,EUR,2026-04-28T20:43:22.359Z
Pool - SecretsOfStrixhaven,binder,Fractal Tender,SOS,Secrets of Strixhaven,190,normal,uncommon,1,112314,ea7f5262-4ddb-410a-be72-4bac6af9b4ec,0.08,false,false,near_mint,en,EUR,2026-04-29T20:55:56.293Z
Pool - SecretsOfStrixhaven,binder,Antiquities on the Loose,SOS,Secrets of Strixhaven,7,foil,rare,1,112291,68ee92cd-51af-4de5-bcc8-34d0bb2fd398,0.18,false,false,near_mint,de,EUR,2026-05-16T14:46:39.583Z
Pool - SecretsOfStrixhaven,binder,Spell Pierce,SOA,Secrets of Strixhaven Mystical Archive,23,normal,uncommon,1,112504,bc8f80e2-dd9d-4abc-b44c-fbef4d403e6f,0.16,false,false,near_mint,en,EUR,2026-05-06T21:14:21.498Z
Pool - SecretsOfStrixhaven,binder,Pest Rescuer,SOC,Secrets of Strixhaven Commander,42,normal,rare,1,111864,1f2a066a-7bcd-4e9d-8e52-0769cd6c8124,1.66,false,false,near_mint,en,EUR,2026-05-02T18:06:30.785Z
Pool - SecretsOfStrixhaven,binder,Locust Spray,SOA,Secrets of Strixhaven Mystical Archive,31,normal,uncommon,1,112497,b221e1e9-7b14-4444-ac1c-3d5174c711e9,0.07,false,false,near_mint,en,EUR,2026-05-02T18:06:30.788Z
Pool - SecretsOfStrixhaven,binder,Spellbook Seeker // Careful Study,SOS,Secrets of Strixhaven,68,normal,common,1,112691,cc44eaa4-59a4-419e-b1d1-d92f354ff588,0.02,false,false,near_mint,en,EUR,2026-05-17T20:19:09.425Z
Pool - SecretsOfStrixhaven,binder,Embrace the Paradox,SOS,Secrets of Strixhaven,186,foil,common,1,112679,c0cf5e0f-3668-46f2-850d-d91a538e8ead,0.2,false,false,near_mint,en,EUR,2026-05-02T18:06:30.793Z
Pool - SecretsOfStrixhaven,binder,Ulna Alley Shopkeep,SOS,Secrets of Strixhaven,103,foil,common,1,112681,c25e1ae5-f17c-4eee-98f1-5681981af31c,0.02,false,false,near_mint,de,EUR,2026-05-16T14:46:39.589Z
Pool - SecretsOfStrixhaven,binder,Awaken the Woods,SOA,Secrets of Strixhaven Mystical Archive,49,foil,mythic,1,112475,914e582c-978f-46fd-b06b-1ff2c20e5506,12.56,false,false,near_mint,de,EUR,2026-05-16T14:46:39.592Z
Pool - SecretsOfStrixhaven,binder,Stadium Tidalmage,SOS,Secrets of Strixhaven,232,foil,common,1,112658,a689289e-7141-4950-8a87-82e9bd6846fe,0.14,false,false,near_mint,de,EUR,2026-05-16T14:46:39.591Z
Pool - SecretsOfStrixhaven,binder,Sleight of Hand,SOA,Secrets of Strixhaven Mystical Archive,87,normal,uncommon,1,112729,11a91b7a-108e-43b6-a08d-56f824e807dd,1.59,false,false,near_mint,ja,EUR,2026-05-16T14:46:39.594Z
Pool - SecretsOfStrixhaven,binder,Artistic Process,SOS,Secrets of Strixhaven,108,foil,uncommon,1,112262,bce9d933-be58-4301-beb4-07b04d0b69f0,0.17,false,false,near_mint,en,EUR,2026-05-02T18:06:30.791Z
Pool - SecretsOfStrixhaven,binder,Stock Up,SOA,Secrets of Strixhaven Mystical Archive,24,foil,uncommon,1,110977,ad048b7c-588f-4c34-906f-4224f1aaaeb6,2.71,false,false,near_mint,en,EUR,2026-05-06T21:14:21.497Z
Pool - SecretsOfStrixhaven,binder,Defacing Duskmage // Vandal's Edit,SOC,Secrets of Strixhaven Commander,45,normal,rare,1,112109,c35a1c6f-1656-4619-9ab8-40044c857a7f,0.7,false,false,near_mint,de,EUR,2026-05-17T11:44:09.473Z
Pool - SecretsOfStrixhaven,binder,"Sanar, Unfinished Genius // Wild Idea",SOS,Secrets of Strixhaven,223,foil,uncommon,2,111685,173157aa-712d-44f2-89ba-dd2511a07f26,0.06,false,false,near_mint,en,EUR,2026-05-02T18:06:30.790Z
Pool - SecretsOfStrixhaven,binder,Strixhaven Skycoach,SOS,Secrets of Strixhaven,252,foil,uncommon,1,112469,87741fbb-b426-4f83-a358-587b0907f081,0.02,false,false,near_mint,de,EUR,2026-05-17T11:44:09.480Z
Pool - SecretsOfStrixhaven,binder,Ambitious Augmenter,SOS,Secrets of Strixhaven,140,normal,rare,1,112312,85629088-2007-4db5-9397-bac12a3d7498,0.02,false,false,near_mint,en,EUR,2026-05-06T21:14:21.495Z
Pool - SecretsOfStrixhaven,binder,Proctor's Gaze,SOS,Secrets of Strixhaven,213,foil,uncommon,1,112666,b127d543-0a90-4af6-9410-94d5cd30389e,0.18,false,false,near_mint,en,EUR,2026-05-06T21:14:21.499Z
Pool - SecretsOfStrixhaven,binder,Chase Inspiration,SOS,Secrets of Strixhaven,41,foil,common,1,112562,06f9f257-c7ef-44b7-8b2b-f038fba900af,0.02,false,false,near_mint,de,EUR,2026-05-17T11:44:09.484Z
Pool - SecretsOfStrixhaven,binder,Monstrous Rage,SOA,Secrets of Strixhaven Mystical Archive,110,normal,uncommon,1,112512,c4eb2c2c-ea5b-416d-be6e-ded50021e2e2,0.18,false,false,near_mint,de,EUR,2026-05-17T11:44:09.477Z
Pool - SecretsOfStrixhaven,binder,Pursue the Past,SOS,Secrets of Strixhaven,216,foil,common,2,112605,4584d5f7-b1f1-4c8e-80c5-ad35e44a968e,0.14,false,false,near_mint,en,EUR,2026-05-06T21:14:21.502Z
Pool - SecretsOfStrixhaven,binder,Deduce,SOA,Secrets of Strixhaven Mystical Archive,146,foil,uncommon,1,111781,0d9f7563-0c3e-4bfe-b61a-8e6a6d2411b4,4.86,false,false,near_mint,ja,EUR,2026-05-16T14:46:39.593Z
Pool - SecretsOfStrixhaven,binder,Scathing Shadelock // Venomous Words,SOS,Secrets of Strixhaven,98,foil,uncommon,1,112558,03e664cd-c3a6-4263-b2d8-dd99058fb8ec,0.13,false,false,near_mint,de,EUR,2026-05-16T14:46:39.586Z
Pool - SecretsOfStrixhaven,binder,Rancorous Archaic,SOS,Secrets of Strixhaven,2,normal,common,1,111695,2565e16a-ed31-4867-adb8-f1633d580397,0.02,false,false,near_mint,de,EUR,2026-05-17T11:44:09.481Z
Pool - SecretsOfStrixhaven,binder,Killian's Confidence,SOS,Secrets of Strixhaven,197,foil,uncommon,1,112443,55ff776a-fc3b-4338-8864-d57a85b3f123,0.02,false,false,near_mint,de,EUR,2026-05-17T11:44:09.479Z
Pool - SecretsOfStrixhaven,binder,Eternal Student,SOS,Secrets of Strixhaven,82,foil,uncommon,1,112720,f97fac69-3e77-4150-9702-cc726daa6d21,0.02,false,false,near_mint,de,EUR,2026-05-17T11:44:09.478Z
Pool - SecretsOfStrixhaven,binder,Furygale Flocking,SOC,Secrets of Strixhaven Commander,32,normal,rare,1,112067,a967af7a-03ed-4858-9c26-66f2cb706b02,0.04,false,false,near_mint,en,EUR,2026-05-06T21:14:21.496Z
Pool - SecretsOfStrixhaven,binder,Comforting Counsel,SOS,Secrets of Strixhaven,143,normal,rare,1,112612,5223a04f-6b47-4379-80ce-8489c4a91734,0.02,false,false,near_mint,en,EUR,2026-05-02T18:06:30.784Z
Pool - SecretsOfStrixhaven,binder,Wild Hypothesis,SOS,Secrets of Strixhaven,167,foil,common,1,112559,04fdfabc-c247-4384-a5bb-f49035f8aae0,0.08,false,false,near_mint,de,EUR,2026-05-16T14:46:39.590Z
Pool - SecretsOfStrixhaven,binder,Potioner's Trove,SOS,Secrets of Strixhaven,251,foil,common,2,112570,2123b349-4649-4a15-a8b5-b54414d2b1b7,0.11,false,false,near_mint,en,EUR,2026-05-02T18:06:30.795Z
Pool - SecretsOfStrixhaven,binder,Zealous Lorecaster,SOS,Secrets of Strixhaven,137,foil,common,1,112590,36ab2130-9f21-4d30-873a-aa72d3d15fa8,0.02,false,false,near_mint,de,EUR,2026-05-17T11:44:09.483Z
Pool - SecretsOfStrixhaven,binder,Practiced Offense,SOS,Secrets of Strixhaven,25,foil,rare,1,112293,79c7cf94-c0a1-432d-90d7-7f0599c2e7a8,0.09,false,false,near_mint,de,EUR,2026-05-17T11:44:09.470Z
Pool - SecretsOfStrixhaven,binder,Smallpox,SOA,Secrets of Strixhaven Mystical Archive,33,foil,rare,1,111782,0f6f64b9-145c-4ed2-b90c-cbcf021b353d,1.84,false,false,near_mint,en,EUR,2026-05-06T21:14:21.493Z
Pool - SecretsOfStrixhaven,binder,Together as One,SOS,Secrets of Strixhaven,4,foil,rare,1,111732,ac2a8a66-e38c-42ab-83e1-d2d99ee48861,0.29,false,false,near_mint,en,EUR,2026-05-06T21:14:21.494Z
Pool - SecretsOfStrixhaven,binder,Tenured Concocter,SOS,Secrets of Strixhaven,163,foil,common,1,112592,376c8b7d-1c90-47e1-bd01-e4c67f3fc4fc,0.02,false,false,near_mint,de,EUR,2026-05-17T11:44:09.482Z
Pool - SecretsOfStrixhaven,binder,Landscape Painter // Vibrant Idea,SOS,Secrets of Strixhaven,56,foil,common,1,112264,c0bd30c4-3cdf-4eda-8be5-0fb5e5ddddbf,0.05,false,false,near_mint,en,EUR,2026-05-02T18:06:30.794Z
Pool - SecretsOfStrixhaven,binder,Veil of Summer,SOA,Secrets of Strixhaven Mystical Archive,190,foil,rare,1,112736,72e59908-e02e-4ff1-ac98-6f5d1ac9f579,47.12,false,false,near_mint,en,EUR,2026-05-02T18:06:30.782Z
Pool - SecretsOfStrixhaven,binder,Mage Tower Referee,SOS,Secrets of Strixhaven,249,foil,common,2,112568,1ceb704a-97a8-49f9-b799-30f001404144,0.05,false,false,near_mint,en,EUR,2026-05-06T21:14:21.503Z
Pool - SecretsOfStrixhaven,binder,Decorum Dissertation,SOS,Secrets of Strixhaven,78,foil,mythic,1,112404,f4ab2d9b-c73d-478d-aac7-4d3bb24296d2,4.8,false,false,near_mint,de,EUR,2026-05-17T11:44:09.474Z
Pool - SecretsOfStrixhaven,binder,Fix What's Broken,SOS,Secrets of Strixhaven,188,normal,rare,1,112678,c0cd1d71-8e4a-4e00-80cd-83aec231fa57,0.21,false,false,near_mint,de,EUR,2026-05-16T14:46:39.581Z
Pool - SecretsOfStrixhaven,binder,Conciliator's Duelist,SOS,Secrets of Strixhaven,182,foil,rare,1,111758,e225929b-6197-4550-969e-3c4a97206a68,0.02,false,false,near_mint,en,EUR,2026-05-06T21:14:21.492Z
Pool - SecretsOfStrixhaven,binder,Rapturous Moment,SOS,Secrets of Strixhaven,219,foil,uncommon,2,112285,21afe19d-881a-48cb-863e-22942bea5ebe,0.14,false,false,near_mint,en,EUR,2026-05-02T18:06:30.789Z
Pool - SecretsOfStrixhaven,binder,Social Snub,SOS,Secrets of Strixhaven,228,foil,uncommon,1,112373,a04b6900-0436-4920-a0d4-c0186d605ae3,0.08,false,false,near_mint,en,EUR,2026-05-06T21:14:21.501Z
Pool - SecretsOfStrixhaven,binder,"Mica, Reader of Ruins",SOS,Secrets of Strixhaven,124,foil,uncommon,1,112369,949ad3ff-9e80-493c-a3ae-146b919bfcd7,0.14,false,false,near_mint,en,EUR,2026-05-06T21:14:21.500Z
Pool - SecretsOfStrixhaven,binder,Rubble Rouser,SOS,Secrets of Strixhaven,128,foil,common,1,112664,afe61957-a9bb-42b0-98e8-b5fa418cbaff,0.15,false,false,near_mint,en,EUR,2026-05-02T18:06:30.792Z
Pool - SecretsOfStrixhaven,binder,Leitmotif Composer,SOC,Secrets of Strixhaven Commander,20,normal,rare,1,111871,2511b281-f822-427c-ac5f-d376b64fa6cf,0.26,false,false,near_mint,de,EUR,2026-05-16T14:46:39.582Z
Pool - SecretsOfStrixhaven,binder,Wander Off,SOS,Secrets of Strixhaven,104,foil,common,1,112597,3d409512-50b9-4a38-91b0-19ba25227992,0.09,false,false,near_mint,en,EUR,2026-05-06T21:14:21.505Z
Pool - SecretsOfStrixhaven,binder,Fractal Mascot,SOS,Secrets of Strixhaven,189,foil,common,1,111745,cf5b19e3-eed1-4b36-9756-660ffb3baa08,0.13,false,false,near_mint,de,EUR,2026-05-16T14:46:39.588Z
Pool - SecretsOfStrixhaven,binder,Harsh Annotation,SOS,Secrets of Strixhaven,18,foil,uncommon,1,112706,e07a8fc7-c11c-4469-a31d-0abf40e57bbf,0.09,false,false,near_mint,de,EUR,2026-05-16T14:46:39.585Z
Pool - SecretsOfStrixhaven,binder,Practiced Scrollsmith,SOS,Secrets of Strixhaven,210,foil,uncommon,1,112289,40075e3f-58b3-47fd-8fbe-4b301e9ce7a1,0.17,false,false,near_mint,de,EUR,2026-05-16T14:46:39.587Z
Pool - SecretsOfStrixhaven,binder,Potioner's Trove,SOS,Secrets of Strixhaven,251,normal,common,1,112570,2123b349-4649-4a15-a8b5-b54414d2b1b7,0.02,false,false,near_mint,en,EUR,2026-05-17T20:19:09.426Z
Pool - SecretsOfStrixhaven,binder,Inkling Mascot,SOS,Secrets of Strixhaven,196,normal,common,2,111711,6d4a2f39-0e1e-4076-815a-2676a09a1aab,0.02,false,false,near_mint,en,EUR,2026-05-17T20:19:09.427Z
Pool - SecretsOfStrixhaven,binder,Fractal Anomaly,SOS,Secrets of Strixhaven,50,normal,uncommon,1,112303,e1975a61-aef0-49a6-a6d6-c3a37e2e2b22,0.02,false,false,near_mint,en,EUR,2026-05-17T20:19:09.428Z
Pool - SecretsOfStrixhaven,binder,Spectacle Summit,SOS,Secrets of Strixhaven,262,normal,common,1,112055,a0a66f7b-eab4-45da-8895-c2c2c7eb05f8,0.02,false,false,near_mint,en,EUR,2026-05-17T20:19:09.433Z
Pool - SecretsOfStrixhaven,binder,Dina's Guidance,SOS,Secrets of Strixhaven,184,normal,rare,1,112631,775c1e50-08a4-413f-ab0f-f1c2a79cfe94,0.35,false,false,near_mint,en,EUR,2026-05-17T20:19:09.431Z
Pool - SecretsOfStrixhaven,binder,Scathing Shadelock // Venomous Words,SOS,Secrets of Strixhaven,98,normal,uncommon,1,112558,03e664cd-c3a6-4263-b2d8-dd99058fb8ec,0.02,false,false,near_mint,en,EUR,2026-05-17T20:19:09.430Z
Pool - SecretsOfStrixhaven,binder,Heated Argument,SOS,Secrets of Strixhaven,118,foil,common,1,111679,0038d212-3d95-4f98-8c2e-7b2404d0ced7,0.02,false,false,near_mint,en,EUR,2026-05-17T20:19:09.432Z
Pool - SecretsOfStrixhaven,binder,Lecturing Scornmage,SOS,Secrets of Strixhaven,87,normal,uncommon,1,112663,ad07091e-8c24-43af-8ce8-031847bcaf30,0.02,false,false,near_mint,en,EUR,2026-05-23T21:37:17.442Z
Pool - SecretsOfStrixhaven,binder,Aberrant Manawurm,SOS,Secrets of Strixhaven,138,normal,uncommon,1,112632,797131cf-d80d-4050-bebd-2ce1d7fae5d0,0.02,false,false,near_mint,en,EUR,2026-05-23T21:37:17.441Z
Pool - SecretsOfStrixhaven,binder,Sleight of Hand,SOA,Secrets of Strixhaven Mystical Archive,22,normal,uncommon,1,112686,c837c418-2fe9-4ce8-b76d-c37241579a93,0.02,false,false,near_mint,en,EUR,2026-05-23T21:37:17.439Z
Pool - SecretsOfStrixhaven,binder,"Jadzi, Steward of Fate // Oracle's Gift",SOS,Secrets of Strixhaven,55,normal,rare,1,112377,a95b6baf-01e6-49c3-9a26-394b127d53c3,0.02,false,false,near_mint,en,EUR,2026-05-23T21:37:17.449Z
Pool - SecretsOfStrixhaven,binder,Encouraging Aviator // Jump,SOS,Secrets of Strixhaven,46,normal,uncommon,1,112361,72654b84-9902-41db-92ab-a3499c31221c,0.02,false,false,near_mint,en,EUR,2026-05-23T21:37:17.438Z
Pool - SecretsOfStrixhaven,binder,Imperious Inkmage,SOS,Secrets of Strixhaven,195,normal,common,1,112695,d5df1c3f-2536-4476-b8cd-34b026c38366,0.02,false,false,near_mint,en,EUR,2026-05-23T21:37:17.443Z
Pool - SecretsOfStrixhaven,binder,Spectacular Skywhale,SOS,Secrets of Strixhaven,229,normal,uncommon,1,112267,c90366d5-b4ba-4772-a3c5-f138bbe7f305,0.02,false,false,near_mint,en,EUR,2026-05-23T21:37:17.440Z
Pool - SecretsOfStrixhaven,binder,Approach of the Second Sun,STA,Strixhaven Mystical Archive,64,etched,mythic,1,58435,6a058a72-ebfe-4957-a7dd-ee7471db2498,17.05,false,false,near_mint,en,EUR,2026-06-12T14:29:13.498Z
Pool - SecretsOfStrixhaven,binder,Stock Up,SOA,Secrets of Strixhaven Mystical Archive,154,foil,uncommon,1,111080,20460489-3e66-44da-8003-ca28b1f3831b,24.95,false,false,near_mint,en,EUR,2026-06-21T10:10:37.255Z
Pool - SecretsOfStrixhaven,binder,Harmonized Trio // Brainstorm,SOS,Secrets of Strixhaven,52,normal,rare,1,112353,617208ff-dd9b-44fd-a740-d3188081e5cc,0.08,false,false,near_mint,en,EUR,2026-06-21T10:10:37.250Z
Pool - SecretsOfStrixhaven,binder,Campus Composer // Aqueous Aria,SOS,Secrets of Strixhaven,40,foil,uncommon,1,112277,fac8ac39-ecb4-4142-bf37-131c65660a9b,0.02,false,false,near_mint,en,EUR,2026-06-21T10:10:37.245Z
Pool - SecretsOfStrixhaven,binder,Repel Calamity,SOA,Secrets of Strixhaven Mystical Archive,8,foil,uncommon,1,112424,1c2cf02f-97f3-47f0-9382-c580f3033635,0.02,false,false,near_mint,en,EUR,2026-06-21T10:10:37.241Z
Pool - SecretsOfStrixhaven,binder,Quick Study,SOS,Secrets of Strixhaven,65,foil,common,1,112583,2d4f0bc7-da7c-4749-a24c-b01f3eb5860c,0.02,false,false,near_mint,en,EUR,2026-06-21T10:10:37.233Z
Pool - SecretsOfStrixhaven,binder,Snarl Song,SOS,Secrets of Strixhaven,161,foil,uncommon,1,112723,fc4c7fa2-aebb-4636-9afd-f1010c923316,0.02,false,false,near_mint,en,EUR,2026-06-21T10:10:37.247Z
Pool - SecretsOfStrixhaven,binder,Veil of Summer,SOA,Secrets of Strixhaven Mystical Archive,60,foil,rare,1,112616,5724a4a3-dd66-4a66-af8b-5374119ecdfb,3.2,false,false,near_mint,en,EUR,2026-06-21T10:10:37.251Z
Pool - SecretsOfStrixhaven,binder,Berserk,SOA,Secrets of Strixhaven Mystical Archive,50,normal,mythic,1,112419,0fe6e7d3-7e33-4e6b-91c8-47fd4ba3cb5b,5.0,false,false,near_mint,en,EUR,2026-06-21T10:10:37.253Z
Pool - SecretsOfStrixhaven,binder,Pick Your Poison,SOA,Secrets of Strixhaven Mystical Archive,55,normal,uncommon,1,112489,a11f1013-d747-4cf2-bbf5-0bd68a949ddf,0.02,false,false,near_mint,en,EUR,2026-06-21T10:10:37.242Z
Pool - SecretsOfStrixhaven,binder,Shattered Acolyte,SOS,Secrets of Strixhaven,31,foil,common,1,111659,dc0517ca-b271-49a1-a286-c20f4e5b9309,0.02,false,false,near_mint,en,EUR,2026-06-21T10:10:37.236Z
Pool - SecretsOfStrixhaven,binder,Unsubtle Mockery,SOS,Secrets of Strixhaven,136,foil,common,1,112580,2b7cb1a3-761e-470e-a164-6e29dd9448cd,0.02,false,false,near_mint,en,EUR,2026-06-21T10:10:37.240Z
Pool - SecretsOfStrixhaven,binder,Informed Inkwright,SOS,Secrets of Strixhaven,20,foil,rare,1,112447,5defb2d1-d0fb-4e7f-a5c7-3df99fe675d6,0.05,false,false,near_mint,en,EUR,2026-06-21T10:10:37.249Z
Pool - SecretsOfStrixhaven,binder,Silverquill Charm,SOS,Secrets of Strixhaven,225,foil,uncommon,1,111655,3eb73579-f1c6-4762-81d2-9568ab501fac,0.02,false,false,near_mint,en,EUR,2026-06-21T10:10:37.244Z
Pool - SecretsOfStrixhaven,binder,Textbook Tabulator,SOS,Secrets of Strixhaven,70,foil,common,1,112615,56f54fee-b48d-4582-8982-ca4c7b8ef553,0.02,false,false,near_mint,en,EUR,2026-06-21T10:10:37.238Z
Pool - SecretsOfStrixhaven,binder,"Lorehold, the Historian",SOS,Secrets of Strixhaven,284,foil,mythic,1,110967,44fe9413-99a6-40e9-85b6-f9ba9bd4de86,13.4,false,false,near_mint,en,EUR,2026-06-21T10:10:37.252Z
Pool - SecretsOfStrixhaven,binder,Cuboid Colony,SOS,Secrets of Strixhaven,183,foil,uncommon,1,111705,6384d135-7780-4d75-9e95-71bce506948e,0.02,false,false,near_mint,en,EUR,2026-06-21T10:10:37.237Z
Pool - SecretsOfStrixhaven,binder,Resonating Lute,SOS,Secrets of Strixhaven,221,normal,rare,1,112241,6ef168d6-28f2-4c24-9bfa-82c35663b729,0.9,false,false,near_mint,en,EUR,2026-06-21T10:10:37.248Z
Pool - SecretsOfStrixhaven,binder,Reprieve,SOA,Secrets of Strixhaven Mystical Archive,139,foil,rare,1,111812,c7fef194-e067-4f25-8b4a-0e37d35bb2c7,19.8,false,false,near_mint,en,EUR,2026-06-21T10:10:37.254Z
Pool - SecretsOfStrixhaven,binder,Disdainful Stroke,SOA,Secrets of Strixhaven Mystical Archive,17,normal,uncommon,1,111792,3a057032-6ece-4aa7-8e99-df2a07359b2b,0.02,false,false,near_mint,en,EUR,2026-06-21T10:10:37.234Z
Pool - SecretsOfStrixhaven,binder,Teacher's Pest,SOS,Secrets of Strixhaven,238,foil,uncommon,1,112171,eaa358ac-761d-4507-aa15-3d4684027207,0.02,false,false,near_mint,en,EUR,2026-06-22T18:51:38.863Z
Pool - SecretsOfStrixhaven,binder,Stirring Honormancer,SOS,Secrets of Strixhaven,234,foil,uncommon,1,112709,ee84b04d-78fc-416f-9166-72e5417c3e17,0.02,false,false,near_mint,en,EUR,2026-06-22T18:51:38.862Z
Pool - SecretsOfStrixhaven,binder,Brotherhood's End,SOA,Secrets of Strixhaven Mystical Archive,39,foil,rare,1,112486,98a399fa-822d-4e8c-8be0-fa929c9bbd4d,0.6,false,false,near_mint,en,EUR,2026-06-22T18:51:38.868Z
Pool - SecretsOfStrixhaven,binder,Pick Your Poison,SOA,Secrets of Strixhaven Mystical Archive,120,normal,uncommon,1,112514,cb23d19b-b17a-4f0f-b8d2-164aeb6a2819,0.15,false,false,near_mint,en,EUR,2026-06-22T18:51:38.865Z
Pool - SecretsOfStrixhaven,binder,Knockout Maneuver,SOA,Secrets of Strixhaven Mystical Archive,119,normal,uncommon,1,112471,8ae6ecb2-d062-400d-b0ee-67b54746e7fc,0.02,false,false,near_mint,en,EUR,2026-06-22T18:51:38.866Z
Lands,binder,Plains,ONS,Onslaught,333,normal,common,1,30970,854a255e-fd89-4c5d-b97b-416a9ac70960,0.36,false,false,near_mint,en,EUR,2026-04-20T18:59:33.372Z
Lands,binder,Plains,S99,Starter 1999,154,normal,common,1,34548,a5669414-199a-4e9f-8bfe-354d5afe2d05,0.46,false,false,near_mint,en,EUR,2026-04-20T18:59:33.338Z
Lands,binder,Island,7ED,Seventh Edition,333,normal,common,1,32473,28a0a9ae-a1ae-41da-8308-d49e4afca3c1,0.25,false,false,near_mint,en,EUR,2026-04-20T18:59:33.332Z
Lands,binder,Swamp,BLB,Bloomburrow,270,normal,common,2,95860,faa54bef-c90e-4e9b-b94b-942ea829e0d2,0.09,false,false,near_mint,en,EUR,2026-04-20T19:27:30.725Z
Lands,binder,Swamp,ORI,Magic Origins,261,normal,common,2,10681,e1ae0b13-c9f6-4659-ba85-a87a81f6e730,0.07,false,false,near_mint,en,EUR,2026-04-20T19:17:08.227Z
Lands,binder,Mountain,BLB,Bloomburrow,274,normal,common,2,91708,c1bba8fb-d763-4efa-8db1-e5e81994b5f9,0.22,false,false,near_mint,en,EUR,2026-04-20T19:27:30.703Z
Lands,binder,Forest,ECL,Lorwyn Eclipsed,278,normal,common,1,110395,b43297de-7378-474f-a85f-910fa7cbb4f4,0.31,false,false,near_mint,en,EUR,2026-04-20T19:09:59.258Z
Lands,binder,Plains,ECL,Lorwyn Eclipsed,279,normal,common,4,110415,d8fdfa7d-fd11-4c11-8743-a21538474314,0.24,false,false,near_mint,en,EUR,2026-04-20T19:09:59.258Z
Lands,binder,Forest,J25,Foundations Jumpstart,94,normal,common,1,100138,0a854256-e8f3-4715-aec2-3af3b8e8fd28,0.07,false,false,near_mint,en,EUR,2026-04-20T19:09:59.258Z
Lands,binder,Island,S99,Starter 1999,161,normal,common,2,34541,62e50bf5-6eef-46f9-b7b9-fd0ef91f62df,0.5,false,false,near_mint,en,EUR,2026-04-20T18:59:33.344Z
Lands,binder,Plains,BRO,The Brothers' War,279,normal,common,1,75587,80b6636d-a342-4d49-9d1a-ab15b3d837c5,0.22,false,false,near_mint,en,EUR,2026-04-20T19:09:59.258Z
Lands,binder,Forest,BLB,Bloomburrow,279,normal,common,1,95769,3a7a2a54-47e1-4694-b4f6-b7d659bb2b1f,0.27,false,false,near_mint,en,EUR,2026-04-20T19:09:59.258Z
Lands,binder,Mountain,BLB,Bloomburrow,275,normal,common,1,91698,02244055-cbeb-4074-9482-42ec20721312,0.24,false,false,near_mint,en,EUR,2026-04-20T19:27:30.689Z
Lands,binder,Forest,ECL,Lorwyn Eclipsed,273,normal,common,1,110396,b460f5f7-c7c9-400c-8419-23d614f45bf9,0.12,false,false,near_mint,en,EUR,2026-04-20T19:09:59.258Z
Lands,binder,Swamp,7ED,Seventh Edition,349,normal,common,2,32457,cebdd6db-9434-4e60-bdf2-234e21ccbb10,0.68,false,false,near_mint,en,EUR,2026-04-20T19:17:08.200Z
Lands,binder,Swamp,BRO,The Brothers' War,282,foil,common,1,75780,cabe866d-01c3-4ec5-9d41-70305208c2b1,0.37,false,false,near_mint,en,EUR,2026-04-20T19:33:46.717Z
Lands,binder,Forest,ECL,Lorwyn Eclipsed,283,normal,common,1,110403,bdbce923-c05e-4554-8c4c-5c4e6d791856,0.33,false,false,near_mint,en,EUR,2026-04-20T19:33:46.759Z
Lands,binder,Swamp,MID,Innistrad: Midnight Hunt,382,normal,common,2,63187,2f4b9030-f04a-4f42-8dd8-2eae0ce7e420,0.11,false,false,near_mint,en,EUR,2026-04-20T19:33:46.706Z
Lands,binder,Forest,ZNR,Zendikar Rising,279,normal,common,1,54460,184a9654-ce17-4378-b52b-fb6efbbf042f,0.16,false,false,near_mint,en,EUR,2026-04-20T19:33:46.734Z
Lands,binder,Swamp,DDE,Duel Decks: Phyrexia vs. the Coalition,35,normal,common,1,22006,ce6966a1-cbf9-4ee9-9fa8-c72e0b1f24ff,0.13,false,false,near_mint,en,EUR,2026-04-20T19:33:46.747Z
Lands,binder,Swamp,DDK,Duel Decks: Sorin vs. Tibalt,80,normal,common,2,16493,183acdf0-bd08-4598-966d-426dea71583d,0.11,false,false,near_mint,en,EUR,2026-04-20T19:33:46.745Z
Lands,binder,Swamp,ONE,Phyrexia: All Will Be One,274,normal,common,3,78247,d485c620-f1fb-4715-b7c5-d2d56588308d,0.12,false,false,near_mint,en,EUR,2026-04-20T19:33:46.715Z
Lands,binder,Forest,BFZ,Battle for Zendikar,273,normal,common,1,10055,3f7f206a-7b5e-4fd5-8c9e-d665ac3f7dea,0.18,false,false,near_mint,en,EUR,2026-04-20T19:33:46.744Z
Lands,binder,Forest,SOS,Secrets of Strixhaven,281,normal,common,1,111886,3041d539-4f15-4836-a215-afa19a5cc23f,0.11,false,false,near_mint,en,EUR,2026-04-24T18:31:05.248Z
Lands,binder,Island,ODY,Odyssey,337,normal,common,1,31840,ba30bfc3-5aec-480d-a80a-fe71b098b14b,0.52,false,false,near_mint,en,EUR,2026-04-24T18:31:05.164Z
Lands,binder,Island,ODY,Odyssey,336,normal,common,1,31841,ef57bbe1-8507-4284-8d08-6b10b7894f96,0.39,false,false,near_mint,en,EUR,2026-04-24T18:31:05.163Z
Lands,binder,Island,BLB,Bloomburrow,266,foil,common,1,95743,106a5332-0104-4ec9-9e1f-806381ae4cad,0.32,false,false,near_mint,en,EUR,2026-04-24T18:31:05.192Z
Lands,binder,Island,7ED,Seventh Edition,332,normal,common,1,32474,a45610b3-9e9b-4ef9-aab2-426f85a6cce3,0.35,false,false,near_mint,en,EUR,2026-04-24T18:31:05.166Z
Lands,binder,Forest,SOS,Secrets of Strixhaven,271,normal,common,1,111795,46196e8f-9339-4f00-b9cf-cab8f9abc80e,0.62,false,false,near_mint,en,EUR,2026-04-24T18:31:05.247Z
Lands,binder,Forest,SOS,Secrets of Strixhaven,280,normal,common,1,112177,f169dfb2-e4c8-46e9-8591-e51bb82da082,0.16,false,false,near_mint,en,EUR,2026-04-24T18:31:05.249Z
Lands,binder,Mountain,EVG,Duel Decks Anthology: Elves vs. Goblins,60,normal,common,1,12356,de69bda2-9690-4e8d-abeb-115bbb377fec,0.13,false,false,near_mint,en,EUR,2026-04-24T18:31:05.250Z
Lands,binder,Forest,SOS,Secrets of Strixhaven,281,foil,common,1,111886,3041d539-4f15-4836-a215-afa19a5cc23f,0.17,false,false,near_mint,en,EUR,2026-04-24T18:31:05.245Z
Lands,binder,Island,MMQ,Mercadian Masques,335,normal,common,1,34075,5bae77e8-1230-4a6e-8c75-c99d2741a509,0.59,false,false,near_mint,en,EUR,2026-04-24T18:31:05.185Z
Lands,binder,Island,SOS,Secrets of Strixhaven,268,foil,common,2,111726,937250fe-bcad-4ff8-9406-286a69db7e0a,0.35,false,false,near_mint,en,EUR,2026-04-24T18:31:05.193Z
Lands,binder,Forest,SOS,Secrets of Strixhaven,280,foil,common,1,112177,f169dfb2-e4c8-46e9-8591-e51bb82da082,0.15,false,false,near_mint,en,EUR,2026-04-24T18:31:05.246Z
Lands,binder,Forest,MRD,Mirrodin,304,normal,common,7,29741,174cb9a0-afa3-4f45-b317-238fa9d4f55f,0.14,false,false,near_mint,en,EUR,2026-04-24T18:31:05.215Z
Lands,binder,Forest,PCA,Planechase Anthology,151,normal,common,3,6530,24e71c1f-5ca9-450a-8a0f-39a03a275e97,0.25,false,false,near_mint,en,EUR,2026-04-24T18:31:05.202Z
Lands,binder,Swamp,SOS,Secrets of Strixhaven,269,normal,common,2,111786,1797d5c7-d3fa-4184-85ae-46db14ddf523,0.3,false,false,near_mint,en,EUR,2026-04-24T18:31:05.323Z
Lands,binder,Mountain,7ED,Seventh Edition,340,normal,common,1,32466,ff951c38-6e02-40f0-9f54-13ac0915332b,0.31,false,false,near_mint,en,EUR,2026-04-24T18:31:05.278Z
Lands,binder,Plains,SOS,Secrets of Strixhaven,272,normal,common,1,112144,d85d0f25-a24a-4de0-9b8b-93fb5017bce9,0.11,false,false,near_mint,en,EUR,2026-04-24T18:31:05.317Z
Lands,binder,Mountain,6ED,Classic Sixth Edition,346,normal,common,1,35031,95585c69-6474-432e-b80a-489a2b69d4e6,0.54,false,false,near_mint,en,EUR,2026-04-24T18:31:05.281Z
Lands,binder,Mountain,7ED,Seventh Edition,338,normal,common,1,32468,01534212-5a65-4088-b45b-0823736a8fd5,0.45,false,false,near_mint,en,EUR,2026-04-24T18:31:05.280Z
Lands,binder,Island,SOS,Secrets of Strixhaven,275,normal,common,2,112205,fd1b9e7c-09d0-4907-9f48-34289f3cd2cc,0.11,false,false,near_mint,en,EUR,2026-04-24T18:31:05.194Z
Lands,binder,Swamp,DDE,Duel Decks: Phyrexia vs. the Coalition,34,normal,common,1,22007,b6787446-3a5b-4639-87f9-f605f59f4baf,0.14,false,false,near_mint,en,EUR,2026-04-24T18:31:05.318Z
Lands,binder,Swamp,SOS,Secrets of Strixhaven,277,foil,common,2,111898,36af939c-11d9-43a5-bd69-c915a62e972b,0.15,false,false,near_mint,en,EUR,2026-04-24T18:31:05.321Z
Lands,binder,Plains,M12,Magic 2012,230,normal,common,1,19037,f768de9b-3d31-468d-876d-2cb7c5c601a3,0.21,false,false,near_mint,en,EUR,2026-04-24T18:31:05.305Z
Lands,binder,Forest,EVG,Duel Decks Anthology: Elves vs. Goblins,29,normal,common,3,12387,e6e08185-e901-4552-974d-a81766b4fa16,0.2,false,false,near_mint,en,EUR,2026-04-24T18:31:05.205Z
Lands,binder,Plains,9ED,Ninth Edition,331,normal,common,1,28032,75e639a9-6010-4453-9c25-4ab03664b9b2,0.05,false,false,near_mint,en,EUR,2026-04-24T18:31:05.303Z
Lands,binder,Forest,DMR,Dominaria Remastered,410,normal,common,3,78041,941546b8-8540-40dd-bacc-9b11f3d63033,0.43,false,false,near_mint,en,EUR,2026-04-24T18:31:05.200Z
Lands,binder,Swamp,SOS,Secrets of Strixhaven,277,normal,common,1,111898,36af939c-11d9-43a5-bd69-c915a62e972b,0.15,false,false,near_mint,en,EUR,2026-04-24T18:31:05.324Z
Lands,binder,Island,ECL,Lorwyn Eclipsed,270,normal,common,2,110392,b0da67fb-1cb2-4105-ab5c-b7c680b8116c,0.1,false,false,near_mint,en,EUR,2026-04-24T18:31:05.190Z
Lands,binder,Forest,HOP,Planechase,169,normal,common,8,22865,c086ec85-82c0-4416-8d32-f576f7ed159f,0.63,false,false,near_mint,en,EUR,2026-04-24T18:31:05.221Z
Lands,binder,Plains,SOS,Secrets of Strixhaven,272,foil,common,1,112144,d85d0f25-a24a-4de0-9b8b-93fb5017bce9,0.15,false,false,near_mint,en,EUR,2026-04-24T18:31:05.313Z
Lands,binder,Mountain,SOS,Secrets of Strixhaven,278,normal,common,2,112062,a642c7b1-d4d1-4125-a66d-560438e5ee51,0.09,false,false,near_mint,en,EUR,2026-04-24T18:31:05.285Z
Lands,binder,Plains,SOS,Secrets of Strixhaven,273,foil,common,1,112089,bac08825-ca54-4a9f-bf4f-f75708a1550b,0.14,false,false,near_mint,en,EUR,2026-04-24T18:31:05.314Z
Lands,binder,Forest,7ED,Seventh Edition,328,normal,common,2,32478,a8ba6d68-19da-4b85-9852-681c0fc1e400,0.54,false,false,near_mint,en,EUR,2026-04-24T18:31:05.211Z
Lands,binder,Plains,DMR,Dominaria Remastered,402,normal,common,1,78103,bac23c5e-a489-4fba-b14f-a968b202ac22,0.13,false,false,near_mint,en,EUR,2026-04-24T18:31:05.299Z
Lands,binder,Plains,ARC,Archenemy,137,normal,common,1,21407,9c6911fd-915b-4720-93e3-da040802c012,0.19,false,false,near_mint,en,EUR,2026-04-24T18:31:05.301Z
Lands,binder,Plains,MMQ,Mercadian Masques,331,normal,common,1,34079,2edf5042-d185-424e-922d-c0bd4ce3e8b0,0.21,false,false,near_mint,en,EUR,2026-04-24T18:31:05.310Z
Lands,binder,Island,ODY,Odyssey,338,normal,common,2,31839,bf964c1b-941f-4a02-895b-0608bddc1ce7,0.39,false,false,near_mint,en,EUR,2026-04-24T18:31:05.187Z
Lands,binder,Plains,7ED,Seventh Edition,342,normal,common,1,32464,1d13dbd6-6c6e-4120-a05a-e77f1e863b35,0.32,false,false,near_mint,en,EUR,2026-04-24T18:31:05.297Z
Lands,binder,Swamp,SOS,Secrets of Strixhaven,269,foil,common,1,111786,1797d5c7-d3fa-4184-85ae-46db14ddf523,0.7,false,false,near_mint,en,EUR,2026-04-24T18:31:05.320Z
Lands,binder,Mountain,JVC,Duel Decks Anthology: Jace vs. Chandra,59,normal,common,1,12232,8fbd06f1-3427-4168-9a34-82f43a514146,0.1,false,false,near_mint,en,EUR,2026-04-24T18:31:05.282Z
Lands,binder,Mountain,SOS,Secrets of Strixhaven,270,foil,common,2,111710,6af1f1db-eb91-4297-83f6-9318b87fd220,0.52,false,false,near_mint,en,EUR,2026-04-24T18:31:05.283Z
Lands,binder,Forest,9ED,Ninth Edition,350,normal,common,3,28013,e797e006-7379-45c2-a4b7-d0ef133379df,0.11,false,false,near_mint,en,EUR,2026-04-24T18:31:05.199Z
Lands,binder,Mountain,9ED,Ninth Edition,343,normal,common,1,28020,b3e2ee4c-5548-4a17-bf27-e906d2825867,0.24,false,false,near_mint,en,EUR,2026-04-24T18:31:05.279Z
Lands,binder,Forest,MRD,Mirrodin,306,normal,common,6,29739,7c4bfc1c-20d5-40f4-8863-c69a89872159,0.1,false,false,near_mint,en,EUR,2026-04-24T18:31:05.214Z
Lands,binder,Swamp,SOS,Secrets of Strixhaven,276,normal,common,3,111936,51fe930f-2b5a-4b1e-9007-6ee74fb44715,0.13,false,false,near_mint,en,EUR,2026-04-24T18:31:05.322Z
Lands,binder,Forest,MRD,Mirrodin,305,normal,common,6,29740,37f8d695-a3e4-4707-9db9-886849ce4c42,0.12,false,false,near_mint,en,EUR,2026-04-24T18:31:05.203Z
Lands,binder,Plains,SOS,Secrets of Strixhaven,273,normal,common,1,112089,bac08825-ca54-4a9f-bf4f-f75708a1550b,0.13,false,false,near_mint,en,EUR,2026-04-24T18:31:05.316Z
Lands,binder,Swamp,BLB,Bloomburrow,373,normal,common,8,96047,6125ffe3-4e48-4e0f-8390-7462446fc8bf,0.17,false,false,near_mint,en,EUR,2026-04-24T22:29:34.465Z
Lands,binder,Forest,BLB,Bloomburrow,377,normal,common,9,96021,43b3be4a-973d-4aeb-a94e-37e2710ac178,0.11,false,false,near_mint,en,EUR,2026-04-24T22:29:34.464Z
Lands,binder,Plains,DDI,Duel Decks: Venser vs. Koth,40,normal,common,5,18334,65beef5d-df12-4e33-a585-b32f552b58a3,0.07,false,false,near_mint,en,EUR,2026-04-20T18:59:33.330Z
Lands,binder,Forest,BLB,Bloomburrow,278,normal,common,3,95855,f791876a-f3fb-45b8-90a9-af846d8b8f74,0.29,false,false,near_mint,en,EUR,2026-04-20T19:09:59.258Z
Lands,binder,Island,DDI,Duel Decks: Venser vs. Koth,43,normal,common,5,18331,9dcfcd37-7c54-415e-86d0-6763bd71e209,0.13,false,false,near_mint,en,EUR,2026-04-20T18:59:33.356Z
Lands,binder,Island,DDF,Duel Decks: Elspeth vs. Tezzeret,77,normal,common,7,21040,45950695-2973-4c58-94f7-2d950c55865e,0.08,false,false,near_mint,en,EUR,2026-04-20T18:59:33.348Z
Lands,binder,Swamp,HOP,Planechase,151,normal,common,8,22883,09e222f9-b7fc-49f0-8cef-9899aa333ecf,0.39,false,false,near_mint,en,EUR,2026-04-20T19:17:08.199Z
Lands,binder,Island,SOS,Secrets of Strixhaven,274,foil,common,1,111979,77b88bb8-6bd9-4632-b937-89468fcb5e6a,0.17,false,false,near_mint,en,EUR,2026-04-29T20:57:17.344Z
Lands,binder,Swamp,MRD,Mirrodin,296,normal,common,9,29749,45927890-52ef-448c-b302-4192afa27a04,0.12,false,false,near_mint,en,EUR,2026-04-20T19:17:08.193Z
Lands,binder,Swamp,MRD,Mirrodin,298,normal,common,7,29747,93d48cef-cfaf-4223-9efb-d76762a896d6,0.17,false,false,near_mint,en,EUR,2026-04-20T19:17:08.197Z
Lands,binder,Mountain,MRD,Mirrodin,300,normal,common,8,29745,4399a832-4406-4a12-a5e5-81744d02ceec,0.16,false,false,near_mint,en,EUR,2026-04-20T19:27:30.681Z
Lands,binder,Mountain,BLB,Bloomburrow,277,normal,common,2,91704,8a38bea4-2d1b-442b-aad5-ab1a0ae67aac,0.35,false,false,near_mint,en,EUR,2026-04-20T19:27:30.699Z
Lands,binder,Plains,BLB,Bloomburrow,262,normal,common,3,95768,3663ff0c-d02f-49ac-bb88-6f0dbd684337,0.2,false,false,near_mint,en,EUR,2026-04-20T19:09:59.258Z
Lands,binder,Plains,SOS,Secrets of Strixhaven,267,normal,common,2,111731,a845de50-4af0-4f4a-9c2a-db587973571c,0.52,false,false,near_mint,en,EUR,2026-04-22T20:47:03.937Z
Lands,binder,Island,CM2,Commander Anthology Volume II,288,normal,common,3,1449,00c74207-577c-4eab-9759-4cab76c17f2c,0.19,false,false,near_mint,en,EUR,2026-04-20T18:59:33.364Z
Lands,binder,Forest,RIX,Rivals of Ixalan,196,normal,common,8,2822,92c9e16d-525b-4ba9-890d-fa2719206ba0,0.22,false,false,near_mint,en,EUR,2026-04-20T19:09:59.258Z
Lands,binder,Mountain,MRD,Mirrodin,302,normal,common,9,29743,22965406-d8d7-46ad-992e-7fc0e994698d,0.13,false,false,near_mint,en,EUR,2026-04-20T19:27:30.694Z
Lands,binder,Island,HOP,Planechase,147,normal,common,8,22887,9ad1b14c-8aeb-43e5-a36b-bd01c13e881f,0.26,false,false,near_mint,en,EUR,2026-04-20T18:59:33.328Z
Lands,binder,Plains,DDF,Duel Decks: Elspeth vs. Tezzeret,35,normal,common,7,21082,5221193c-7d9b-439a-991b-a41e27ba66fd,0.08,false,false,near_mint,en,EUR,2026-04-20T18:59:33.324Z
Lands,binder,Swamp,MRD,Mirrodin,295,normal,common,9,29750,6bae27d4-9de5-4f95-8c56-79afc6cbeb0c,0.02,false,false,near_mint,en,EUR,2026-04-20T19:17:08.194Z
Lands,binder,Island,DDI,Duel Decks: Venser vs. Koth,41,normal,common,7,18333,5d301d65-e81b-4750-bd26-9a6e5e386dc5,0.15,false,false,near_mint,en,EUR,2026-04-20T18:59:33.346Z
Lands,binder,Forest,PCA,Planechase Anthology,155,normal,common,5,6526,9a667819-0b08-4044-b731-09d3bc41e2b9,0.12,false,false,near_mint,en,EUR,2026-04-20T19:09:59.258Z
Lands,binder,Island,SOS,Secrets of Strixhaven,268,normal,common,2,111726,937250fe-bcad-4ff8-9406-286a69db7e0a,0.69,false,false,near_mint,en,EUR,2026-04-22T20:47:03.971Z
Lands,binder,Plains,MRD,Mirrodin,287,normal,common,9,29758,5bac2d0d-43db-41f7-99dd-9ff55a4f2b3b,0.12,false,false,near_mint,en,EUR,2026-04-20T18:59:33.329Z
Lands,binder,Island,JVC,Duel Decks Anthology: Jace vs. Chandra,31,normal,common,2,12260,259cb11a-32f7-4483-a859-a26313c62610,0.11,false,false,near_mint,en,EUR,2026-04-20T18:59:33.347Z
Lands,binder,Plains,DDI,Duel Decks: Venser vs. Koth,38,normal,common,6,18336,887f543d-e120-41f1-be69-e21b40bc1003,0.14,false,false,near_mint,en,EUR,2026-04-20T18:59:33.355Z
Lands,binder,Mountain,JVC,Duel Decks Anthology: Jace vs. Chandra,62,normal,common,11,12229,899ee6f6-4aad-4093-b1ef-7e2ec2b78df8,0.16,false,false,near_mint,en,EUR,2026-04-20T19:27:30.696Z
Lands,binder,Forest,ZNR,Zendikar Rising,384,normal,common,4,54498,2b90e88b-60a3-4d1d-bb8c-14633e5005a5,0.05,false,false,near_mint,en,EUR,2026-04-20T19:09:59.258Z
Lands,binder,Mountain,SOS,Secrets of Strixhaven,279,normal,common,9,112096,bce45bc0-accd-4853-a166-9dd5597526d5,0.19,false,false,near_mint,en,EUR,2026-04-24T18:31:05.284Z
Lands,binder,Island,S99,Starter 1999,158,normal,common,3,34544,c78aa06d-fb54-4bbf-8031-ccc8db973d23,0.65,false,false,near_mint,en,EUR,2026-04-20T18:59:33.382Z
Lands,binder,Forest,SOS,Secrets of Strixhaven,271,foil,common,4,111795,46196e8f-9339-4f00-b9cf-cab8f9abc80e,0.4,false,false,near_mint,en,EUR,2026-04-22T21:00:01.591Z
Lands,binder,Plains,7ED,Seventh Edition,341,normal,common,4,32465,4edb482d-6279-48d6-baa3-047b48c3e5df,0.26,false,false,near_mint,en,EUR,2026-04-20T18:59:33.376Z
Lands,binder,Island,SOS,Secrets of Strixhaven,274,normal,common,11,111979,77b88bb8-6bd9-4632-b937-89468fcb5e6a,0.1,false,false,near_mint,en,EUR,2026-04-22T20:47:03.922Z
Lands,binder,Mountain,DDI,Duel Decks: Venser vs. Koth,76,normal,common,7,18298,1d91f2fa-58e7-49ac-b46c-5a0ba312015c,0.11,false,false,near_mint,en,EUR,2026-04-20T19:27:30.685Z
Lands,binder,Swamp,SOS,Secrets of Strixhaven,269,foil,common,1,111786,1797d5c7-d3fa-4184-85ae-46db14ddf523,0.09,false,false,near_mint,de,EUR,2026-05-17T11:44:09.475Z
Lands,binder,Plains,SOS,Secrets of Strixhaven,267,foil,common,3,111731,a845de50-4af0-4f4a-9c2a-db587973571c,0.44,false,false,near_mint,en,EUR,2026-04-24T18:31:05.312Z
Lands,binder,Mountain,BLB,Bloomburrow,275,foil,common,1,91698,02244055-cbeb-4074-9482-42ec20721312,0.27,false,false,near_mint,en,EUR,2026-05-05T20:05:01.293Z
Lands,binder,Island,BLB,Bloomburrow,267,foil,common,1,95856,f7b92adb-a384-4e03-8ba7-1e41b9fb2516,0.3,false,false,near_mint,en,EUR,2026-05-02T17:56:31.796Z
Lands,binder,Island,BLB,Bloomburrow,267,normal,common,1,95856,f7b92adb-a384-4e03-8ba7-1e41b9fb2516,0.27,false,false,near_mint,en,EUR,2026-05-06T16:16:19.879Z
Lands,binder,Mountain,BRO,The Brothers' War,285,normal,common,1,75788,cd757142-45b7-40db-80f2-fe161379aa4e,0.27,false,false,near_mint,en,EUR,2026-05-30T13:49:05.481Z
Rootha,deck,Steam Vents,ECL,Lorwyn Eclipsed,267,normal,rare,1,108962,b66daa94-d367-4812-9f18-f35378c1febb,9.21,false,false,near_mint,en,EUR,2026-04-22T20:28:44.413Z
Rootha,deck,Blazing Firesinger // Seething Song,SOS,Secrets of Strixhaven,109,normal,uncommon,1,112595,3ba971e7-0b7a-4750-896f-7cf063e66b2a,0.21,false,false,near_mint,en,EUR,2026-04-22T20:47:03.930Z
Rootha,deck,Spell Pierce,SOA,Secrets of Strixhaven Mystical Archive,23,normal,uncommon,1,112504,bc8f80e2-dd9d-4abc-b44c-fbef4d403e6f,0.4,false,false,near_mint,en,EUR,2026-04-22T20:47:03.940Z
Rootha,deck,Wayfarer's Bauble,5DN,Fifth Dawn,165,normal,common,1,29330,3db8fc1d-69fa-4a88-8f12-11fd614aac01,0.19,false,false,near_mint,en,EUR,2026-04-24T20:48:02.985Z
Rootha,deck,Rhystic Study,PCY,Prophecy,45,normal,common,1,33635,3394cefd-a3c6-4917-8f46-234e441ecfb6,29.78,false,false,near_mint,en,EUR,2026-04-24T20:05:04.082Z
Rootha,deck,Inspired Skypainter // Maestro's Gift,SOC,Secrets of Strixhaven Commander,48,normal,rare,1,111996,7fddd17b-8282-408e-a319-7f0bb437c52e,0.54,false,false,near_mint,en,EUR,2026-04-24T21:56:17.399Z
Rootha,deck,Coastal Peak,SOC,Secrets of Strixhaven Commander,52,normal,rare,1,112065,a8af6ded-de96-4095-8a5b-9f1c79adea1a,0.52,false,false,near_mint,en,EUR,2026-04-24T21:56:17.390Z
Rootha,deck,Path of Ancestry,SOC,Secrets of Strixhaven Commander,393,normal,common,1,112037,9335e773-4b45-4b91-8140-5159fe7e0395,0.23,false,false,near_mint,en,EUR,2026-04-24T21:56:17.321Z
Rootha,deck,Temple of Epiphany,SOC,Secrets of Strixhaven Commander,412,normal,rare,1,112127,cc63cd97-de9e-4d31-babb-aaad1277169e,0.2,false,false,near_mint,en,EUR,2026-04-24T21:56:17.348Z
Rootha,deck,Arcane Signet,SOC,Secrets of Strixhaven Commander,127,normal,uncommon,1,111980,7811dd72-61b9-4067-ac20-cea153e625d2,0.25,false,false,near_mint,en,EUR,2026-04-24T21:56:17.347Z
Rootha,deck,Scorched Geyser,SOC,Secrets of Strixhaven Commander,54,normal,rare,1,111947,5abdcad7-3b7a-43f6-a0ad-3aa99ee55c91,1.62,false,false,near_mint,en,EUR,2026-04-24T21:56:17.391Z
Rootha,deck,Cursed Mirror,SOC,Secrets of Strixhaven Commander,242,normal,rare,1,111829,077392b3-6b06-46c8-8737-51e85f690448,0.31,false,false,near_mint,en,EUR,2026-04-24T21:56:17.374Z
Rootha,deck,Volcanic Salvo,SOC,Secrets of Strixhaven Commander,259,normal,rare,1,112206,fdd9dda5-0386-45a4-aec1-853137281934,0.21,false,false,near_mint,en,EUR,2026-04-24T21:56:17.370Z
Rootha,deck,Expressive Iteration,SOC,Secrets of Strixhaven Commander,309,normal,uncommon,1,112151,db54cb6f-25e0-4d5f-876e-a6aa66042d63,0.4,false,false,near_mint,en,EUR,2026-04-24T21:56:17.329Z
Rootha,deck,Mana Geyser,SOC,Secrets of Strixhaven Commander,247,normal,common,1,112158,dfbda387-3c7d-4c80-97c3-60c9d4757244,1.05,false,false,near_mint,en,EUR,2026-04-24T21:56:17.333Z
Rootha,deck,Reliquary Tower,SOC,Secrets of Strixhaven Commander,398,normal,uncommon,1,112163,e2a27742-08c1-4153-af7f-25a7a98f585e,1.74,false,false,near_mint,en,EUR,2026-04-24T21:56:17.319Z
Rootha,deck,Treasure Cruise,SOC,Secrets of Strixhaven Commander,205,normal,common,1,111913,42c45880-15c7-4259-8066-c04d031d8216,0.14,false,false,near_mint,en,EUR,2026-04-24T21:56:17.336Z
Rootha,deck,Twinflame,SOC,Secrets of Strixhaven Commander,258,normal,rare,1,112004,85c863ef-b266-410d-87b3-ced791f99966,1.74,false,false,near_mint,en,EUR,2026-04-24T21:56:17.353Z
Rootha,deck,"Rionya, Fire Dancer",SOC,Secrets of Strixhaven Commander,252,normal,rare,1,111832,086e68b5-0f89-46d0-9a04-7f8658a9ab53,2.64,false,false,near_mint,en,EUR,2026-04-24T21:56:17.356Z
Rootha,deck,Fabled Passage,SOC,Secrets of Strixhaven Commander,130,normal,rare,1,111998,8119d329-6ee5-433c-bd81-8579bb061162,0.73,false,false,near_mint,en,EUR,2026-04-24T21:56:17.385Z
Rootha,deck,"Brudiclad, Telchor Engineer",SOC,Secrets of Strixhaven Commander,299,normal,mythic,1,112136,d24bf1df-5087-4ad6-a1aa-4eda2340cd8b,0.2,false,false,near_mint,en,EUR,2026-04-24T21:56:17.368Z
Rootha,deck,Prismari Charm,SOS,Secrets of Strixhaven,211,normal,uncommon,1,111723,8f6c2a5e-fe13-407c-aadd-c9caf2884ff1,0.27,false,false,near_mint,en,EUR,2026-04-24T21:56:17.344Z
Rootha,deck,Prismari Command,SOC,Secrets of Strixhaven Commander,323,normal,rare,1,111899,372d0c0b-439c-413f-aac4-5174c75aadb0,0.21,false,false,near_mint,en,EUR,2026-04-24T21:56:17.365Z
Rootha,deck,Restless Spire,SOC,Secrets of Strixhaven Commander,399,normal,rare,1,112200,fbf4552a-643a-4dc7-a2ae-8e3af5c1ceef,0.22,false,false,near_mint,en,EUR,2026-04-24T21:56:17.351Z
Rootha,deck,Surge to Victory,SOC,Secrets of Strixhaven Commander,256,normal,rare,1,112084,b5345934-60eb-417c-9716-477882c4796d,0.32,false,false,near_mint,en,EUR,2026-04-24T21:56:17.354Z
Rootha,deck,"Veyran, Voice of Duality",SOC,Secrets of Strixhaven Commander,337,normal,mythic,1,111860,1cb06c70-7ff2-4c88-9931-1bfe8a3226d9,3.54,false,false,near_mint,en,EUR,2026-04-24T21:56:17.363Z
Rootha,deck,Brazen Borrower // Petty Theft,SOC,Secrets of Strixhaven Commander,190,normal,mythic,1,111874,25d309d6-9e56-441e-bd29-5c903d5221bf,2.31,false,false,near_mint,en,EUR,2026-04-24T21:56:17.383Z
Rootha,deck,Molten Tributary,SOC,Secrets of Strixhaven Commander,387,normal,common,1,112049,9c6d0f64-b8e1-41bc-ab86-bd6783daf72a,0.18,false,false,near_mint,en,EUR,2026-04-24T21:56:17.323Z
Rootha,deck,Harmonic Prodigy,SOC,Secrets of Strixhaven Commander,123,normal,rare,1,111956,63a565e3-d7a8-469d-898f-49fef634c107,3.42,false,false,near_mint,en,EUR,2026-04-24T21:56:17.386Z
Rootha,deck,Mirrorwing Dragon,SOC,Secrets of Strixhaven Commander,249,normal,mythic,1,111967,6ba557ab-9d80-4d0a-bddb-ec230cc4437d,0.28,false,false,near_mint,en,EUR,2026-04-24T21:56:17.369Z
Rootha,deck,"Muddle, the Ever-Changing",SOC,Secrets of Strixhaven Commander,5,foil,mythic,1,112029,916d3e31-3243-47b3-b7d2-ce9a6dd47aba,0.39,false,false,near_mint,en,EUR,2026-04-24T21:56:17.400Z
Rootha,deck,Rite of Replication,SOC,Secrets of Strixhaven Commander,202,normal,rare,1,111932,5032d71d-d9f8-498c-97d1-271c2e9c1c47,0.19,false,false,near_mint,en,EUR,2026-04-24T21:56:17.379Z
Rootha,deck,Plargg and Nassari,SOC,Secrets of Strixhaven Commander,250,normal,rare,1,112166,e66ee7c6-23bc-4fef-a566-35aee2064bd9,0.55,false,false,near_mint,en,EUR,2026-04-24T21:56:17.364Z
Rootha,deck,Ferrous Lake,SOC,Secrets of Strixhaven Commander,370,normal,rare,1,112035,92fa559c-a99b-4bc1-86c4-0c5eeeac9f4f,0.29,false,false,near_mint,en,EUR,2026-04-24T21:56:17.358Z
Rootha,deck,Manaform Hellkite,SOC,Secrets of Strixhaven Commander,248,normal,mythic,1,111836,0a559655-0967-41b9-8248-170f95c05f84,0.27,false,false,near_mint,en,EUR,2026-04-24T21:56:17.371Z
Rootha,deck,Archmage Emeritus,SOC,Secrets of Strixhaven Commander,188,normal,rare,1,112154,dd547601-d650-4a02-a3a4-890bcef03a7c,1.44,false,false,near_mint,en,EUR,2026-04-24T21:56:17.384Z
Rootha,deck,Dig Through Time,SOC,Secrets of Strixhaven Commander,195,normal,rare,1,111822,020939d6-72f0-4aa0-9ac2-d16cc896cd7f,0.24,false,false,near_mint,en,EUR,2026-04-24T21:56:17.381Z
Rootha,deck,Sol Ring,SOC,Secrets of Strixhaven Commander,128,normal,uncommon,1,112006,870ec754-a76c-40ea-9b81-81b3dca1f62c,0.87,false,false,near_mint,en,EUR,2026-04-24T21:56:17.346Z
Rootha,deck,Command Tower,SOC,Secrets of Strixhaven Commander,129,normal,common,1,112112,c46a217c-0ed2-4b3c-9a01-ee38d12d76f3,0.14,false,false,near_mint,en,EUR,2026-04-24T21:56:17.345Z
Rootha,deck,Curiosity Crafter,SOC,Secrets of Strixhaven Commander,191,normal,rare,1,112036,930d830b-5e6a-422a-806e-fd7275517deb,0.48,false,false,near_mint,en,EUR,2026-04-24T21:56:17.382Z
Rootha,deck,"Rootha, Mastering the Moment",SOC,Secrets of Strixhaven Commander,8,foil,mythic,1,110976,a5b3dbb2-c090-4118-9e47-56c16202572c,0.18,false,false,near_mint,en,EUR,2026-04-24T21:56:17.401Z
Rootha,deck,Prismari Pianist,SOC,Secrets of Strixhaven Commander,34,normal,rare,1,111994,7e3e5990-ad48-4be2-af8a-4ff77177758d,0.41,false,false,near_mint,en,EUR,2026-04-24T21:56:17.394Z
Rootha,deck,Exotic Orchard,SOC,Secrets of Strixhaven Commander,369,normal,rare,1,111992,7db2934a-43a0-46ad-8380-ff6703f8fd6d,0.22,false,false,near_mint,en,EUR,2026-04-24T21:56:17.360Z
Rootha,deck,Frostboil Snarl,SOC,Secrets of Strixhaven Commander,374,normal,rare,1,111905,3dbddf20-1b92-482e-bbd9-1597531913a8,0.23,false,false,near_mint,en,EUR,2026-04-24T21:56:17.359Z
Rootha,deck,Mystic Sanctuary,SOC,Secrets of Strixhaven Commander,388,normal,common,1,111924,4cd86997-d7b9-4b5b-9488-11f5c679e4d3,1.6,false,false,near_mint,en,EUR,2026-04-24T21:56:17.322Z
Rootha,deck,Hall of Oracles,SOC,Secrets of Strixhaven Commander,378,normal,rare,1,112107,c29b896e-eee0-4f40-89b8-89262dae44e1,0.23,false,false,near_mint,en,EUR,2026-04-24T21:56:17.352Z
Rootha,deck,Magma Opus,SOC,Secrets of Strixhaven Commander,318,normal,mythic,1,111844,0fd4a0f7-ba03-4158-95cd-4effe798aec0,0.31,false,false,near_mint,en,EUR,2026-04-24T21:56:17.366Z
Rootha,deck,Furygale Flocking,SOC,Secrets of Strixhaven Commander,32,normal,rare,1,112067,a967af7a-03ed-4858-9c26-66f2cb706b02,0.47,false,false,near_mint,en,EUR,2026-04-24T21:56:17.395Z
Rootha,deck,Terramorphic Expanse,SOS,Secrets of Strixhaven,265,normal,common,1,112047,9a4c5629-fadd-42b9-850f-9f8586a2ca50,0.13,false,false,near_mint,en,EUR,2026-04-24T21:56:17.342Z
Rootha,deck,Goldspan Dragon,SOC,Secrets of Strixhaven Commander,245,normal,mythic,1,112003,848c1951-90fa-4f01-9aed-76f1afcd9995,5.12,false,false,near_mint,en,EUR,2026-04-24T21:56:17.372Z
Rootha,deck,Shivan Reef,SOC,Secrets of Strixhaven Commander,404,normal,rare,1,112160,e13d0982-2542-4770-8e93-637478a0f84a,0.22,false,false,near_mint,en,EUR,2026-04-24T21:56:17.350Z
Rootha,deck,Resculpt,SOC,Secrets of Strixhaven Commander,201,normal,common,1,111938,5443f46d-03f9-468e-a78d-a059529b1151,0.22,false,false,near_mint,en,EUR,2026-04-24T21:56:17.337Z
Rootha,deck,Stormcatch Mentor,SOC,Secrets of Strixhaven Commander,331,normal,uncommon,1,112179,f1bbb5ad-a293-48f3-a3d0-7ac85a7b8467,0.16,false,false,near_mint,en,EUR,2026-04-24T21:56:17.327Z
Rootha,deck,Big Score,SOC,Secrets of Strixhaven Commander,237,normal,common,1,112012,8b2699d2-2057-4fbf-8e52-736fcfe2759d,0.54,false,false,near_mint,en,EUR,2026-04-24T21:56:17.334Z
Rootha,deck,Thunderclap Drake,SOC,Secrets of Strixhaven Commander,204,normal,rare,1,111887,313fed71-cfbe-4c83-9437-ac14b2cb159b,1.76,false,false,near_mint,en,EUR,2026-04-24T21:56:17.378Z
Rootha,deck,Replication Technique,SOC,Secrets of Strixhaven Commander,200,normal,rare,1,112082,b3149976-2811-4bbd-af1e-d59016bb0754,0.2,false,false,near_mint,en,EUR,2026-04-24T21:56:17.380Z
Rootha,deck,Abrade,SOC,Secrets of Strixhaven Commander,234,normal,uncommon,1,111857,1add1757-c1f8-448a-b279-c6940fb7ad5f,0.24,false,false,near_mint,en,EUR,2026-04-24T21:56:17.335Z
Rootha,deck,Cascade Bluffs,SOC,Secrets of Strixhaven Commander,364,normal,rare,1,111867,22acccd2-4e9d-46de-a060-863b08152e50,0.41,false,false,near_mint,en,EUR,2026-04-24T21:56:17.361Z
Rootha,deck,Storm-Kiln Artist,SOC,Secrets of Strixhaven Commander,255,normal,uncommon,1,112150,da7ae8e0-cb6b-4386-8a30-9527d1af9be5,1.61,false,false,near_mint,en,EUR,2026-04-24T21:56:17.332Z
Rootha,deck,Turbulent Springs,SOC,Secrets of Strixhaven Commander,57,normal,rare,1,112059,a25cb813-aa6d-469c-aa29-61ffa32267f2,6.44,false,false,near_mint,en,EUR,2026-04-24T21:56:17.392Z
Rootha,deck,Chaos Warp,SOC,Secrets of Strixhaven Commander,239,normal,rare,1,111957,65ae241c-8955-4c97-8be6-7356fbee2195,0.22,false,false,near_mint,en,EUR,2026-04-24T21:56:17.376Z
Rootha,deck,Arcane Denial,SOC,Secrets of Strixhaven Commander,187,normal,common,1,111918,4931aa7c-b77b-4002-bfb1-b75a1bac1deb,1.74,false,false,near_mint,en,EUR,2026-04-24T21:56:17.340Z
Rootha,deck,Chain Reaction,SOC,Secrets of Strixhaven Commander,121,normal,rare,1,111973,6f34d11e-8452-448f-be4f-838e0ace9904,0.18,false,false,near_mint,en,EUR,2026-04-24T21:56:17.388Z
Rootha,deck,Blasphemous Act,SOC,Secrets of Strixhaven Commander,238,normal,rare,1,111853,175eb155-7262-4c2e-85c3-e0cc9be855e5,1.26,false,false,near_mint,en,EUR,2026-04-24T21:56:17.377Z
Rootha,deck,Rousing Refrain,SOC,Secrets of Strixhaven Commander,253,normal,rare,1,111882,2b3ec666-0e57-4c42-872c-51799e0b5c68,0.37,false,false,near_mint,en,EUR,2026-04-24T21:56:17.355Z
Rootha,deck,Volcanic Torrent,SOC,Secrets of Strixhaven Commander,260,normal,uncommon,1,112098,bddd4336-ef03-4c4e-9992-02a0548d2d6f,0.15,false,false,near_mint,en,EUR,2026-04-24T21:56:17.330Z
Rootha,deck,Talisman of Creativity,SOC,Secrets of Strixhaven Commander,357,normal,uncommon,1,111845,101e47ed-4afe-4d15-b6c3-4ab495965fde,1.52,false,false,near_mint,en,EUR,2026-04-24T21:56:17.324Z
Rootha,deck,Sulfur Falls,SOC,Secrets of Strixhaven Commander,408,normal,rare,1,111943,56a6df05-f4e4-40d9-a701-6d5adb7ce9fd,0.23,false,false,near_mint,en,EUR,2026-04-24T21:56:17.349Z
Rootha,deck,Determined Iteration,SOC,Secrets of Strixhaven Commander,122,normal,rare,1,112147,d95490fe-44f2-4f83-b587-b0df402d38ed,3.66,false,false,near_mint,en,EUR,2026-04-24T21:56:17.387Z
Rootha,deck,Lightning Greaves,SOC,Secrets of Strixhaven Commander,350,normal,uncommon,1,111831,08005be9-fbf4-43e6-a742-b1fb8196c4a5,3.83,false,false,near_mint,en,EUR,2026-04-24T21:56:17.325Z
Rootha,deck,"Rootha, Mercurial Artist",SOC,Secrets of Strixhaven Commander,329,normal,uncommon,1,111878,289abc0f-2ab9-48a7-a19b-a3630b014637,0.23,false,false,near_mint,en,EUR,2026-04-24T21:56:17.328Z
Rootha,deck,Temple of the False God,SOC,Secrets of Strixhaven Commander,416,normal,uncommon,1,111846,1024f555-e0d7-48ac-b86e-c87290eac832,0.21,false,false,near_mint,en,EUR,2026-04-24T21:56:17.317Z
Rootha,deck,Dance with Calamity,SOC,Secrets of Strixhaven Commander,243,normal,rare,1,111964,69f34a40-30f8-4fdd-bb21-79171ba2f00d,0.68,false,false,near_mint,en,EUR,2026-04-24T21:56:17.373Z
Rootha,deck,Solemn Simulacrum,SOC,Secrets of Strixhaven Commander,355,normal,rare,1,111880,29fae212-b757-4e5f-ad9b-06cd09782f9f,0.2,false,false,near_mint,en,EUR,2026-04-24T21:56:17.362Z
Rootha,deck,Dirgur Focusmage // Braingeyser,SOC,Secrets of Strixhaven Commander,18,normal,rare,1,111988,7bdabeba-0cfb-4953-b725-50a48164a044,0.7,false,false,near_mint,en,EUR,2026-04-24T21:56:17.397Z
Rootha,deck,Galazeth Prismari,SOC,Secrets of Strixhaven Commander,311,normal,mythic,1,112075,abdd3b41-6bdd-4b35-998c-0358ba72ca12,0.51,false,false,near_mint,en,EUR,2026-04-24T21:56:17.367Z
Rootha,deck,Faerie Mastermind,SOC,Secrets of Strixhaven Commander,114,normal,rare,1,112095,bc9a7599-3c7d-4b83-bff3-e3d1f20f1b0f,6.79,false,false,near_mint,en,EUR,2026-04-24T21:56:17.389Z
Rootha,deck,Fellwar Stone,SOC,Secrets of Strixhaven Commander,347,normal,uncommon,1,111900,385b9f5e-81dd-49f6-a644-59d53245e3dc,0.55,false,false,near_mint,en,EUR,2026-04-24T21:56:17.326Z
Rootha,deck,Reality Shift,SOC,Secrets of Strixhaven Commander,199,normal,uncommon,1,112031,920bb44e-aa7f-4ee9-ab19-30114f55ec9b,0.18,false,false,near_mint,en,EUR,2026-04-24T21:56:17.338Z
Rootha,deck,Spectacle Summit,SOS,Secrets of Strixhaven,262,normal,common,1,112055,a0a66f7b-eab4-45da-8895-c2c2c7eb05f8,0.09,false,false,near_mint,en,EUR,2026-04-25T14:59:04.589Z
Rootha,deck,Quick Study,SOS,Secrets of Strixhaven,65,foil,common,1,112583,2d4f0bc7-da7c-4749-a24c-b01f3eb5860c,0.11,false,false,near_mint,en,EUR,2026-05-06T21:14:21.504Z
Rootha,deck,Subterranean Tremors,SOA,Secrets of Strixhaven Mystical Archive,48,normal,mythic,1,111778,02a20564-90af-4dbd-bf5c-debc49e4f391,0.89,false,false,near_mint,en,EUR,2026-05-02T18:06:30.783Z
Rootha,deck,Preordain,SOA,Secrets of Strixhaven Mystical Archive,21,normal,rare,1,112467,8221b564-acf0-4d82-94f5-2ba1337ff5e1,1.2,false,false,near_mint,de,EUR,2026-05-17T11:44:09.471Z
Rootha,deck,Counterspell,6ED,Classic Sixth Edition,61,normal,common,1,35316,ee0d3f5f-7790-4772-bead-5d7114a23e94,0.96,false,false,near_mint,en,EUR,2026-05-23T10:31:45.288Z
Rootha,deck,Sleight of Hand,7ED,Seventh Edition,98,normal,common,1,32708,181fff80-4dea-47ee-a020-d8dc9ea7acdf,0.57,false,false,near_mint,en,EUR,2026-05-23T10:31:45.288Z
Ben - Golgari ⚫️🟢,deck,Consume Spirit,MRD,Mirrodin,60,normal,common,2,29985,f375a49c-806a-4d8b-9513-6b4afc19497b,0.08,false,false,near_mint,en,EUR,2026-04-20T19:33:46.714Z
Ben - Golgari ⚫️🟢,deck,Audacious Thief,J25,Foundations Jumpstart,401,normal,common,1,100518,541b52de-e347-4ce2-b207-8079be664f9e,0.08,false,false,near_mint,en,EUR,2026-04-20T19:33:46.762Z
Ben - Golgari ⚫️🟢,deck,Primeval Herald,J25,Foundations Jumpstart,702,normal,uncommon,1,100814,8e32d87c-99c9-4ba3-9d57-e36b6263e815,0.75,false,false,near_mint,en,EUR,2026-04-20T19:33:46.738Z
Ben - Golgari ⚫️🟢,deck,Terror Ballista,BRO,The Brothers' War,290,normal,rare,1,75372,31215674-0bcd-46f1-b8a1-5415f8b674d1,0.11,false,false,near_mint,en,EUR,2026-04-20T19:33:46.701Z
Ben - Golgari ⚫️🟢,deck,Morbid Opportunist,J25,Foundations Jumpstart,464,normal,uncommon,1,100233,1f6ed601-3f89-4e8f-b806-f02b903fd8c7,0.23,false,false,near_mint,en,EUR,2026-04-20T19:33:46.746Z
Ben - Golgari ⚫️🟢,deck,Giant Growth,BRO,The Brothers' War,183,normal,common,1,75708,aeece336-e5e8-4455-a297-c3739198d011,0.07,false,false,near_mint,en,EUR,2026-04-20T19:33:46.756Z
Ben - Golgari ⚫️🟢,deck,"Rev, Tithe Extractor",J25,Foundations Jumpstart,45,normal,rare,1,100807,8bf88010-799d-4217-8e79-308bec7ad2ff,22.69,false,false,near_mint,en,EUR,2026-04-20T19:33:46.711Z
Ben - Golgari ⚫️🟢,deck,Thriving Grove,J25,Foundations Jumpstart,776,normal,common,2,101024,b548551d-756b-496e-a1c0-4fa77707663d,0.2,false,false,near_mint,en,EUR,2026-04-20T19:33:46.710Z
Ben - Golgari ⚫️🟢,deck,Merfolk Branchwalker,J25,Foundations Jumpstart,688,normal,uncommon,1,100446,47dacb66-f50c-4159-a6b1-0917d85a4ff8,0.22,false,false,near_mint,en,EUR,2026-04-20T19:33:46.728Z
Ben - Golgari ⚫️🟢,deck,Grazing Gladehart,J25,Foundations Jumpstart,665,normal,common,1,100215,1bc883ef-b954-4063-813d-baf8644aa0f6,0.11,false,false,near_mint,en,EUR,2026-04-20T19:33:46.763Z
Ben - Golgari ⚫️🟢,deck,Ivory Tower,BRR,The Brothers' War Retro Artifacts,86,normal,uncommon,1,75461,5589bee7-ba0c-4d4f-9f7d-b49985a91382,0.25,false,false,near_mint,en,EUR,2026-04-20T19:33:46.761Z
Ben - Golgari ⚫️🟢,deck,Pristine Talisman,BRR,The Brothers' War Retro Artifacts,43,normal,uncommon,1,75564,78117d34-0325-4e80-8bcd-2b2be557c81c,0.15,false,false,near_mint,en,EUR,2026-04-20T19:33:46.708Z
Ben - Golgari ⚫️🟢,deck,Eclipsed Elf,ECL,Lorwyn Eclipsed,218,normal,uncommon,3,110800,9c8579f3-6125-4f22-b1c2-b7a0cfc50eed,0.12,false,false,near_mint,en,EUR,2026-04-20T19:33:46.700Z
Ben - Golgari ⚫️🟢,deck,Go Forth,J25,Foundations Jumpstart,20,normal,common,1,101267,e4ed67f0-85cc-4b1d-b745-e13e5bea3397,0.23,false,false,near_mint,en,EUR,2026-04-20T19:33:46.729Z
Ben - Golgari ⚫️🟢,deck,Expedition Skulker,J25,Foundations Jumpstart,436,normal,common,1,100285,27b8c378-63dc-41b0-b7c9-6d784c78f037,0.07,false,false,near_mint,en,EUR,2026-04-20T19:33:46.749Z
Ben - Golgari ⚫️🟢,deck,Thieves' Tools,J25,Foundations Jumpstart,126,normal,common,1,100718,7c3faae3-a117-4d59-bc19-c85ceffe6021,0.15,false,false,near_mint,en,EUR,2026-04-20T19:33:46.748Z
Ben - Golgari ⚫️🟢,deck,Thieves' Guild Enforcer,J25,Foundations Jumpstart,493,normal,rare,1,100336,331a66e3-301c-4f91-9076-46f7634419c0,0.35,false,false,near_mint,en,EUR,2026-04-20T19:33:46.716Z
Ben - Golgari ⚫️🟢,deck,Scythecat Cub,J25,Foundations Jumpstart,24,normal,rare,1,101015,b3dd3c7d-4685-4579-b483-14ddaaaddf5b,33.31,false,false,near_mint,en,EUR,2026-04-20T19:33:46.704Z
Ben - Golgari ⚫️🟢,deck,Snakeskin Veil,J25,Foundations Jumpstart,713,normal,common,1,100247,211f84bc-a344-4f37-a15d-b47994ce0485,0.12,false,false,near_mint,en,EUR,2026-04-20T19:33:46.725Z
Ben - Golgari ⚫️🟢,deck,Braulios of Pheres Band,J25,Foundations Jumpstart,51,normal,uncommon,1,100084,01789cb2-a93d-4197-a40a-612423635125,0.24,false,false,near_mint,en,EUR,2026-04-20T19:33:46.732Z
Ben - Golgari ⚫️🟢,deck,Kodama of the West Tree,J25,Foundations Jumpstart,78,normal,mythic,1,100932,a4f53a56-eb8e-44cd-ab13-8ac068052c68,14.76,false,false,near_mint,en,EUR,2026-04-20T19:33:46.720Z
Ben - Golgari ⚫️🟢,deck,Balustrade Spy,J25,Foundations Jumpstart,402,normal,common,1,101221,dbd40dc5-26b3-4244-bfb8-62a0d88a2253,0.15,false,false,near_mint,en,EUR,2026-04-20T19:33:46.735Z
Ben - Golgari ⚫️🟢,deck,Fake Your Own Death,J25,Foundations Jumpstart,440,normal,common,1,100282,271ac37f-305c-4918-8761-1779caa19f36,0.04,false,false,near_mint,en,EUR,2026-04-20T19:33:46.723Z
Ben - Golgari ⚫️🟢,deck,Clear Shot,J25,Foundations Jumpstart,645,normal,uncommon,1,101155,cfbea1eb-8270-416d-842c-c61d619a75df,0.05,false,false,near_mint,en,EUR,2026-04-20T19:33:46.739Z
Ben - Golgari ⚫️🟢,deck,Orochi Merge-Keeper,J25,Foundations Jumpstart,695,normal,uncommon,1,100500,51bcdae5-8081-4d26-b5b9-571c54d7d668,0.1,false,false,near_mint,en,EUR,2026-04-20T19:33:46.757Z
Ben - Golgari ⚫️🟢,deck,Stoic Grove-Guide,ECL,Lorwyn Eclipsed,243,normal,common,1,110730,3d5a3e25-c17a-47b1-a36d-d24d50e5bab3,0.06,false,false,near_mint,en,EUR,2026-04-20T19:33:46.709Z
Ben - Golgari ⚫️🟢,deck,Jadelight Ranger,J25,Foundations Jumpstart,676,normal,rare,1,101074,bd117880-4e5d-4dd4-9719-6d6f5ecca91f,0.26,false,false,near_mint,en,EUR,2026-04-20T19:33:46.721Z
Ben - Golgari ⚫️🟢,deck,Barbed Bloodletter,ECL,Lorwyn Eclipsed,86,normal,common,1,110790,8ff1a13c-e338-42e9-8eb3-b303fabd67de,0.09,false,false,near_mint,en,EUR,2026-04-20T19:33:46.731Z
Ben - Golgari ⚫️🟢,deck,Runechanter's Pike,BRR,The Brothers' War Retro Artifacts,48,normal,rare,1,75559,76252996-5b22-48ab-afa4-0cc2fe6a6878,0.23,false,false,near_mint,en,EUR,2026-04-20T19:33:46.754Z
Ben - Golgari ⚫️🟢,deck,Bile-Vial Boggart,ECL,Lorwyn Eclipsed,87,normal,common,1,110463,2c0fcf98-1f3c-4cff-9234-7f3d0c8b22e9,0.09,false,false,near_mint,en,EUR,2026-04-20T19:33:46.719Z
Ben - Golgari ⚫️🟢,deck,"Sutina, Speaker of the Tajuru",J25,Foundations Jumpstart,56,normal,uncommon,1,100214,1b794170-4ffd-4628-ba5a-b9293bb364dc,0.4,false,false,near_mint,en,EUR,2026-04-20T19:33:46.751Z
Ben - Golgari ⚫️🟢,deck,Audacity,BRO,The Brothers' War,169,normal,uncommon,1,75410,40b0813a-38cf-4a07-81d6-91d24af8b549,0.33,false,false,near_mint,en,EUR,2026-04-20T19:33:46.713Z
Ben - Golgari ⚫️🟢,deck,Foul Play,J25,Foundations Jumpstart,442,normal,uncommon,1,100816,8e8fd73b-942a-44f1-85e3-bb599bccb05b,0.1,false,false,near_mint,en,EUR,2026-04-20T19:33:46.712Z
Ben - Golgari ⚫️🟢,deck,Skyclave Pick-Axe,J25,Foundations Jumpstart,712,normal,uncommon,1,101187,d5f1bdc5-79f4-4788-99ea-4ceab1545fc9,0.09,false,false,near_mint,en,EUR,2026-04-20T19:33:46.727Z
Wish List,list,"Karn, Legacy Reforged",MAT,March of the Machine: The Aftermath,49,normal,mythic,1,82505,4219b5ea-a252-4d76-a60a-9674340e8ed3,3.99,false,false,near_mint,en,EUR,2026-05-17T13:53:38.704Z
Wish List,list,Temporal Trespass,FRF,Fate Reforged,55,normal,mythic,1,12071,a08b7a1e-b404-41ea-875f-b3468501cb4b,3.95,false,false,near_mint,en,EUR,2026-05-13T19:07:48.379Z
Wish List,list,Mana Confluence,JOU,Journey into Nyx,163,normal,rare,1,14486,504a69eb-3c2d-4bb1-b117-252b15acf0c2,17.0,false,false,near_mint,en,EUR,2026-05-17T14:35:31.079Z
Wish List,list,Skullclamp,DST,Darksteel,140,normal,uncommon,1,29521,55318397-de3c-47ea-a088-72a24df5c8fa,4.14,false,false,near_mint,en,EUR,2026-05-12T10:18:00.643Z
Wish List,list,Mana Drain,2X2,Double Masters 2022,57,normal,mythic,1,70165,3c429c40-2389-41e5-8681-4bb274e25eba,29.5,false,false,near_mint,en,EUR,2026-05-17T14:34:05.556Z
Wish List,list,Demonic Tutor,3ED,Revised Edition,105,normal,uncommon,1,41320,881e5922-b464-4a1a-b074-664bd6c0a7f6,33.2,false,false,near_mint,en,EUR,2026-05-13T09:02:23.930Z
Wish List,list,Bootleggers' Stash,PSNC,Streets of New Capenna Promos,134p,normal,mythic,1,68701,db2bac7c-7823-4e40-a04b-ffa140ef650d,0.99,false,false,near_mint,en,EUR,2026-05-12T09:31:13.225Z
Wish List,list,Gaea's Touch,DRK,The Dark,77,normal,common,1,40426,0e1ae3d6-6d96-4db6-bbc4-cee91bae6cf7,3.03,false,false,near_mint,en,EUR,2026-05-13T21:51:24.008Z
Wish List,list,Armageddon,SOA,Secrets of Strixhaven Mystical Archive,3,normal,mythic,1,112435,41954132-2c71-4b3a-8893-20e0df68a848,5.0,false,false,near_mint,en,EUR,2026-05-14T20:23:57.857Z
Wish List,list,Mindsplice Apparatus,ONE,Phyrexia: All Will Be One,63,normal,rare,1,78658,7f4ad1cb-4bbb-4485-b322-0b003f06d034,0.68,false,false,near_mint,en,EUR,2026-05-13T19:44:01.623Z
Wish List,list,Omniscience,FDN,Foundations,161,normal,mythic,1,95588,d33d91d0-1506-45e4-9def-975bf901815e,3.0,false,false,near_mint,en,EUR,2026-05-21T06:06:16.977Z
Wish List,list,Mind Grind,GTC,Gatecrash,178,normal,rare,1,16646,671eb9e8-1a69-4570-8972-2e7de371cef4,0.9,false,false,near_mint,en,EUR,2026-05-21T08:49:42.332Z
Wish List,list,Clone Legion,NCC,New Capenna Commander,215,normal,mythic,1,68480,f5ebe939-fef3-4085-808c-41ff97e83a7e,0.43,false,false,near_mint,en,EUR,2026-05-25T18:51:48.014Z
Wish List,list,Darksteel Forge,DST,Darksteel,110,normal,rare,1,29551,99078ecc-f50a-43e0-93c1-63240cd97bf7,9.97,false,false,near_mint,en,EUR,2026-05-27T21:53:47.910Z
Wish List,list,Ravages of War,PIP,Fallout,354,normal,mythic,1,92041,341292df-b9bd-4796-a12d-10fb67c91040,24.94,false,false,near_mint,en,EUR,2026-06-05T09:34:15.708Z
Wish List,list,The Warring Triad,FIC,Final Fantasy Commander,99,normal,rare,1,106064,99fd1cd5-4740-4a0f-b773-3d3b66861d77,1.08,false,false,near_mint,en,EUR,2026-06-05T17:14:56.924Z
Wish List,list,Entomb,DMR,Dominaria Remastered,82,normal,rare,1,77865,3caa9c55-5e3b-436b-84a9-b7ccebf63799,14.61,false,false,near_mint,en,EUR,2026-06-05T17:19:51.589Z
Wish List,list,Concordant Crossroads,2X2,Double Masters 2022,141,normal,mythic,1,70493,c9a26f51-5bff-4f06-abaa-6fbb56a8b5b6,16.6,false,false,near_mint,en,EUR,2026-06-05T19:36:25.970Z
Wish List,list,Control Magic,CMA,Commander Anthology,34,normal,uncommon,1,5252,84992800-9bad-4598-afd4-f1e59d2e0956,1.02,false,false,near_mint,en,EUR,2026-06-07T20:01:43.257Z
Wish List,list,Capture of Jingzhou,SLD,Secret Lair Drop,2149,normal,mythic,1,108977,189027a8-76e8-449c-973a-6b7eae8eb3b1,6.48,false,false,near_mint,en,EUR,2026-06-07T20:02:46.090Z
Wish List,list,Panoptic Mirror,DST,Darksteel,136,normal,rare,1,29525,50e945b0-e919-41bb-9bc5-f71ad531e8f1,7.23,false,false,near_mint,en,EUR,2026-06-07T21:27:02.309Z
Wish List,list,Aether Vial,DST,Darksteel,91,normal,uncommon,1,29570,741c479b-5e92-4837-9673-9bc72aa11d26,3.77,false,false,near_mint,en,EUR,2026-06-07T21:29:21.446Z
Wish List,list,Sword of Fire and Ice,DST,Darksteel,148,normal,rare,1,29513,8eb613ee-8b8b-4a34-886c-6592b27672b3,19.96,false,false,near_mint,en,EUR,2026-06-07T21:19:14.559Z
Wish List,list,Mycosynth Lattice,DST,Darksteel,130,normal,rare,4,29531,e7e7f15a-074a-4137-88ca-e5d376d146fd,15.99,false,false,near_mint,en,EUR,2026-06-07T21:20:27.238Z
Wish List,list,Crucible of Worlds,5DN,Fifth Dawn,114,normal,rare,1,29381,312a6058-de08-487d-95bd-b3c56807fdd6,17.53,false,false,near_mint,en,EUR,2026-06-07T21:36:00.779Z
Wish List,list,Sensei's Divining Top,CHK,Champions of Kamigawa,268,normal,uncommon,1,28957,4a08ca06-58db-4ce6-b490-be4bea8956a1,17.42,false,false,near_mint,en,EUR,2026-06-07T21:32:41.029Z
Wish List,list,Mycosynth Golem,5DN,Fifth Dawn,137,normal,rare,1,29358,c3200fa2-182f-4515-b326-ab4fdb95c8c1,19.18,false,false,near_mint,en,EUR,2026-06-07T21:35:30.674Z
Wish List,list,Doubling Cube,5DN,Fifth Dawn,116,normal,rare,1,29379,220d3a38-10f8-4d4a-84b8-f17b10a2cd6c,12.4,false,false,near_mint,en,EUR,2026-06-07T21:37:06.390Z
Wish List,list,Portal to Phyrexia,BRO,The Brothers' War,240,normal,mythic,1,75492,5f608efc-0dbc-4cc3-aadd-ed473bfc29ab,28.1,false,false,near_mint,en,EUR,2026-06-07T23:23:25.538Z
Wish List,list,Diabolic Intent,BRO,The Brothers' War,89,normal,rare,1,75811,d72ab698-de67-4ca8-8e42-b05346bf52fa,11.14,false,false,near_mint,en,EUR,2026-06-07T23:26:09.844Z
Wish List,list,"Liberator, Urza's Battlethopter",BRO,The Brothers' War,237,normal,rare,1,75757,c31e6768-bcab-43c4-bfc1-76e961689ae9,4.43,false,false,near_mint,en,EUR,2026-06-07T23:28:19.431Z
Wish List,list,Urza's Incubator,UDS,Urza's Destiny,142,normal,rare,1,34703,bdf96c2c-b3d6-4d84-9572-fb115a795bed,15.55,false,false,near_mint,en,EUR,2026-06-07T23:34:31.856Z
Wish List,list,Roaming Throne,PLCI,The Lost Caverns of Ixalan Promos,258p,normal,rare,1,89465,c321a867-cb86-4c0e-9719-be490f578925,34.0,false,false,near_mint,en,EUR,2026-06-07T23:49:17.851Z
Wish List,list,Simulacrum Synthesizer,PBIG,The Big Score Promos,6p,normal,mythic,1,108324,d55b6a43-8961-4bbb-bd4a-c6c7d29f7234,23.0,false,false,near_mint,en,EUR,2026-06-07T23:55:44.679Z
Wish List,list,Commander's Plate,CMR,Commander Legends,692,normal,mythic,1,55964,f520601f-c092-4f83-9c21-66e999a01c16,25.0,false,false,near_mint,en,EUR,2026-06-07T23:52:46.151Z
Wish List,list,Amulet of Vigor,WWK,Worldwake,121,normal,rare,1,22070,997bc933-ac30-477b-a4e1-5333b796a99d,25.97,false,false,near_mint,en,EUR,2026-06-07T23:53:16.989Z
Wish List,list,Shadowspear,THB,Theros Beyond Death,236,normal,rare,1,46826,939c6e19-4b27-4023-bb9c-ae440f91e21c,15.0,false,false,near_mint,en,EUR,2026-06-07T23:58:30.339Z
Wish List,list,Akroma's Memorial,M13,Magic 2013,200,normal,mythic,1,17623,d00d63c3-85a5-4c2d-bdba-6213527b5e9a,7.99,false,false,near_mint,en,EUR,2026-06-08T00:01:06.763Z
Wish List,list,Nihil Spellbomb,SOM,Scars of Mirrodin,187,normal,common,1,20845,603d217b-6375-46fc-992a-8dbd779da1e5,0.75,false,false,near_mint,en,EUR,2026-06-08T00:06:41.317Z
Wish List,list,Myr Retriever,MRD,Mirrodin,215,normal,uncommon,1,29830,ee766f7b-4e9c-442d-bf53-31c204646449,0.02,false,false,near_mint,en,EUR,2026-06-08T09:00:42.113Z
Wish List,list,Darksteel Citadel,DST,Darksteel,164,normal,common,7,29497,c5d0e808-d67b-4ea3-9c04-d20269fe692c,0.02,false,false,near_mint,en,EUR,2026-06-08T09:03:51.539Z
Wish List,list,Steel Overseer,DDF,Duel Decks: Elspeth vs. Tezzeret,44,normal,rare,1,21073,292ac228-7a1e-4c21-b81e-204014c0f3b1,0.09,false,false,near_mint,en,EUR,2026-06-08T09:13:40.373Z
Wish List,list,Farewell,NEO,Kamigawa: Neon Dynasty,13,normal,rare,1,66822,e1068723-d1ef-4007-97d9-b10dccdbade4,2.5,false,false,near_mint,en,EUR,2026-06-08T17:07:53.538Z
Wish List,list,Raucous Theater,MKM,Murders at Karlov Manor,266,normal,rare,1,91144,b598c93e-dae1-4d71-a9e4-917abf76d2d0,7.5,false,false,near_mint,en,EUR,2026-06-10T18:49:46.379Z
Wish List,list,Archangel of Thune,M14,Magic 2014,5,normal,mythic,1,16046,531cba81-afd7-4be4-adec-87edb77ba2a9,22.0,false,false,near_mint,en,EUR,2026-06-10T20:48:44.939Z
Wish List,list,"Mondrak, Glory Dominus",ONE,Phyrexia: All Will Be One,23,normal,mythic,1,78666,8296a455-21d5-498e-9029-2bdf0da855a8,20.0,false,false,near_mint,en,EUR,2026-06-10T20:53:29.203Z
Wish List,list,Parallax Wave,NEM,Nemesis,17,normal,rare,1,33865,cef789e8-e4cc-4f61-bc15-debc2487777f,24.0,false,false,near_mint,en,EUR,2026-06-10T20:51:03.662Z
Wish List,list,Smothering Tithe,RNA,Ravnica Allegiance,22,normal,rare,1,43842,7af082fa-86a3-4f7b-966d-2be1f1d0c0bc,23.99,false,false,near_mint,en,EUR,2026-06-10T20:51:43.118Z
Wish List,list,Anointed Procession,AKH,Amonkhet,2,normal,rare,1,5683,9a52c265-6920-4929-ba0a-70da08df01f1,21.0,false,false,near_mint,en,EUR,2026-06-10T20:52:04.672Z
Wish List,list,Ancient Gold Dragon,CLB,Commander Legends: Battle for Baldur's Gate,3,normal,mythic,1,68988,421395b1-2694-42fd-bb90-0007e78adefc,16.88,false,false,near_mint,en,EUR,2026-06-10T20:56:19.131Z
Wish List,list,Army of Allah,ARN,Arabian Nights,2†,normal,common,1,41620,9899352a-a4c9-47bf-b9cb-0c34060ae1c4,13.99,false,false,near_mint,en,EUR,2026-06-10T21:09:14.098Z
Wish List,list,Fierce Guardianship,C20,Commander 2020,35,normal,rare,1,50383,4c5ffa83-c88d-4f5d-851e-a642b229d596,35.0,false,false,near_mint,en,EUR,2026-06-11T08:39:43.044Z
Wish List,list,Control Magic,BRB,Battle Royale Box Set,14,normal,uncommon,1,34046,56e72fec-76eb-445d-854d-a269872ba05a,0.69,false,false,near_mint,en,EUR,2026-06-14T11:28:05.302Z
Wish List,list,Hymn to Tourach,ATH,Anthologies,23,normal,common,1,35595,57315f88-6cc5-4b1c-b56e-c8cdbc04f1a1,0.3,false,false,near_mint,en,EUR,2026-06-14T10:34:16.188Z
Wish List,list,Day of Judgment,ZEN,Zendikar,9,normal,rare,1,22615,2aa98fca-972b-46c2-bdec-6ace35c988d5,0.1,false,false,near_mint,en,EUR,2026-06-14T18:28:56.830Z
Wish List,list,Prismatic Vista,MH1,Modern Horizons,244,normal,rare,1,44690,e37da81e-be12-45a2-9128-376f1ad7b3e8,25.0,false,false,near_mint,en,EUR,2026-06-15T14:09:18.054Z
Wish List,list,Powerbalance,MH3,Modern Horizons 3,131,normal,rare,1,94581,aff7c0bb-1210-4aeb-b5f8-1387eb633b0f,0.02,false,false,near_mint,en,EUR,2026-06-15T17:27:38.846Z
Wish List,list,The Mirari Conjecture,DOM,Dominaria,57,normal,rare,1,2219,1c68954c-4bab-4973-9819-ecd084438303,0.02,false,false,near_mint,en,EUR,2026-06-16T14:24:07.818Z
Wish List,list,Clearwater Goblet,5DN,Fifth Dawn,109,normal,rare,1,29386,5458c041-dde0-4df7-82bb-ada36a482c53,0.02,false,false,near_mint,en,EUR,2026-06-16T12:36:36.763Z
Wish List,list,Summon: Bahamut,FIN,Final Fantasy,1,normal,mythic,1,105670,95318d85-4a08-47ac-a43d-ea83c0bea81c,16.0,false,false,near_mint,en,EUR,2026-06-16T13:17:37.653Z
Wish List,list,Kiora Bests the Sea God,THB,Theros Beyond Death,52,normal,mythic,1,47010,2b604451-4f6c-4cfa-8d3a-01f18d01d88f,3.0,false,false,near_mint,en,EUR,2026-06-16T14:16:39.315Z
Wish List,list,Doubling Season,RAV,Ravnica: City of Guilds,158,normal,rare,1,27852,c7e71299-98f6-494e-b187-8d22ce5f50af,14.0,false,false,near_mint,en,EUR,2026-06-19T07:12:32.169Z
Wish List,list,Restoration Seminar,SOS,Secrets of Strixhaven,30,normal,mythic,1,112297,9ebc4ecf-2fa2-4ab8-afde-3b91cf5eadb6,1.0,false,false,near_mint,en,EUR,2026-06-20T22:23:22.059Z
Wish List,list,Underworld Dreams,9ED,Ninth Edition,167,normal,rare,1,28196,5b1cbd83-c997-4c95-86a0-fe3c83d14975,0.1,false,false,near_mint,en,EUR,2026-06-30T13:58:50.759Z
Wish List,list,Reflections of Littjara,TDC,Tarkir: Dragonstorm Commander,164,normal,rare,1,104659,578a1846-8c1a-4013-b669-1d3f4ddbbaa3,0.75,false,false,near_mint,en,EUR,2026-07-05T17:23:06.173Z
Wish List,list,The Lord of Pain,DSC,Duskmourn: House of Horror Commander,3,normal,mythic,1,99135,494c244e-dcdc-4169-9743-8a61f58e8763,3.3,false,false,near_mint,en,EUR,2026-07-06T21:33:48.910Z
Ben - Temur Lorespinner,deck,Tablet of Discovery,SOS,Secrets of Strixhaven,132,normal,uncommon,1,112565,13059664-a940-4a66-8100-0c90b884bab4,0.25,false,false,near_mint,en,EUR,2026-04-22T20:47:03.918Z
Ben - Temur Lorespinner,deck,Procrastinate,SOS,Secrets of Strixhaven,64,normal,common,1,111692,1edb449d-620f-4e21-9d76-2c840635eb9d,0.13,false,false,near_mint,en,EUR,2026-04-22T20:47:03.910Z
Ben - Temur Lorespinner,deck,Ark of Hunger,SOS,Secrets of Strixhaven,173,normal,rare,1,112311,79d01c19-162b-4a12-9e27-18366d95eaa0,0.06,false,false,near_mint,en,EUR,2026-04-22T20:47:03.913Z
Ben - Temur Lorespinner,deck,Strixhaven Skycoach,SOS,Secrets of Strixhaven,252,normal,uncommon,1,112469,87741fbb-b426-4f83-a358-587b0907f081,0.12,false,false,near_mint,en,EUR,2026-04-22T20:47:03.915Z
Ben - Temur Lorespinner,deck,Essence Scatter,SOS,Secrets of Strixhaven,47,normal,common,1,112586,32840097-0531-4c43-b6a8-e76c17420b04,0.14,false,false,near_mint,en,EUR,2026-04-22T20:47:03.920Z
Ben - Temur Lorespinner,deck,Pick Your Poison,SOA,Secrets of Strixhaven Mystical Archive,55,normal,uncommon,1,112489,a11f1013-d747-4cf2-bbf5-0bd68a949ddf,0.27,false,false,near_mint,en,EUR,2026-04-22T20:47:03.934Z
Ben - Temur Lorespinner,deck,Strife Scholar // Awaken the Ages,SOS,Secrets of Strixhaven,131,normal,common,1,112644,8de79312-2046-425e-9919-49afe19be81b,0.02,false,false,near_mint,en,EUR,2026-04-22T20:47:03.939Z
Ben - Temur Lorespinner,deck,Mathemagics,SOS,Secrets of Strixhaven,58,normal,mythic,1,110979,cd3cc172-5609-4bc8-9d84-50680fed6df9,3.54,false,false,near_mint,en,EUR,2026-04-22T21:05:55.800Z
Ben - Temur Lorespinner,deck,Deduce,SOA,Secrets of Strixhaven Mystical Archive,16,normal,uncommon,1,111808,a6813cd2-7151-459a-a2f1-52808584de53,0.15,false,false,near_mint,en,EUR,2026-04-22T20:47:03.955Z
Ben - Temur Lorespinner,deck,Matterbending Mage,SOS,Secrets of Strixhaven,59,normal,uncommon,1,112606,460c6afd-cddf-4fea-925f-b27517ff250a,0.1,false,false,near_mint,en,EUR,2026-04-22T20:47:03.957Z
Ben - Temur Lorespinner,deck,"Page, Loose Leaf",SOS,Secrets of Strixhaven,250,normal,common,1,112642,8c6fecfd-8241-4cf0-b1eb-19472b99e0ed,0.13,false,false,near_mint,en,EUR,2026-04-22T20:47:03.929Z
Ben - Temur Lorespinner,deck,Brotherhood's End,SOA,Secrets of Strixhaven Mystical Archive,39,foil,rare,1,112486,98a399fa-822d-4e8c-8be0-fa929c9bbd4d,1.66,false,false,near_mint,en,EUR,2026-04-22T21:00:01.584Z
Ben - Temur Lorespinner,deck,Wildgrowth Archaic,SOS,Secrets of Strixhaven,168,foil,rare,1,112417,0e6e2188-7203-4d10-a838-27233f283cd5,1.8,false,false,near_mint,en,EUR,2026-04-22T21:00:01.587Z
Ben - Temur Lorespinner,deck,Zaffai and the Tempests,SOS,Secrets of Strixhaven,246,normal,rare,1,112236,5bdbf507-6fd7-49f6-b437-8f2ce2d0eb0f,0.02,false,false,near_mint,en,EUR,2026-04-22T21:00:01.585Z
Ben - Temur Lorespinner,deck,Great Hall of the Biblioplex,SOS,Secrets of Strixhaven,361,normal,rare,1,112258,a4344235-8598-4a3b-89fe-bd68372b3b2b,1.17,false,false,near_mint,en,EUR,2026-04-22T20:47:03.968Z
Ben - Temur Lorespinner,deck,Return the Favor,SOA,Secrets of Strixhaven Mystical Archive,47,normal,uncommon,1,112535,e968efff-635b-4780-9bbe-099e75a1841b,0.26,false,false,near_mint,en,EUR,2026-04-22T20:47:03.973Z
Ben - Temur Lorespinner,deck,Terramorphic Expanse,SOS,Secrets of Strixhaven,265,normal,common,1,112047,9a4c5629-fadd-42b9-850f-9f8586a2ca50,0.17,false,false,near_mint,en,EUR,2026-04-22T20:47:03.949Z
Ben - Temur Lorespinner,deck,Quick Study,SOS,Secrets of Strixhaven,65,normal,common,1,112583,2d4f0bc7-da7c-4749-a24c-b01f3eb5860c,0.11,false,false,near_mint,en,EUR,2026-04-22T20:47:03.950Z
Ben - Temur Lorespinner,deck,Pyretic Ritual,SOA,Secrets of Strixhaven Mystical Archive,46,normal,rare,1,112531,e4507ef5-0d30-42ca-b305-f99c6e10432b,2.56,false,false,near_mint,en,EUR,2026-04-22T20:47:03.967Z
Ben - Temur Lorespinner,deck,Deluge Virtuoso,SOS,Secrets of Strixhaven,42,normal,common,1,112222,2e3b16ed-8727-48fd-8b1f-c0cbd329385e,0.17,false,false,near_mint,en,EUR,2026-04-22T20:47:03.963Z
Ben - Temur Lorespinner,deck,Prismari Pianist,SOC,Secrets of Strixhaven Commander,34,normal,rare,1,111994,7e3e5990-ad48-4be2-af8a-4ff77177758d,0.7,false,false,near_mint,en,EUR,2026-04-22T21:00:01.586Z
Ben - Temur Lorespinner,deck,Resonating Lute,SOS,Secrets of Strixhaven,221,normal,rare,1,112241,6ef168d6-28f2-4c24-9bfa-82c35663b729,1.21,false,false,near_mint,en,EUR,2026-04-22T20:47:03.933Z
Ben - Temur Lorespinner,deck,Spellbook Seeker // Careful Study,SOS,Secrets of Strixhaven,68,foil,common,1,112691,cc44eaa4-59a4-419e-b1d1-d92f354ff588,0.56,false,false,near_mint,en,EUR,2026-04-22T20:47:03.980Z
Ben - Temur Lorespinner,deck,Spectacle Summit,SOS,Secrets of Strixhaven,262,normal,common,1,112055,a0a66f7b-eab4-45da-8895-c2c2c7eb05f8,0.09,false,false,near_mint,en,EUR,2026-04-24T21:56:17.343Z
Ben - Temur Lorespinner,deck,Seat of the Synod,MRD,Mirrodin,283,normal,common,1,29762,5da5587d-6b6c-4645-8cc9-2866d1e6911b,0.69,false,false,near_mint,en,EUR,2026-04-24T20:48:03.014Z
Ben - Temur Lorespinner,deck,Crystal Vein,CMA,Commander Anthology,246,normal,uncommon,1,5040,1c28ab69-1a46-45af-a331-1f52f99a9da3,5.2,false,false,near_mint,en,EUR,2026-04-24T22:19:49.344Z
Ben - Temur Lorespinner,deck,Wilt in the Heat,SOS,Secrets of Strixhaven,243,normal,common,1,112715,f63f7209-fc0f-400c-8076-125f3131cb32,0.08,false,false,near_mint,en,EUR,2026-04-25T14:59:04.582Z
Ben - Temur Lorespinner,deck,Expressive Firedancer,SOS,Secrets of Strixhaven,114,normal,common,1,112286,259b8c45-6241-4206-a34e-34c7f401f47b,0.09,false,false,near_mint,en,EUR,2026-04-25T14:59:04.579Z
Ben - Temur Lorespinner,deck,Spellbook Seeker // Careful Study,SOS,Secrets of Strixhaven,68,normal,common,1,112691,cc44eaa4-59a4-419e-b1d1-d92f354ff588,0.09,false,false,near_mint,en,EUR,2026-04-26T19:57:37.741Z
Ben - Temur Lorespinner,deck,Ancestral Anger,SOS,Secrets of Strixhaven,106,normal,common,1,112627,6c5a93d6-d4ab-4062-bb3c-1b5330bf15ad,0.08,false,false,near_mint,en,EUR,2026-04-26T19:57:37.742Z
Ben - Temur Lorespinner,deck,"Tam, Observant Sequencer // Deep Sight",SOS,Secrets of Strixhaven,237,normal,uncommon,1,111713,7120e71b-2976-451b-89a7-a1665dc6fb6b,0.03,false,false,near_mint,en,EUR,2026-04-25T14:59:04.585Z
Ben - Temur Lorespinner,deck,Mage Tower Referee,SOS,Secrets of Strixhaven,249,normal,common,1,112568,1ceb704a-97a8-49f9-b799-30f001404144,0.06,false,false,near_mint,en,EUR,2026-04-26T19:57:37.743Z
Ben - Temur Lorespinner,deck,Monstrous Rage,SOA,Secrets of Strixhaven Mystical Archive,45,normal,uncommon,1,112439,4b2e000b-a147-443b-9138-9ff2d16c0422,0.1,false,false,near_mint,en,EUR,2026-04-27T17:25:07.190Z
Ben - Temur Lorespinner,deck,Tendo Ice Bridge,BOK,Betrayers of Kamigawa,165,normal,rare,1,28544,d246f521-b9a0-4b4f-b38c-0e4eb4066212,0.68,false,false,near_mint,en,EUR,2026-04-24T22:19:49.349Z
Ben - Temur Lorespinner,deck,Naktamun Lorespinner // Wheel of Fortune,SOC,Secrets of Strixhaven Commander,33,normal,rare,1,112077,acca1fd4-6384-460e-905f-118f01aa76ed,3.28,false,false,near_mint,en,EUR,2026-04-27T17:25:07.187Z
Ben - Temur Lorespinner,deck,Evolving Wilds,J25,Foundations Jumpstart,765,normal,common,1,100287,2861c9f5-0141-49ac-9b4b-623226d67b22,0.12,false,false,near_mint,en,EUR,2026-04-24T22:19:49.348Z
Ben - Temur Lorespinner,deck,Titan's Grave,SOS,Secrets of Strixhaven,266,normal,common,1,112068,a9ab41c8-3ee2-4676-9b8b-20c34d9f5f21,0.07,false,false,near_mint,en,EUR,2026-04-30T16:29:05.549Z
Ben - Temur Lorespinner,deck,Practiced Scrollsmith,SOS,Secrets of Strixhaven,210,normal,uncommon,1,112289,40075e3f-58b3-47fd-8fbe-4b301e9ce7a1,0.02,false,false,near_mint,en,EUR,2026-04-28T20:43:22.361Z
Ben - Temur Lorespinner,deck,Hydro-Channeler,SOS,Secrets of Strixhaven,54,normal,common,1,112563,099f8400-d70a-48ef-8ff6-645eae97e072,0.09,false,false,near_mint,en,EUR,2026-04-30T16:29:05.549Z
Ben - Temur Lorespinner,deck,Library of Leng,SPG,Special Guests,158,normal,mythic,1,111779,038ea81c-b491-4529-936d-c7afad950174,5.71,false,false,near_mint,en,EUR,2026-04-28T20:43:22.363Z
Ben - Temur Lorespinner,deck,Procrastinate,SOS,Secrets of Strixhaven,64,foil,common,1,111692,1edb449d-620f-4e21-9d76-2c840635eb9d,0.2,false,false,near_mint,en,EUR,2026-04-27T17:25:07.196Z
Ben - Temur Lorespinner,deck,Biblioplex Tomekeeper,SOS,Secrets of Strixhaven,247,normal,common,1,111740,bf2efdd9-d2b4-4bea-a5b9-dbb2eee4dfba,0.11,false,false,near_mint,en,EUR,2026-04-30T16:29:05.549Z
Ben - Temur Lorespinner,deck,Blazing Firesinger // Seething Song,SOS,Secrets of Strixhaven,109,normal,uncommon,1,112595,3ba971e7-0b7a-4750-896f-7cf063e66b2a,0.21,false,false,near_mint,en,EUR,2026-04-30T16:29:05.549Z
Ben - Temur Lorespinner,deck,Tackle Artist,SOS,Secrets of Strixhaven,133,normal,common,1,112672,b87e2474-98c1-4c1a-91ed-340b72d31653,0.03,false,false,near_mint,en,EUR,2026-04-29T20:55:56.284Z
Ben - Temur Lorespinner,deck,Ambitious Augmenter,SOS,Secrets of Strixhaven,140,normal,rare,1,112312,85629088-2007-4db5-9397-bac12a3d7498,0.02,false,false,near_mint,en,EUR,2026-04-28T20:43:22.364Z
Ben - Temur Lorespinner,deck,Studious First-Year // Rampant Growth,SOS,Secrets of Strixhaven,162,normal,common,1,111693,24f888dd-785c-4089-a89c-03f9080130ed,0.12,false,false,near_mint,en,EUR,2026-04-28T20:43:22.354Z
Ben - Temur Lorespinner,deck,Royal Treatment,SOA,Secrets of Strixhaven Mystical Archive,56,normal,uncommon,1,112412,009bad41-5e96-4bb3-9f5e-66500fb8af29,0.04,false,false,near_mint,en,EUR,2026-04-30T11:53:13.335Z
Ben - Temur Lorespinner,deck,Rhystic Study,PCY,Prophecy,45,normal,common,1,33635,3394cefd-a3c6-4917-8f46-234e441ecfb6,29.78,false,false,near_mint,en,EUR,2026-05-17T21:33:14.869Z
Hazel,deck,Honored Dreyleader,BLB,Bloomburrow,178,normal,uncommon,1,96107,bc5ee537-52e1-474a-9326-dfacc2a758ab,0.09,false,false,near_mint,en,EUR,2026-04-22T20:05:47.955Z
Hazel,deck,"Ygra, Eater of All",BLB,Bloomburrow,241,foil,mythic,1,95825,b9ac7673-eae8-4c4b-889e-5025213a6151,10.03,false,false,near_mint,en,EUR,2026-04-22T20:15:24.173Z
Hazel,deck,Morbid Opportunist,BLC,Bloomburrow Commander,183,normal,uncommon,1,96238,318370d0-1c12-4228-b2c9-2a766e234091,0.23,false,false,near_mint,en,EUR,2026-04-22T20:51:12.403Z
Hazel,deck,Deadly Dispute,BLC,Bloomburrow Commander,181,normal,common,1,96317,61f2155e-c3b2-4c8e-b5b0-25dd5e29228c,0.56,false,false,near_mint,en,EUR,2026-04-22T20:51:12.406Z
Hazel,deck,Ogre Slumlord,BLC,Bloomburrow Commander,186,normal,rare,1,96433,b70293ae-d50d-44bf-aaa3-689727056ec5,0.29,false,false,near_mint,en,EUR,2026-04-22T20:51:12.399Z
Hazel,deck,Llanowar Elves,7ED,Seventh Edition,253,normal,common,1,32553,ed8a8cfd-baef-4198-b1f3-4926139588b2,0.37,false,false,near_mint,en,EUR,2026-04-24T18:45:01.035Z
Hazel,deck,Phyrexian Plaguelord,8ED,Eighth Edition,153,normal,rare,1,30383,284f9e91-9318-44d9-995b-8c00752a3b01,0.16,false,false,near_mint,en,EUR,2026-04-24T19:01:24.834Z
Hazel,deck,Command Tower,BLC,Bloomburrow Commander,130,normal,common,1,96318,63a39996-48b7-42bb-9759-a42382ee0468,0.29,false,false,near_mint,en,EUR,2026-04-24T22:29:34.459Z
Hazel,deck,Sol Ring,BLC,Bloomburrow Commander,129,normal,uncommon,1,96542,fff440c0-7e6a-46c2-9989-f1b5af20fd44,1.21,false,false,near_mint,en,EUR,2026-04-24T22:29:34.516Z
Hazel,deck,Chitterspitter,BLC,Bloomburrow Commander,211,normal,rare,1,96524,f0b80608-1455-4899-9d19-1b1d2d068744,0.24,false,false,near_mint,en,EUR,2026-04-24T22:29:34.490Z
Hazel,deck,Second Harvest,BLC,Bloomburrow Commander,123,normal,rare,1,96195,1ee78a73-10af-461a-9fd3-962fc1f0ccb0,1.61,false,false,near_mint,en,EUR,2026-04-24T22:29:34.471Z
Hazel,deck,Saw in Half,BLC,Bloomburrow Commander,113,normal,rare,1,96382,90f8de01-c1bd-4533-9e98-61e7d25dcf88,4.13,false,false,near_mint,en,EUR,2026-04-24T22:29:34.460Z
Hazel,deck,Arasta of the Endless Web,BLC,Bloomburrow Commander,205,normal,rare,1,96331,6dda8d6b-fd31-4908-a953-20c180a33e56,0.31,false,false,near_mint,en,EUR,2026-04-24T22:29:34.468Z
Hazel,deck,Moonstone Eulogist,BLC,Bloomburrow Commander,19,normal,rare,1,96176,13158f3b-9d85-4689-9afa-7d9a8a2d1b09,0.27,false,false,near_mint,en,EUR,2026-04-24T22:29:34.449Z
Hazel,deck,Rootcast Apprenticeship,BLC,Bloomburrow Commander,32,normal,rare,1,96144,00756441-a734-4960-9c69-f03a508a1522,0.54,false,false,near_mint,en,EUR,2026-04-24T22:29:34.463Z
Hazel,deck,Exotic Orchard,BLC,Bloomburrow Commander,131,normal,rare,1,96507,e6d8d98d-29b2-4ca2-bbda-4db2e8f6ae0b,0.27,false,false,near_mint,en,EUR,2026-04-24T22:29:34.484Z
Hazel,deck,Woodland Cemetery,BLC,Bloomburrow Commander,354,normal,rare,1,96349,7ab2f083-b674-4f8d-897b-9dc84ff85658,0.78,false,false,near_mint,en,EUR,2026-04-24T22:29:34.480Z
Hazel,deck,Haunted Mire,BLC,Bloomburrow Commander,311,normal,common,1,96410,a3ed4f23-b237-425e-9d26-f90d70713f7b,0.31,false,false,near_mint,en,EUR,2026-04-24T22:29:34.519Z
Hazel,deck,Scurry of Squirrels,BLC,Bloomburrow Commander,33,normal,rare,1,96453,c343b965-af2b-45c3-babb-9242736cf1e5,0.66,false,false,near_mint,en,EUR,2026-04-24T22:29:34.466Z
Hazel,deck,Woe Strider,BLC,Bloomburrow Commander,189,normal,rare,1,96150,05b2af75-2e29-446b-b3d0-00b5e5d50b3c,1.79,false,false,near_mint,en,EUR,2026-04-24T22:29:34.456Z
Hazel,deck,Necroblossom Snarl,BLC,Bloomburrow Commander,319,normal,rare,1,96151,078de083-d86c-4d51-b38f-58991c0d0e0a,0.57,false,false,near_mint,en,EUR,2026-04-24T22:29:34.481Z
Hazel,deck,Wolfwillow Haven,BLC,Bloomburrow Commander,246,normal,uncommon,1,96367,8506e3eb-07c1-4f5c-a2a7-c210acf6be16,0.19,false,false,near_mint,en,EUR,2026-04-24T22:29:34.457Z
Hazel,deck,Arcane Signet,BLC,Bloomburrow Commander,127,normal,common,1,96215,28180667-cc1e-4f64-9a69-00425ef85ba0,0.46,false,false,near_mint,en,EUR,2026-04-24T22:29:34.513Z
Hazel,deck,Jungle Hollow,BLC,Bloomburrow Commander,313,normal,common,1,96288,5401ef4c-b1e8-4f37-abe8-25c405d4f6ea,0.14,false,false,near_mint,en,EUR,2026-04-24T22:29:34.445Z
Hazel,deck,Path of Ancestry,BLC,Bloomburrow Commander,322,normal,common,1,96359,821cb722-146d-447e-907d-dc97baa5bc4f,0.15,false,false,near_mint,en,EUR,2026-04-24T22:29:34.518Z
Hazel,deck,Tireless Provisioner,BLC,Bloomburrow Commander,243,normal,uncommon,1,96420,ac73d130-ceb6-41ea-af0d-314d5adba9e6,2.26,false,false,near_mint,en,EUR,2026-04-24T22:29:34.509Z
Hazel,deck,The Odd Acorn Gang,BLC,Bloomburrow Commander,7,foil,mythic,1,96345,791d9ea0-c70a-47a6-b8a3-0f5d36a5c44d,0.68,false,false,near_mint,en,EUR,2026-04-24T22:29:34.452Z
Hazel,deck,"Chatterfang, Squirrel General",BLC,Bloomburrow Commander,209,normal,mythic,1,95795,72ab0422-eba0-4e1e-9626-ef31b836dcd2,3.13,false,false,near_mint,en,EUR,2026-04-24T22:29:34.474Z
Hazel,deck,Casualties of War,BLC,Bloomburrow Commander,125,normal,rare,1,96458,c579edb6-acba-4e44-b3d6-693cd4e0e2d8,0.22,false,false,near_mint,en,EUR,2026-04-24T22:29:34.477Z
Hazel,deck,Twilight Mire,BLC,Bloomburrow Commander,351,normal,rare,1,96179,142a605f-ec69-43eb-bdde-dd9e29f9fd22,0.54,false,false,near_mint,en,EUR,2026-04-24T22:29:34.488Z
Hazel,deck,"Toski, Bearer of Secrets",BLC,Bloomburrow Commander,244,normal,rare,1,96155,0b261989-b34e-4bba-90f8-2adfda58c89b,3.04,false,false,near_mint,en,EUR,2026-04-24T22:29:34.470Z
Hazel,deck,Nested Shambler,BLC,Bloomburrow Commander,185,normal,common,1,96199,202011d5-755e-497b-b4a7-f2b6e6a0b464,0.13,false,false,near_mint,en,EUR,2026-04-24T22:29:34.520Z
Hazel,deck,Grim Backwoods,BLC,Bloomburrow Commander,309,normal,rare,1,96486,dcad6aed-4694-4a5e-9a27-e9cced43a29f,0.19,false,false,near_mint,en,EUR,2026-04-24T22:29:34.486Z
Hazel,deck,Hazel's Brewmaster,BLC,Bloomburrow Commander,17,normal,rare,1,96284,52af8b70-a9c8-40d7-99da-fa51dc293688,2.32,false,false,near_mint,en,EUR,2026-04-24T22:29:34.454Z
Hazel,deck,Golgari Signet,BLC,Bloomburrow Commander,272,normal,uncommon,1,96324,6a41e111-659e-4521-890f-19d814054dfc,0.34,false,false,near_mint,en,EUR,2026-04-24T22:29:34.514Z
Hazel,deck,Sword of the Squeak,BLC,Bloomburrow Commander,40,normal,rare,1,96411,a3f4d41d-69a5-412f-aa25-f1acc5cacab2,0.43,false,false,near_mint,en,EUR,2026-04-24T22:29:34.493Z
Hazel,deck,Binding the Old Gods,BLC,Bloomburrow Commander,248,normal,uncommon,1,96448,c04bcc93-78b6-4e30-9129-76e2f4b60230,0.15,false,false,near_mint,en,EUR,2026-04-24T22:29:34.503Z
Hazel,deck,Insatiable Frugivore,BLC,Bloomburrow Commander,18,normal,rare,1,96232,2ef58a8f-ce72-40c2-b032-818cc16267ce,0.22,false,false,near_mint,en,EUR,2026-04-24T22:29:34.447Z
Hazel,deck,Tear Asunder,BLC,Bloomburrow Commander,241,normal,uncommon,1,96190,1c81a779-6b91-4de2-9065-d6821a787e7d,0.3,false,false,near_mint,en,EUR,2026-04-24T22:29:34.511Z
Hazel,deck,Gourmand's Talent,BLC,Bloomburrow Commander,31,normal,rare,1,96374,89670a1b-a6f1-491d-bbb4-92e3382da653,0.51,false,false,near_mint,en,EUR,2026-04-24T22:29:34.455Z
Hazel,deck,Hazel of the Rootbloom,BLC,Bloomburrow Commander,2,foil,mythic,1,95746,1269ca79-907e-4932-9e77-a9a5d2929060,1.82,false,false,near_mint,en,EUR,2026-04-24T22:29:34.451Z
Hazel,deck,Shamanic Revelation,BLC,Bloomburrow Commander,237,normal,rare,1,96431,b4e193e8-1127-475b-9af6-d0d0c44adf49,0.84,false,false,near_mint,en,EUR,2026-04-24T22:29:34.473Z
Hazel,deck,Llanowar Wastes,BLC,Bloomburrow Commander,315,normal,rare,1,96522,f01e0e0e-f8c1-416d-bf4b-2b7661924e9b,0.98,false,false,near_mint,en,EUR,2026-04-24T22:29:34.485Z
Hazel,deck,Maelstrom Pulse,BLC,Bloomburrow Commander,126,normal,rare,1,96480,d8f4d07b-2fc1-4d86-865b-b35526850c8e,0.28,false,false,near_mint,en,EUR,2026-04-24T22:29:34.491Z
Hazel,deck,Bastion of Remembrance,BLC,Bloomburrow Commander,179,normal,uncommon,1,96257,3be363dc-70f0-4de3-b7de-5e4db2264883,0.39,false,false,near_mint,en,EUR,2026-04-24T22:29:34.497Z
Hazel,deck,Squirrel Sovereign,BLC,Bloomburrow Commander,240,normal,uncommon,1,96430,b4356e13-655b-40b8-ad08-4e28b7464a3c,0.12,false,false,near_mint,en,EUR,2026-04-24T22:29:34.506Z
Hazel,deck,Beastmaster Ascension,BLC,Bloomburrow Commander,118,normal,rare,1,96188,1bccf8a9-d135-431e-bcc0-15ab29f8f8cb,3.75,false,false,near_mint,en,EUR,2026-04-24T22:29:34.472Z
Hazel,deck,Barren Moor,BLC,Bloomburrow Commander,292,normal,uncommon,1,96181,1517f3b6-579d-472f-a44e-ad7545407509,0.19,false,false,near_mint,en,EUR,2026-04-24T22:29:34.444Z
Hazel,deck,Chittering Witch,BLC,Bloomburrow Commander,180,normal,rare,1,96184,16e8e655-2da1-46c9-b9fb-223dd366698b,0.22,false,false,near_mint,en,EUR,2026-04-24T22:29:34.450Z
Hazel,deck,Maskwood Nexus,BLC,Bloomburrow Commander,279,normal,rare,1,96395,9a8456d9-30dd-4acf-9255-e9540886df37,0.86,false,false,near_mint,en,EUR,2026-04-24T22:29:34.476Z
Hazel,deck,Chatterstorm,BLC,Bloomburrow Commander,210,normal,common,1,96386,9426c906-e665-40a4-823a-0245bc39fbda,0.18,false,false,near_mint,en,EUR,2026-04-24T22:29:34.498Z
Hazel,deck,Deep Forest Hermit,BLC,Bloomburrow Commander,213,normal,rare,1,96529,f712e233-1de8-45e4-9225-790d608ac90b,0.23,false,false,near_mint,en,EUR,2026-04-24T22:29:34.469Z
Hazel,deck,"Garruk, Cursed Huntsman",BLC,Bloomburrow Commander,99,foil,mythic,1,96251,3874f322-9847-4a63-b7e1-718abbe1e0bd,0.55,false,false,near_mint,en,EUR,2026-04-24T22:29:34.453Z
Hazel,deck,Plumb the Forbidden,BLC,Bloomburrow Commander,188,normal,uncommon,1,96513,eaea189c-9973-435e-975d-dc47a331b28a,1.17,false,false,near_mint,en,EUR,2026-04-24T22:29:34.496Z
Hazel,deck,End-Raze Forerunners,BLC,Bloomburrow Commander,214,normal,rare,1,96332,6e4566f9-a6f5-420e-8ab8-ca505facc3d9,0.43,false,false,near_mint,en,EUR,2026-04-24T22:29:34.467Z
Hazel,deck,Skyfisher Spider,BLC,Bloomburrow Commander,261,normal,uncommon,1,96497,e18927dd-c50c-4fb2-8d4c-d0f853b68294,0.25,false,false,near_mint,en,EUR,2026-04-24T22:29:34.502Z
Hazel,deck,Temple of Malady,BLC,Bloomburrow Commander,341,normal,rare,1,96267,4685198b-d40e-47be-8632-af4a1e71e7a1,0.17,false,false,near_mint,en,EUR,2026-04-24T22:29:34.479Z
Hazel,deck,Poison-Tip Archer,BLC,Bloomburrow Commander,256,normal,uncommon,1,96435,b7e92375-037c-4be1-8183-6261e0666e12,0.79,false,false,near_mint,en,EUR,2026-04-24T22:29:34.500Z
Hazel,deck,Tainted Wood,BLC,Bloomburrow Commander,337,normal,uncommon,1,96182,156de082-e159-4830-867e-1b3bb8338291,0.21,false,false,near_mint,en,EUR,2026-04-24T22:29:34.458Z
Hazel,deck,Nadier's Nightblade,BLC,Bloomburrow Commander,184,normal,uncommon,1,96432,b533e358-3b30-4719-a2a3-13fb9ea817c6,0.2,false,false,near_mint,en,EUR,2026-04-24T22:29:34.495Z
Hazel,deck,Skullclamp,BLC,Bloomburrow Commander,283,normal,uncommon,1,96391,97b729d3-5965-4e16-a50a-1e9bf51a9f13,5.35,false,false,near_mint,en,EUR,2026-04-24T22:29:34.517Z
Hazel,deck,Swarmyard Massacre,BLC,Bloomburrow Commander,20,normal,rare,1,96364,8486f472-afad-4fdd-a57a-d20d8871b543,2.55,false,false,near_mint,en,EUR,2026-04-24T22:29:34.448Z
Hazel,deck,Ravenous Squirrel,BLC,Bloomburrow Commander,258,normal,uncommon,1,96540,fe425d81-833f-4ab9-b0e4-a1fa8ed26426,0.2,false,false,near_mint,en,EUR,2026-04-24T22:29:34.501Z
Hazel,deck,Haywire Mite,BLC,Bloomburrow Commander,274,normal,uncommon,1,96489,de49db1e-3cb7-4f1a-9637-23e5820a0144,1.16,false,false,near_mint,en,EUR,2026-04-24T22:29:34.508Z
Hazel,deck,Talisman of Resilience,BLC,Bloomburrow Commander,288,normal,uncommon,1,96273,49766e23-74f5-4d6a-a882-53127028face,0.35,false,false,near_mint,en,EUR,2026-04-24T22:29:34.515Z
Hazel,deck,Putrefy,BLC,Bloomburrow Commander,257,normal,uncommon,1,96383,916b3272-1b36-4c4e-b773-0bc696a7ef98,0.16,false,false,near_mint,en,EUR,2026-04-24T22:29:34.512Z
Hazel,deck,Decree of Pain,BLC,Bloomburrow Commander,182,normal,rare,1,96506,e64e60e8-67a3-4329-8232-d0f73c09be62,0.24,false,false,near_mint,en,EUR,2026-04-24T22:29:34.462Z
Hazel,deck,Moldervine Reclamation,BLC,Bloomburrow Commander,255,normal,uncommon,1,96417,ab923455-5d5d-495e-ac93-ae0f01e0605e,0.39,false,false,near_mint,en,EUR,2026-04-24T22:29:34.499Z
Hazel,deck,Beledros Witherbloom,BLC,Bloomburrow Commander,247,normal,mythic,1,96419,ac47e057-86e0-4774-a3e9-b256ab317ba0,2.01,false,false,near_mint,en,EUR,2026-04-24T22:29:34.492Z
Hazel,deck,"Oran-Rief, the Vastwood",BLC,Bloomburrow Commander,320,normal,rare,1,96537,fc3d73d8-47cd-481c-ae13-9d993fd54420,0.81,false,false,near_mint,en,EUR,2026-04-24T22:29:34.482Z
Hazel,deck,Swarmyard,BLC,Bloomburrow Commander,133,normal,rare,1,96306,5dd51c2a-99ad-4866-9e0c-162746cb04d3,3.3,false,false,near_mint,en,EUR,2026-04-24T22:29:34.483Z
Hazel,deck,Plaguecrafter,BLC,Bloomburrow Commander,187,normal,uncommon,1,96335,7092aa38-4f05-4b18-b894-d55ca9fe9b15,0.35,false,false,near_mint,en,EUR,2026-04-24T22:29:34.494Z
Hazel,deck,Golgari Rot Farm,BLC,Bloomburrow Commander,308,normal,uncommon,1,96310,5fe6e199-26b5-4744-9748-f64ecadefc2f,0.23,false,false,near_mint,en,EUR,2026-04-24T22:29:34.504Z
Hazel,deck,Academy Manufactor,BLC,Bloomburrow Commander,264,normal,rare,1,96234,2f5b4544-70d9-45ee-84a3-fa6253a53a82,5.02,false,false,near_mint,en,EUR,2026-04-24T22:29:34.478Z
Hazel,deck,Squirrel Nest,BLC,Bloomburrow Commander,239,normal,uncommon,1,96439,bac26044-b41f-4c75-8bc1-26359250d8bc,0.18,false,false,near_mint,en,EUR,2026-04-24T22:29:34.510Z
Hazel,deck,Prosperous Innkeeper,BLC,Bloomburrow Commander,121,normal,uncommon,1,96519,eed76e15-6456-4ddc-addf-f0e6eff8bb6a,0.29,false,false,near_mint,en,EUR,2026-04-24T22:29:34.507Z
Hazel,deck,Viridescent Bog,BLC,Bloomburrow Commander,352,normal,rare,1,96394,991fca57-eb30-40e7-a443-784a104625b5,0.28,false,false,near_mint,en,EUR,2026-04-24T22:29:34.487Z
Hazel,deck,Insectoid Exterminator,TMT,Teenage Mutant Ninja Turtles,64,normal,common,1,111615,ff26f7ff-7f70-4204-9b48-de9e21dc89ec,0.04,false,false,near_mint,en,EUR,2026-04-24T22:29:34.446Z
Hazel,deck,Gilded Goose,BLC,Bloomburrow Commander,221,normal,rare,1,96376,8d3facb6-314c-4dd2-a570-4515c596163c,0.84,false,false,near_mint,en,EUR,2026-04-24T22:29:34.489Z
Hazel,deck,Night's Whisper,5DN,Fifth Dawn,55,normal,uncommon,1,29440,61f0c6f6-b90d-4eb1-a5db-86e0a3997501,1.16,false,false,near_mint,en,EUR,2026-04-30T16:32:44.018Z
Hazel,deck,Wood Elves,CMA,Commander Anthology,170,normal,common,1,5116,77f95da2-cbc4-4430-adb7-75f4c469d98e,0.24,false,false,near_mint,en,EUR,2026-04-30T16:32:44.018Z
Ben - Azorius ⚪️🔵,deck,Tributary Vaulter,ECL,Lorwyn Eclipsed,40,normal,common,1,110802,a1db2c83-41d1-4cc6-b9a3-fed504b01127,0.06,false,false,near_mint,en,EUR,2026-04-20T18:59:33.354Z
Ben - Azorius ⚪️🔵,deck,Mischievous Sneakling,ECL,Lorwyn Eclipsed,235,normal,common,1,110726,3b66fa00-2fa6-4060-9e7f-8e3fde6deb73,0.07,false,false,near_mint,en,EUR,2026-04-20T18:59:33.343Z
Ben - Azorius ⚪️🔵,deck,Hurkyl's Final Meditation,BRO,The Brothers' War,52,normal,rare,1,75460,5577f345-9577-42f8-b244-089b9a7c2e56,0.09,false,false,near_mint,en,EUR,2026-04-20T18:59:33.366Z
Ben - Azorius ⚪️🔵,deck,Riverguard's Reflexes,ECL,Lorwyn Eclipsed,33,normal,common,1,110782,88a79f3e-ca74-467c-b0a8-22802ac5b465,0.05,false,false,near_mint,en,EUR,2026-04-20T18:59:33.335Z
Ben - Azorius ⚪️🔵,deck,Kinsbaile Aspirant,ECL,Lorwyn Eclipsed,21,normal,uncommon,1,110505,56dfdab1-ea3f-4663-a855-a9e72505f85e,0.08,false,false,near_mint,en,EUR,2026-04-20T18:59:33.337Z
Ben - Azorius ⚪️🔵,deck,Wild Unraveling,ECL,Lorwyn Eclipsed,84,normal,common,1,110673,01522fec-9136-4fa6-91a3-370a8bb08b42,0.13,false,false,near_mint,en,EUR,2026-04-20T18:59:33.367Z
Ben - Azorius ⚪️🔵,deck,Dawn-Blessed Pennant,ECL,Lorwyn Eclipsed,254,normal,uncommon,1,110312,294266b6-0343-4fa5-90b8-0adf7df490e4,0.17,false,false,near_mint,en,EUR,2026-04-20T18:59:33.368Z
Ben - Azorius ⚪️🔵,deck,Silvergill Mentor,ECL,Lorwyn Eclipsed,69,normal,uncommon,1,110857,e6e37fe8-459c-4992-8ae9-f782cddab2fe,0.17,false,false,near_mint,en,EUR,2026-04-20T18:59:33.360Z
Ben - Azorius ⚪️🔵,deck,Deepchannel Duelist,ECL,Lorwyn Eclipsed,213,normal,uncommon,1,110698,1b742172-7118-45e7-9945-62bd77d94e85,0.11,false,false,near_mint,en,EUR,2026-04-20T18:59:33.333Z
Ben - Azorius ⚪️🔵,deck,Reaping Willow,ECL,Lorwyn Eclipsed,240,normal,uncommon,1,110794,97c33cc2-3573-410a-908b-c0392fff524b,0.13,false,false,near_mint,en,EUR,2026-04-20T18:59:33.363Z
Ben - Azorius ⚪️🔵,deck,Flaring Cinder,ECL,Lorwyn Eclipsed,225,normal,common,1,110675,0691a1a9-18e7-44b7-9a34-764b1ab45a76,0.07,false,false,near_mint,en,EUR,2026-04-20T18:59:33.334Z
Ben - Azorius ⚪️🔵,deck,Military Discipline,BRO,The Brothers' War,17,normal,common,1,75640,94778e17-87c4-4765-b2f0-40455069f2c4,0.07,false,false,near_mint,en,EUR,2026-04-20T18:59:33.357Z
Ben - Azorius ⚪️🔵,deck,Spiral into Solitude,ECL,Lorwyn Eclipsed,36,normal,common,1,110858,e7a12664-a930-4159-8311-19862488fb05,0.08,false,false,near_mint,en,EUR,2026-04-20T18:59:33.345Z
Ben - Azorius ⚪️🔵,deck,Keep Out,ECL,Lorwyn Eclipsed,19,normal,common,1,110741,4ab1601c-634c-4f21-8926-ba3cb92008c1,0.11,false,false,near_mint,en,EUR,2026-04-20T18:59:33.352Z
Ben - Azorius ⚪️🔵,deck,Kinbinding,ECL,Lorwyn Eclipsed,20,normal,rare,1,110398,b6e35fd5-de7e-40a8-a23c-00d07fd1ac56,0.39,false,false,near_mint,en,EUR,2026-04-20T18:59:33.375Z
Ben - Azorius ⚪️🔵,deck,Prideful Feastling,ECL,Lorwyn Eclipsed,238,normal,common,1,110535,7578cb61-f606-4559-a10a-343a583228ab,0.08,false,false,near_mint,en,EUR,2026-04-20T18:59:33.374Z
Ben - Azorius ⚪️🔵,deck,Gallant Fowlknight,ECL,Lorwyn Eclipsed,17,normal,common,1,110665,fb6096ba-8083-4207-9a3f-c1e4ff095204,0.07,false,false,near_mint,en,EUR,2026-04-20T18:59:33.377Z
Ben - Azorius ⚪️🔵,deck,Urza's Rebuff,BRO,The Brothers' War,71,normal,common,1,75611,8a6f90b3-450c-490a-b6d0-2393c4646c85,0.08,false,false,near_mint,en,EUR,2026-04-20T18:59:33.369Z
Ben - Azorius ⚪️🔵,deck,Silvergill Peddler,ECL,Lorwyn Eclipsed,70,normal,common,1,110669,feba2bb6-6005-4ade-a4c5-97bbd54b43a3,0.08,false,false,near_mint,en,EUR,2026-04-20T18:59:33.336Z
Ben - Azorius ⚪️🔵,deck,Spell Snare,ECL,Lorwyn Eclipsed,71,normal,uncommon,1,110399,b7551b61-656e-4f37-b9da-73174db983b7,0.44,false,false,near_mint,en,EUR,2026-04-20T18:59:33.341Z
Ben - Azorius ⚪️🔵,deck,Slippery Bogle,SPG,Special Guests,144,normal,mythic,1,110384,a4ad7a05-20af-4f7a-9dc2-7ce89356364c,5.41,false,false,near_mint,en,EUR,2026-04-20T18:59:33.339Z
Ben - Azorius ⚪️🔵,deck,Burdened Stoneback,ECL,Lorwyn Eclipsed,8,normal,uncommon,1,110470,3278b8d0-3d2b-4d3d-bbf1-fd9b714b53ed,0.06,false,false,near_mint,en,EUR,2026-04-20T18:59:33.381Z
Ben - Azorius ⚪️🔵,deck,Reluctant Dounguard,ECL,Lorwyn Eclipsed,31,normal,common,2,110849,dbce93c0-5efc-4b60-9cef-9d9b374d397b,0.06,false,false,near_mint,en,EUR,2026-04-20T18:59:33.325Z
Ben - Azorius ⚪️🔵,deck,Unwelcome Sprite,ECL,Lorwyn Eclipsed,81,normal,uncommon,2,110566,902f8d86-fde2-4cdf-88f0-bf63d616f3af,0.05,false,false,near_mint,en,EUR,2026-04-20T18:59:33.349Z
Ben - Azorius ⚪️🔵,deck,Merrow Skyswimmer,ECL,Lorwyn Eclipsed,234,normal,common,2,110676,075b419a-fd44-4a9a-8c40-474562b7e11a,0.05,false,false,near_mint,en,EUR,2026-04-20T18:59:33.331Z
Ben - Azorius ⚪️🔵,deck,Shore Lurker,ECL,Lorwyn Eclipsed,34,normal,common,2,110605,bb353c27-e311-4677-9277-cab6820562ce,0.11,false,false,near_mint,en,EUR,2026-04-20T18:59:33.326Z
Ben - Azorius ⚪️🔵,deck,Gathering Stone,ECL,Lorwyn Eclipsed,257,normal,uncommon,1,110547,81dfbfe1-143a-4637-b683-a34cfc51993d,0.38,false,false,near_mint,en,EUR,2026-04-20T18:59:33.378Z
Ben - Azorius ⚪️🔵,deck,Personify,ECL,Lorwyn Eclipsed,28,normal,uncommon,3,110299,1172582d-fb2d-4022-95b1-e48b03df3a95,0.22,false,false,near_mint,en,EUR,2026-04-20T18:59:33.353Z
Ben - Azorius ⚪️🔵,deck,Wanderwine Distracter,ECL,Lorwyn Eclipsed,82,normal,common,2,110624,cbf593a7-d4ae-4771-926a-3c1b2c8c901a,0.16,false,false,near_mint,en,EUR,2026-04-20T18:59:33.327Z
Necron Dynasties,binder,Swamp,40K,"Warhammer 40,000 Commander",312,normal,common,10,72496,b6ec5e94-acd6-481d-a5cb-0ca8628614b1,0.02,false,false,near_mint,en,EUR,2026-05-29T16:20:07.980Z
Necron Dynasties,binder,Swamp,40K,"Warhammer 40,000 Commander",310,normal,common,10,72439,7cb90852-1a5c-4aff-9be2-d783990d2d41,0.02,false,false,near_mint,en,EUR,2026-05-29T16:20:07.985Z
Necron Dynasties,binder,Swamp,40K,"Warhammer 40,000 Commander",313,normal,common,10,72374,53002007-21ee-4953-9832-157968881b9e,0.02,false,false,near_mint,en,EUR,2026-05-29T16:20:07.990Z
Necron Dynasties,deck,Welding Jar,MRD,Mirrodin,274,normal,common,1,29771,42b7b73b-4800-4fc7-9a5c-93e00ea88498,1.05,false,false,near_mint,en,EUR,2026-04-20T19:17:08.245Z
Necron Dynasties,deck,Grave Researcher // Reanimate,SOS,Secrets of Strixhaven,85,foil,rare,1,111721,8b1e10e8-ea14-4761-910b-4072e2a18456,5.98,false,false,near_mint,en,EUR,2026-04-22T20:47:03.970Z
Necron Dynasties,deck,Mind Slash,8ED,Eighth Edition,145,normal,uncommon,1,30391,76da89df-edb9-482c-a3bb-e7cf650990cc,0.35,false,false,near_mint,en,EUR,2026-04-24T19:01:24.839Z
Necron Dynasties,deck,Conjurer's Bauble,5DN,Fifth Dawn,112,normal,common,1,29383,2d32960e-d182-455f-8e74-eb11b10050da,0.87,false,false,near_mint,en,EUR,2026-04-24T20:48:03.000Z
Necron Dynasties,deck,Blasting Station,5DN,Fifth Dawn,107,normal,uncommon,1,29388,71e2f832-6601-4232-b250-fd1c88538fbd,3.04,false,false,near_mint,en,EUR,2026-04-24T20:48:02.968Z
Necron Dynasties,deck,Millikin,ODY,Odyssey,302,normal,uncommon,1,31875,0550133b-22cf-4ecd-b89a-8c2f0beeaa22,0.29,false,false,near_mint,en,EUR,2026-04-24T20:48:03.041Z
Necron Dynasties,deck,Sheoldred's Edict,SOA,Secrets of Strixhaven Mystical Archive,97,normal,rare,1,112739,9070d77d-4a41-4f22-9579-06a7db5a520e,7.22,false,false,near_mint,en,EUR,2026-04-27T17:30:15.371Z
Necron Dynasties,deck,Scheming Silvertongue // Sign in Blood,SOS,Secrets of Strixhaven,99,foil,rare,1,112541,fe85a124-0d8b-4a29-8df1-65888a39147f,1.61,false,false,near_mint,de,EUR,2026-05-16T14:46:39.580Z
Necron Dynasties,deck,Decorum Dissertation,SOS,Secrets of Strixhaven,292,normal,mythic,1,112351,6040e27f-ed10-410c-8ae5-cfcba35c0d4c,6.5,false,false,near_mint,de,EUR,2026-05-17T11:44:09.472Z
Necron Dynasties,deck,Emeritus of Woe // Demonic Tutor,SOS,Secrets of Strixhaven,80,foil,mythic,1,112636,7eb9e83d-515d-4911-a06b-9982200277b2,15.44,false,false,near_mint,en,EUR,2026-05-02T18:06:30.786Z
Necron Dynasties,deck,Feed the Swarm,SOA,Secrets of Strixhaven Mystical Archive,29,normal,uncommon,1,112488,a041cfe3-a02d-41e2-aea3-76bc2bacc10e,0.02,false,false,near_mint,de,EUR,2026-05-17T11:44:09.476Z
Necron Dynasties,deck,Reliquary Tower,40K,"Warhammer 40,000 Commander",291,normal,uncommon,1,72586,fc07ad3a-982a-4bfc-b2e7-8e6e340ed32c,2.72,false,false,near_mint,en,EUR,2026-05-29T16:20:08.042Z
Necron Dynasties,deck,Illuminor Szeras,40K,"Warhammer 40,000 Commander",37,normal,rare,1,72534,d161a190-3c85-4207-9d88-7ff9213efea8,4.5,false,false,near_mint,en,EUR,2026-05-29T16:20:08.054Z
Necron Dynasties,deck,Lychguard,40K,"Warhammer 40,000 Commander",39,normal,rare,1,72403,6737a276-b5e9-4c55-b995-ada96eca4e6e,0.1,false,false,near_mint,en,EUR,2026-05-29T16:20:08.053Z
Necron Dynasties,deck,Thought Vessel,40K,"Warhammer 40,000 Commander",259,normal,common,1,72561,ebf52151-9b4b-40c3-945b-8c32d13e1ad3,1.0,false,false,near_mint,en,EUR,2026-05-29T16:20:08.051Z
Necron Dynasties,deck,Canoptek Tomb Sentinel,40K,"Warhammer 40,000 Commander",152,normal,rare,1,72486,aec9ba42-4c58-4e40-a8c5-63da81c44616,0.4,false,false,near_mint,en,EUR,2026-05-29T16:20:08.046Z
Necron Dynasties,deck,Mutilate,40K,"Warhammer 40,000 Commander",203,normal,rare,1,72503,b931c7cb-ef83-440c-9195-ace311f4a601,1.0,false,false,near_mint,en,EUR,2026-05-29T16:20:08.063Z
Necron Dynasties,deck,Resurrection Orb,40K,"Warhammer 40,000 Commander",165,normal,rare,1,72317,2d6209c8-9fa1-4f0a-ab65-ac2fedfcd09b,10.0,false,false,near_mint,en,EUR,2026-05-29T16:20:08.047Z
Necron Dynasties,deck,Endless Atlas,40K,"Warhammer 40,000 Commander",237,normal,rare,1,72521,c8b2fcc3-5c39-403b-8311-5760190388b2,0.6,false,false,near_mint,en,EUR,2026-05-29T16:20:08.049Z
Necron Dynasties,deck,Skorpekh Destroyer,40K,"Warhammer 40,000 Commander",57,normal,uncommon,1,72501,b8c69031-588d-44a2-89b3-972a335541e5,0.05,false,false,near_mint,en,EUR,2026-05-29T16:20:08.055Z
Necron Dynasties,deck,"Szarekh, the Silent King",40K,"Warhammer 40,000 Commander",1,foil,mythic,1,72547,e11174b2-2423-4a6e-9dcf-ff550eee7e5a,0.67,false,false,near_mint,en,EUR,2026-05-29T16:20:08.048Z
Necron Dynasties,deck,Barren Moor,40K,"Warhammer 40,000 Commander",266,normal,uncommon,1,72303,22a7ef45-0fa0-4924-955c-27da5f6d0098,0.05,false,false,near_mint,en,EUR,2026-05-29T16:20:08.058Z
Necron Dynasties,deck,Beacon of Unrest,40K,"Warhammer 40,000 Commander",194,normal,rare,1,72549,e313ae8b-f77b-47a4-9202-305bf6deb3dc,0.1,false,false,near_mint,en,EUR,2026-05-29T16:20:08.067Z
Necron Dynasties,deck,Canoptek Spyder,40K,"Warhammer 40,000 Commander",151,normal,rare,1,72377,56ae1e4b-b620-480b-b6fc-66f2137d7d89,11.25,false,false,near_mint,en,EUR,2026-05-29T16:20:08.045Z
Necron Dynasties,deck,The War in Heaven,40K,"Warhammer 40,000 Commander",69,normal,rare,1,72530,cd556cd1-e33a-433d-ac18-4a4fd195c3ab,0.1,false,false,near_mint,en,EUR,2026-05-29T16:20:08.056Z
Necron Dynasties,deck,Anrakyr the Traveller,40K,"Warhammer 40,000 Commander",28,normal,rare,1,72413,6ea09406-c65e-4ee4-9c74-0553e5110837,0.2,false,false,near_mint,en,EUR,2026-05-29T16:20:08.052Z
Necron Dynasties,deck,Cranial Plating,40K,"Warhammer 40,000 Commander",236,normal,uncommon,1,72375,53a7cccd-b445-46e3-b70c-afc3bb2de85d,0.15,false,false,near_mint,en,EUR,2026-05-29T16:20:08.057Z
Necron Dynasties,deck,Out of the Tombs,40K,"Warhammer 40,000 Commander",46,normal,rare,1,72568,f1170bfa-9623-44c3-a15e-bd8c2627fe6e,8.5,false,false,near_mint,en,EUR,2026-05-29T16:20:08.043Z
Necron Dynasties,deck,Royal Warden,40K,"Warhammer 40,000 Commander",52,normal,rare,1,72275,0a968eac-2840-41ba-b7de-3182964d4913,0.1,false,false,near_mint,en,EUR,2026-05-29T16:20:08.044Z
Necron Dynasties,deck,Defile,40K,"Warhammer 40,000 Commander",199,normal,uncommon,1,72485,ae79f72a-0f44-4a79-a640-582282706a1b,0.99,false,false,near_mint,en,EUR,2026-05-29T16:20:08.065Z
Necron Dynasties,deck,Necron Monolith,40K,"Warhammer 40,000 Commander",161,normal,rare,1,72465,9b1ecad3-8cec-4a18-9401-6eebc7feeacc,0.12,false,false,near_mint,en,EUR,2026-05-29T16:20:08.062Z
Necron Dynasties,deck,Unstable Obelisk,40K,"Warhammer 40,000 Commander",260,normal,common,1,72576,f79d90f8-fb86-4846-833a-63c0496221e0,0.02,false,false,near_mint,en,EUR,2026-05-29T16:20:08.061Z
Necron Dynasties,deck,Myriad Landscape,40K,"Warhammer 40,000 Commander",285,normal,uncommon,1,72475,a3a12e0f-85de-440f-8a7d-230bf8c415c1,0.14,false,false,near_mint,en,EUR,2026-05-29T16:20:08.059Z
Necron Dynasties,deck,Sculpting Steel,40K,"Warhammer 40,000 Commander",247,normal,rare,1,72385,5cfa5564-47d8-48e7-a815-2a6cff683a52,0.49,false,false,near_mint,en,EUR,2026-05-29T16:20:08.064Z
Necron Dynasties,deck,Cryptothrall,40K,"Warhammer 40,000 Commander",155,normal,rare,1,72272,086d94a0-763e-495e-b952-5c13383657c9,14.0,false,false,near_mint,en,EUR,2026-05-29T16:20:08.068Z
Necron Dynasties,deck,Hedron Archive,40K,"Warhammer 40,000 Commander",240,normal,uncommon,1,72321,2feb16d2-7406-45ab-9595-e6c48fc47bf5,0.05,false,false,near_mint,en,EUR,2026-05-29T16:20:08.050Z
Necron Dynasties,deck,Ghost Ark,40K,"Warhammer 40,000 Commander",156,normal,rare,1,72316,2c6865c1-8144-4b06-a599-a62382fe1124,0.06,false,false,near_mint,en,EUR,2026-05-29T16:20:08.018Z
Necron Dynasties,deck,Wayfarer's Bauble,40K,"Warhammer 40,000 Commander",262,normal,common,1,72281,10887c92-2647-4372-ad54-cc13167786db,0.15,false,false,near_mint,en,EUR,2026-05-29T16:20:08.022Z
Necron Dynasties,deck,Dread Return,40K,"Warhammer 40,000 Commander",200,normal,uncommon,1,72409,6a73b481-8e62-4742-bbd0-33b8048602d7,0.25,false,false,near_mint,en,EUR,2026-05-29T16:20:07.976Z
Necron Dynasties,deck,Gilded Lotus,40K,"Warhammer 40,000 Commander",239,normal,rare,1,72358,4991e495-9b6d-4f52-aada-3187fd44b945,0.4,false,false,near_mint,en,EUR,2026-05-29T16:20:07.979Z
Necron Dynasties,deck,Convergence of Dominion,40K,"Warhammer 40,000 Commander",154,normal,rare,1,72545,e03d8676-f693-4155-b75f-dcbe2890ccb0,0.1,false,false,near_mint,en,EUR,2026-05-29T16:20:07.988Z
Necron Dynasties,deck,Necron Deathmark,40K,"Warhammer 40,000 Commander",42,normal,rare,1,72345,4129cb0d-eefe-4971-9db8-1196201ef353,2.0,false,false,near_mint,en,EUR,2026-05-29T16:20:08.014Z
Necron Dynasties,deck,Imotekh the Stormlord,40K,"Warhammer 40,000 Commander",5,foil,mythic,1,72312,286ff901-1faf-4a02-a37a-fa165989112f,8.0,false,false,near_mint,en,EUR,2026-05-29T16:20:07.973Z
Necron Dynasties,deck,Night Scythe,40K,"Warhammer 40,000 Commander",162,normal,uncommon,1,72464,9a71531f-d4b6-4cc7-8193-b2f5bce33b21,0.05,false,false,near_mint,en,EUR,2026-05-29T16:20:08.035Z
Necron Dynasties,deck,Mind Stone,40K,"Warhammer 40,000 Commander",245,normal,uncommon,1,72338,3e2550d5-ba6a-4cab-908a-b537973800c1,0.12,false,false,near_mint,en,EUR,2026-05-29T16:20:08.027Z
Necron Dynasties,deck,Psychomancer,40K,"Warhammer 40,000 Commander",51,normal,uncommon,1,72431,780743bf-e1a0-4114-9474-319632e0c775,0.15,false,false,near_mint,en,EUR,2026-05-29T16:20:08.033Z
Necron Dynasties,deck,Tomb Fortress,40K,"Warhammer 40,000 Commander",168,normal,rare,1,72387,5ffd1a43-5613-4058-9e51-fd3cc1585651,3.0,false,false,near_mint,en,EUR,2026-05-29T16:20:07.995Z
Necron Dynasties,deck,Chronomancer,40K,"Warhammer 40,000 Commander",32,normal,rare,1,72481,a960acea-3404-4834-9296-d6715add49af,0.2,false,false,near_mint,en,EUR,2026-05-29T16:20:08.003Z
Necron Dynasties,deck,Skorpekh Lord,40K,"Warhammer 40,000 Commander",58,normal,rare,1,72497,b768ec5f-771a-4acd-b3dd-85dea914689e,0.63,false,false,near_mint,en,EUR,2026-05-29T16:20:08.012Z
Necron Dynasties,deck,Lokhust Heavy Destroyer,40K,"Warhammer 40,000 Commander",38,normal,rare,1,72355,4665fa5d-37ea-4898-a4a4-7bc5311075de,0.1,false,false,near_mint,en,EUR,2026-05-29T16:20:08.021Z
Necron Dynasties,deck,Biotransference,40K,"Warhammer 40,000 Commander",30,normal,rare,1,72427,75a787a3-5838-4121-bbaf-745d22c4b0bc,4.99,false,false,near_mint,en,EUR,2026-05-29T16:20:08.019Z
Necron Dynasties,deck,Mask of Memory,40K,"Warhammer 40,000 Commander",243,normal,uncommon,1,72322,30acbb34-3ff5-4d38-b349-f108351f94f8,0.05,false,false,near_mint,en,EUR,2026-05-29T16:20:08.013Z
Necron Dynasties,deck,Necron Overlord,40K,"Warhammer 40,000 Commander",43,normal,rare,1,72392,62d70fd2-de4e-41c6-b3e5-147fffca8a20,0.1,false,false,near_mint,en,EUR,2026-05-29T16:20:08.038Z
Necron Dynasties,deck,Flayed One,40K,"Warhammer 40,000 Commander",34,normal,uncommon,1,72487,b0ab96a5-0bcc-4732-8936-9522f3de3962,0.02,false,false,near_mint,en,EUR,2026-05-29T16:20:08.028Z
Necron Dynasties,deck,Darkness,40K,"Warhammer 40,000 Commander",197,normal,common,1,72564,ed94c73e-25d3-43bb-bdaa-b05f9b972216,6.8,false,false,near_mint,en,EUR,2026-05-29T16:20:07.978Z
Necron Dynasties,deck,Mystic Forge,40K,"Warhammer 40,000 Commander",246,normal,rare,1,72531,cf56bef3-7f0e-47b4-96f5-325722f7708a,0.75,false,false,near_mint,en,EUR,2026-05-29T16:20:08.016Z
Necron Dynasties,deck,Caged Sun,40K,"Warhammer 40,000 Commander",231,normal,rare,1,72556,e828d87a-f2c7-475b-8c8f-b36474c50cf9,1.25,false,false,near_mint,en,EUR,2026-05-29T16:20:07.993Z
Necron Dynasties,deck,Living Death,40K,"Warhammer 40,000 Commander",202,normal,rare,1,72467,9e03a4fe-6ee5-423b-bc05-452e8d14507b,2.77,false,false,near_mint,en,EUR,2026-05-29T16:20:08.020Z
Necron Dynasties,deck,Commander's Sphere,40K,"Warhammer 40,000 Commander",234,normal,common,1,72424,746a626d-3379-4274-a9ae-ec77469e0ab1,0.09,false,false,near_mint,en,EUR,2026-05-29T16:20:08.036Z
Necron Dynasties,deck,Plasmancer,40K,"Warhammer 40,000 Commander",48,normal,uncommon,1,72452,8deb5d3a-0762-4c4f-afef-fd86728914b4,0.02,false,false,near_mint,en,EUR,2026-05-29T16:20:08.024Z
Necron Dynasties,deck,Vault of Whispers,40K,"Warhammer 40,000 Commander",305,normal,common,1,72365,4dca7b45-164d-4181-9585-5d0f3b6a6927,2.25,false,false,near_mint,en,EUR,2026-05-29T16:20:07.994Z
Necron Dynasties,deck,Sautekh Immortal,40K,"Warhammer 40,000 Commander",54,normal,uncommon,1,72519,c57778d7-fbd7-482f-b895-c033592f7af6,0.02,false,false,near_mint,en,EUR,2026-05-29T16:20:08.037Z
Necron Dynasties,deck,Triarch Praetorian,40K,"Warhammer 40,000 Commander",66,normal,uncommon,1,72382,5ad67a79-cb13-44b8-adac-36cfd211f2d3,0.25,false,false,near_mint,en,EUR,2026-05-29T16:20:08.005Z
Necron Dynasties,deck,Shard of the Void Dragon,40K,"Warhammer 40,000 Commander",56,normal,rare,1,72348,41dd0b55-3dbb-4b65-a949-20c2a12f7edd,0.25,false,false,near_mint,en,EUR,2026-05-29T16:20:08.030Z
Necron Dynasties,deck,Their Name Is Death,40K,"Warhammer 40,000 Commander",62,normal,rare,1,72558,ea5ddc28-dfc1-4b96-b6e2-590fcb1f83ef,6.5,false,false,near_mint,en,EUR,2026-05-29T16:20:07.975Z
Necron Dynasties,deck,Desert of the Glorified,40K,"Warhammer 40,000 Commander",275,normal,common,1,72580,f9161bb7-07db-468f-b944-37a90fa0e4d9,0.04,false,false,near_mint,en,EUR,2026-05-29T16:20:07.989Z
Necron Dynasties,deck,Sceptre of Eternal Glory,40K,"Warhammer 40,000 Commander",166,normal,rare,1,72507,bc7f3009-c852-41e7-8e62-d2ee637b3998,16.0,false,false,near_mint,en,EUR,2026-05-29T16:20:08.026Z
Necron Dynasties,deck,Technomancer,40K,"Warhammer 40,000 Commander",61,normal,rare,1,72514,c160c1f7-714e-444a-ab74-c64c3a099a48,0.09,false,false,near_mint,en,EUR,2026-05-29T16:20:07.984Z
Necron Dynasties,deck,Polluted Mire,40K,"Warhammer 40,000 Commander",288,normal,common,1,72311,2862c204-3e32-4ff5-b767-e1af0f37b96a,0.04,false,false,near_mint,en,EUR,2026-05-29T16:20:07.987Z
Necron Dynasties,deck,Hexmark Destroyer,40K,"Warhammer 40,000 Commander",36,normal,uncommon,1,72401,66a4e78b-9600-4fec-94f0-65cf8ffce2dc,0.03,false,false,near_mint,en,EUR,2026-05-29T16:20:07.983Z
Necron Dynasties,deck,Their Number Is Legion,40K,"Warhammer 40,000 Commander",63,normal,rare,1,72566,f03c1eb4-1f47-4b65-8d8d-4057fb6997e1,0.15,false,false,near_mint,en,EUR,2026-05-29T16:20:07.977Z
Necron Dynasties,deck,Tomb Blade,40K,"Warhammer 40,000 Commander",64,normal,rare,1,72319,2f5f2e19-41ce-40c6-9732-d0f88ad6735f,0.08,false,false,near_mint,en,EUR,2026-05-29T16:20:08.040Z
Necron Dynasties,deck,Triarch Stalker,40K,"Warhammer 40,000 Commander",67,normal,rare,1,72585,fbe75aae-727b-4cb0-967c-477d5a08b8f7,0.05,false,false,near_mint,en,EUR,2026-05-29T16:20:07.982Z
Necron Dynasties,deck,Go for the Throat,40K,"Warhammer 40,000 Commander",201,normal,common,1,72557,e915e66d-4531-41f0-bc4f-ad9cd8851a05,0.65,false,false,near_mint,en,EUR,2026-05-29T16:20:08.034Z
Necron Dynasties,deck,Arcane Signet,40K,"Warhammer 40,000 Commander",228,normal,common,1,72410,6b3f3fbb-0188-4eec-90c0-81c801d3a996,0.49,false,false,near_mint,en,EUR,2026-05-29T16:20:07.997Z
Necron Dynasties,deck,Trazyn the Infinite,40K,"Warhammer 40,000 Commander",65,normal,rare,1,72293,1ae95cfb-1c3e-43cc-acfa-68f25b0f6e52,0.2,false,false,near_mint,en,EUR,2026-05-29T16:20:07.974Z
Necron Dynasties,deck,Shard of the Nightbringer,40K,"Warhammer 40,000 Commander",55,normal,rare,1,72302,21e4140e-22b3-479f-a259-0f56ed02b8ad,3.99,false,false,near_mint,en,EUR,2026-05-29T16:20:08.023Z
Necron Dynasties,deck,Canoptek Wraith,40K,"Warhammer 40,000 Commander",153,normal,rare,1,72269,06199f88-720f-484a-953e-9189bafbe173,0.5,false,false,near_mint,en,EUR,2026-05-29T16:20:08.011Z
Necron Dynasties,deck,Canoptek Scarab Swarm,40K,"Warhammer 40,000 Commander",150,normal,rare,1,72335,3ce2021c-1422-4901-a554-2d4fab72c8e4,7.99,false,false,near_mint,en,EUR,2026-05-29T16:20:08.001Z
Necron Dynasties,deck,Cryptek,40K,"Warhammer 40,000 Commander",33,normal,rare,1,72559,ea8483a2-9135-48d1-994d-9525d5ffcabb,0.09,false,false,near_mint,en,EUR,2026-05-29T16:20:07.991Z
Necron Dynasties,deck,Sol Ring,40K,"Warhammer 40,000 Commander",252,normal,uncommon,1,72550,e3450882-d791-4172-b02a-ee7fdb36acfc,1.49,false,false,near_mint,en,EUR,2026-05-29T16:20:08.032Z
Necron Dynasties,deck,Bitter Triumph,SOA,Secrets of Strixhaven Mystical Archive,26,normal,uncommon,1,112527,db465858-0593-4850-8f1d-400fe230a18d,0.4,false,false,near_mint,en,EUR,2026-06-07T19:11:01.454Z
Necron Dynasties,deck,Chromatic Sphere,MRD,Mirrodin,151,normal,common,1,29894,f31a6dfd-93d2-49c8-a357-9a707b9c42bd,0.26,false,false,near_mint,en,EUR,2026-06-07T19:11:01.454Z
Necron Dynasties,deck,Disciple of the Vault,MRD,Mirrodin,62,normal,common,1,29983,644359dc-3c4c-4291-876d-7390dc466877,0.79,false,false,near_mint,en,EUR,2026-06-07T19:11:01.454Z
Necron Dynasties,deck,Dross Scorpion,MRD,Mirrodin,164,normal,common,1,29881,27c5381c-2e79-41fa-b1d7-2cf0c6dc1808,0.15,false,false,near_mint,en,EUR,2026-06-07T19:11:01.454Z
Necron Dynasties,deck,Leaden Myr,MRD,Mirrodin,191,normal,common,1,29854,555efe5f-848f-44da-92b5-69c8e852f179,1.33,false,false,near_mint,en,EUR,2026-06-07T19:11:01.454Z
Necron Dynasties,deck,Necrogen Spellbomb,MRD,Mirrodin,216,normal,common,1,29829,0950bfe7-2600-4e01-8f54-f03a5c023520,0.14,false,false,near_mint,en,EUR,2026-06-07T19:11:01.454Z
Nata,deck,Rockface Village,BLB,Bloomburrow,259,normal,uncommon,1,95629,62799d24-39a6-4e66-8ac3-7cafa99e6e6d,0.27,false,false,near_mint,en,EUR,2026-04-20T19:27:30.728Z
Nata,deck,Hearthborn Battler,BLB,Bloomburrow,139,normal,rare,2,95965,bef1cf5c-9738-4062-8cb1-87a372d36687,0.26,false,false,near_mint,en,EUR,2026-04-20T19:27:30.695Z
Nata,deck,Three Tree Rootweaver,BLB,Bloomburrow,198,normal,common,2,96469,d1ab6e14-26e0-4174-b5c6-bc0f5c26b177,0.14,false,false,near_mint,en,EUR,2026-04-20T19:09:59.258Z
Nata,deck,Hunter's Talent,BLB,Bloomburrow,179,normal,uncommon,2,95847,e9a31863-9649-4a4f-99e4-c93729938bd7,0.41,false,false,near_mint,en,EUR,2026-04-20T19:09:59.258Z
Nata,deck,Hidden Grotto,BLB,Bloomburrow,254,normal,common,3,95918,4ba8f2e7-8357-4862-97dc-1942d066023a,0.09,false,false,near_mint,en,EUR,2026-04-20T19:27:30.735Z
Nata,deck,Valley Flamecaller,BLB,Bloomburrow,158,normal,rare,1,96091,a0812db4-b7d1-4cf7-aaa5-9c0e784079a1,0.26,false,false,near_mint,en,EUR,2026-04-20T19:27:30.682Z
Nata,deck,Overprotect,BLB,Bloomburrow,185,normal,uncommon,1,95891,079e979f-b618-4625-989c-e0ea5b61ed8a,1.7,false,false,near_mint,en,EUR,2026-04-20T19:09:59.258Z
Nata,deck,Pawpatch Recruit,BLB,Bloomburrow,187,normal,rare,1,96064,7d4d88ba-0ee4-4f66-995b-2e50614f50ee,0.89,false,false,near_mint,en,EUR,2026-04-20T19:09:59.258Z
Nata,deck,High Stride,BLB,Bloomburrow,176,normal,common,2,96153,09c8cf4b-8e65-4a1c-b458-28b5ab56b390,0.04,false,false,near_mint,en,EUR,2026-04-20T19:09:59.258Z
Nata,deck,Flamecache Gecko,BLB,Bloomburrow,135,normal,uncommon,2,96142,fb8e7c97-8393-41b8-bb0b-3983dcc5e7f4,0.18,false,false,near_mint,en,EUR,2026-04-20T19:27:30.713Z
Nata,deck,Abrade,SOA,Secrets of Strixhaven Mystical Archive,37,normal,uncommon,1,112513,c5bb5307-e874-42c4-b85d-06b9f6c474c8,0.31,false,false,near_mint,en,EUR,2026-04-22T20:47:03.914Z
Nata,deck,Rampant Growth,9ED,Ninth Edition,263,normal,common,4,28100,a429a983-d28e-46e7-816f-0398428db11a,0.22,false,false,near_mint,en,EUR,2026-04-24T18:45:01.022Z
Nata,deck,Predator's Strike,MRD,Mirrodin,128,normal,common,2,29917,75e5bcc2-9203-4526-a9a9-fac6fd02a854,0.13,false,false,near_mint,en,EUR,2026-04-24T18:45:01.075Z
Nata,deck,Tender Wildguide,BLB,Bloomburrow,196,normal,rare,1,95792,6b8bfa91-adb0-4596-8c16-d8bb64fdb26d,0.37,false,false,near_mint,en,EUR,2026-04-30T11:31:15.712Z
Nata,deck,Manifold Mouse,BLB,Bloomburrow,143,normal,rare,1,95881,db3832b5-e83f-4569-bd49-fb7b86fa2d47,0.41,false,false,near_mint,en,EUR,2026-04-30T11:31:15.713Z
Nata,deck,"Muerra, Trash Tactician",BLB,Bloomburrow,227,normal,rare,1,95821,b40e4658-fd68-46d0-9a89-25570a023d19,0.21,false,false,near_mint,en,EUR,2026-05-02T17:56:14.183Z
Nata,deck,Oakhollow Village,BLB,Bloomburrow,258,normal,uncommon,1,95624,0d49b016-b02b-459f-85e9-c04f6bdcb94e,0.39,false,false,near_mint,en,EUR,2026-05-02T17:56:14.184Z
Nata,deck,Evolving Wilds,AFR,Adventures in the Forgotten Realms,256,normal,common,2,60284,71afb548-691d-4c72-b369-85f9b451c71d,0.05,false,false,near_mint,en,EUR,2026-05-11T19:09:30.394Z
Nata,deck,Keen-Eyed Curator,BLB,Bloomburrow,181,normal,rare,1,96080,8cf33d80-0704-4dc4-8e8d-1dcbcbc35add,1.68,false,false,near_mint,en,EUR,2026-05-06T16:16:08.199Z
Nata,deck,Uncharted Haven,BLB,Bloomburrow,261,normal,common,1,96053,68b90f54-d629-4126-82cc-13b51d6c1c3e,0.06,false,false,near_mint,en,EUR,2026-05-06T16:16:08.209Z
Nata,deck,Colossification,BLB,Bloomburrow,392,normal,rare,2,96111,c2cad902-ffd2-4bab-b114-b4b6df2ac6b3,0.05,false,false,near_mint,en,EUR,2026-05-22T11:01:59.433Z
Nata,deck,Emberheart Challenger,BLB,Bloomburrow,133,normal,rare,1,95888,0035082e-bb86-4f95-be48-ffc87fe5286d,0.65,false,false,near_mint,en,EUR,2026-05-23T18:44:15.578Z
Nata,deck,Cache Grab,BLB,Bloomburrow,167,normal,common,2,95842,dfd977dc-a7c3-4d0a-aca7-b25bd154e963,0.12,false,false,near_mint,en,EUR,2026-05-23T20:02:20.982Z
Nata,deck,Roughshod Duo,BLB,Bloomburrow,150,normal,common,3,96343,78cdcfb9-a247-4c2d-a098-5b57570f8cd5,0.04,false,false,near_mint,en,EUR,2026-05-23T20:02:20.982Z
Nata,deck,Volcanic Hammer,9ED,Ninth Edition,226,normal,common,1,28137,9db3f454-4aeb-4e48-b961-bea760ea8ddf,0.08,false,false,near_mint,en,EUR,2026-05-23T20:02:20.982Z
Nata,deck,Heaped Harvest,BLB,Bloomburrow,175,normal,common,2,96255,3b5349db-0e0a-4b15-886e-0db403ef49cb,0.16,false,false,near_mint,en,EUR,2026-05-23T20:02:20.982Z
Proxies,list,Abundant Countryside,ECC,Lorwyn Eclipsed Commander,22,normal,rare,4,110475,37478625-dd07-476d-bd9b-b2e0d71ac0d1,6.0,false,false,near_mint,en,EUR,2026-07-04T09:46:21.060Z
Proxies,list,Adult Gold Dragon,AFR,Adventures in the Forgotten Realms,216,normal,rare,1,60266,67a76010-d932-4727-8b5e-b8e2d14e1362,0.33,false,false,near_mint,en,EUR,2026-07-04T09:46:21.060Z
Proxies,list,Ambitious Dragonborn,CLB,Commander Legends: Battle for Baldur's Gate,213,normal,common,1,69057,5e56a516-d71a-49c4-a929-9a8973125d3c,0.06,false,false,near_mint,en,EUR,2026-07-04T09:46:21.060Z
Proxies,list,An Offer You Can't Refuse,FDN,Foundations,160,normal,uncommon,1,100948,a829747f-cf9b-4d81-ba66-9f0630ed4565,2.56,false,false,near_mint,en,EUR,2026-07-04T09:46:21.060Z
Proxies,list,Ancient Copper Dragon,CLB,Commander Legends: Battle for Baldur's Gate,161,normal,mythic,1,68962,3836dddd-a7e4-499f-ad49-ce298aa65720,89.21,false,false,near_mint,en,EUR,2026-07-04T09:46:21.060Z
Proxies,list,Ancient Gold Dragon,CLB,Commander Legends: Battle for Baldur's Gate,3,normal,mythic,1,68988,421395b1-2694-42fd-bb90-0007e78adefc,28.56,false,false,near_mint,en,EUR,2026-07-04T09:46:21.060Z
Proxies,list,Ancient Silver Dragon,CLB,Commander Legends: Battle for Baldur's Gate,56,normal,mythic,1,69300,ced18935-4ce9-466e-a88d-2b14ff8f989f,47.13,false,false,near_mint,en,EUR,2026-07-04T09:46:21.060Z
Proxies,list,Annie Joins Up,OTJ,Outlaws of Thunder Junction,191,normal,rare,1,93055,1624a5f4-f5bc-47c9-85de-c5520ee234ce,3.5,false,false,near_mint,en,EUR,2026-07-04T09:46:21.060Z
Proxies,list,Arcane Signet,SOC,Secrets of Strixhaven Commander,127,normal,uncommon,4,111980,7811dd72-61b9-4067-ac20-cea153e625d2,0.6,false,false,near_mint,en,EUR,2026-07-04T09:46:21.060Z
Proxies,list,Arena of Glory,MH3,Modern Horizons 3,215,normal,rare,3,94820,dd148edc-9e43-41aa-bb50-f912115d3e72,10.61,false,false,near_mint,en,EUR,2026-07-04T09:46:21.060Z
Proxies,list,Arid Mesa,MH2,Modern Horizons 2,244,normal,rare,4,58964,25ac5405-df7b-4097-914a-022cb18e20d4,25.67,false,false,near_mint,en,EUR,2026-07-04T09:46:21.060Z
Proxies,list,Assassin's Trophy,SOC,Secrets of Strixhaven Commander,294,normal,rare,1,112072,aaf258fc-3ba4-4b83-bdbf-10a07e0b6c03,1.02,false,false,near_mint,en,EUR,2026-07-04T09:46:21.060Z
Proxies,list,"Atarka, World Render",TDC,Tarkir: Dragonstorm Commander,281,normal,rare,1,104937,c569fab1-6901-40ab-b958-001698819585,0.43,false,false,near_mint,en,EUR,2026-07-04T09:46:21.060Z
Proxies,list,Avatar's Wrath,TLA,Avatar: The Last Airbender,12,normal,rare,1,109423,4811072d-fac0-40dd-a5cf-9694d51b12cf,3.63,false,false,near_mint,en,EUR,2026-07-04T09:46:21.060Z
Proxies,list,Balefire Dragon,CMM,Commander Masters,207,normal,mythic,1,84238,37def363-c431-43b4-8c5f-933941507681,11.47,false,false,near_mint,en,EUR,2026-07-04T09:46:21.060Z
Proxies,list,Barkchannel Pathway // Tidechannel Pathway,KHM,Kaldheim,251,normal,rare,1,57056,b6de14ae-0132-4261-af00-630bf15918cd,4.59,false,false,near_mint,en,EUR,2026-07-04T09:46:21.060Z
Proxies,list,Battlefield Forge,SOC,Secrets of Strixhaven Commander,362,normal,rare,1,112113,c47c1bf5-f11e-4f86-b20b-5d899a11dc56,0.35,false,false,near_mint,en,EUR,2026-07-04T09:46:21.060Z
Proxies,list,Birds of Paradise,RVR,Ravnica Remastered,133,normal,rare,3,89643,3d69a3e0-6a2e-475a-964e-0affed1c017d,14.37,false,false,near_mint,en,EUR,2026-07-04T09:46:21.060Z
Proxies,list,Bladewing the Risen,IMA,Iconic Masters,193,normal,uncommon,1,3432,27ce43cb-44f4-4d94-8700-d9f3cc043989,0.75,false,false,near_mint,en,EUR,2026-07-04T09:46:21.060Z
Proxies,list,Blasphemous Act,SOC,Secrets of Strixhaven Commander,238,normal,rare,1,111853,175eb155-7262-4c2e-85c3-e0cc9be855e5,1.49,false,false,near_mint,en,EUR,2026-07-04T09:46:21.060Z
Proxies,list,Blightstep Pathway // Searstep Pathway,KHM,Kaldheim,252,normal,rare,1,56747,0ce39a19-f51d-4a35-ae80-5b82eb15fcff,5.0,false,false,near_mint,en,EUR,2026-07-04T09:46:21.060Z
Proxies,list,Blood Crypt,ECL,Lorwyn Eclipsed,262,normal,rare,4,108952,6da63cc5-4624-4491-abd9-9b600c3fefe2,9.49,false,false,near_mint,en,EUR,2026-07-04T09:46:21.060Z
Proxies,list,Bloodline Bidding,ECL,Lorwyn Eclipsed,91,normal,rare,1,110553,877d9b75-ad2f-45a6-94d8-68e80d7db789,1.44,false,false,near_mint,en,EUR,2026-07-04T09:46:21.060Z
Proxies,list,Bloodsoaked Insight // Sanguine Morass,MH3,Modern Horizons 3,252,normal,uncommon,1,94332,0a08e0d2-1e60-47f5-9228-4c11a127089d,0.2,false,false,near_mint,en,EUR,2026-07-04T09:46:21.060Z
Proxies,list,Bloodstained Mire,MH3,Modern Horizons 3,216,normal,rare,4,91762,579743fe-f71e-4cb2-8629-d6b02ed1591d,17.86,false,false,near_mint,en,EUR,2026-07-04T09:46:21.060Z
Proxies,list,Bloom Tender,ECL,Lorwyn Eclipsed,166,normal,mythic,3,110402,ba86688d-18f0-4b5c-a797-42bf125a6c9f,11.98,false,false,near_mint,en,EUR,2026-07-04T09:46:21.060Z
Proxies,list,Bonehoard Dracosaur,LCI,The Lost Caverns of Ixalan,134,normal,mythic,1,88335,2220ed60-3f8f-4dd2-8319-6a06896a5350,12.24,false,false,near_mint,en,EUR,2026-07-04T09:46:21.060Z
Proxies,list,Boros Charm,OTC,Outlaws of Thunder Junction Commander,216,normal,uncommon,1,93480,0f375bb9-1294-4f43-8f0c-504ed6cfb7d0,5.3,false,false,near_mint,en,EUR,2026-07-04T09:46:21.060Z
Proxies,list,"Boseiju, Who Endures",NEO,Kamigawa: Neon Dynasty,266,normal,rare,1,66332,2135ac5a-187b-4dc9-8f82-34e8d1603416,36.44,false,false,near_mint,en,EUR,2026-07-04T09:46:21.060Z
Proxies,list,Branchloft Pathway // Boulderloft Pathway,ZNR,Zendikar Rising,258,normal,rare,1,54417,0511e232-2a72-40f5-a400-4f7ebc442d17,3.13,false,false,near_mint,en,EUR,2026-07-04T09:46:21.060Z
Proxies,list,Breaching Dragonstorm,TDM,Tarkir: Dragonstorm,101,normal,uncommon,1,105013,e2c2a069-7553-4879-abfb-b2aa3349e4b8,0.1,false,false,near_mint,en,EUR,2026-07-04T09:46:21.060Z
Proxies,list,Breeding Pool,EOE,Edge of Eternities,251,normal,rare,4,106761,3c750d5a-f743-41ff-b5ba-02025ca0bec2,10.07,false,false,near_mint,en,EUR,2026-07-04T09:46:21.060Z
Proxies,list,Brightclimb Pathway // Grimclimb Pathway,ZNR,Zendikar Rising,259,normal,rare,1,54762,d24c3d51-795d-4c01-a34a-3280fccd2d78,4.03,false,false,near_mint,en,EUR,2026-07-04T09:46:21.060Z
Proxies,list,Broodcaller Scourge,TDC,Tarkir: Dragonstorm Commander,44,normal,rare,1,104723,6fc0a74b-0b8a-4c70-87f2-f9f2625d5ff2,0.86,false,false,near_mint,en,EUR,2026-07-04T09:46:21.060Z
Proxies,list,Call the Spirit Dragons,TDM,Tarkir: Dragonstorm,174,normal,mythic,1,104888,b1ad91db-5f16-4392-baf1-f8400ec11e0a,1.42,false,false,near_mint,en,EUR,2026-07-04T09:46:21.060Z
Proxies,list,Cascade Bluffs,SOC,Secrets of Strixhaven Commander,364,normal,rare,1,111867,22acccd2-4e9d-46de-a060-863b08152e50,0.61,false,false,near_mint,en,EUR,2026-07-04T09:46:21.060Z
Proxies,list,Cascading Cataracts,M3C,Modern Horizons 3 Commander,326,normal,rare,1,94929,33e6761c-cb01-4eb6-95fa-ac452684f3e7,0.85,false,false,near_mint,en,EUR,2026-07-04T09:46:21.060Z
Proxies,list,Cavern of Souls,LCI,The Lost Caverns of Ixalan,269,normal,mythic,4,86315,3aad15a2-8a1b-4460-9b06-e85863081878,38.98,false,false,near_mint,en,EUR,2026-07-04T09:46:21.060Z
Proxies,list,Chaos Dragon,CLB,Commander Legends: Battle for Baldur's Gate,784,normal,rare,1,69412,08219fbc-c155-4d1d-a08c-d2546c44bccc,3.99,false,false,near_mint,en,EUR,2026-07-04T09:46:21.060Z
Proxies,list,Chromatic Lantern,ECC,Lorwyn Eclipsed Commander,138,normal,rare,4,110610,bf810ace-f866-457c-8671-a84c73b6f733,1.17,false,false,near_mint,en,EUR,2026-07-04T09:46:21.060Z
Proxies,list,Chromatic Orrery,M21,Core Set 2021,228,normal,mythic,2,50770,3af78d76-ad5c-44ba-880d-b834bcde5398,21.46,false,false,near_mint,en,EUR,2026-07-04T09:46:21.060Z
Proxies,list,Chrome Mox,2XM,Double Masters,240,normal,mythic,1,52075,f340cbf7-5bbe-45b9-a4bf-d1caa500ff93,95.02,false,false,near_mint,en,EUR,2026-07-04T09:46:21.060Z
Proxies,list,City of Brass,2X2,Double Masters 2022,321,normal,rare,2,70467,bed4a63d-632a-4a3a-b35f-f8e155237d27,13.75,false,false,near_mint,en,EUR,2026-07-04T09:46:21.060Z
Proxies,list,Clearwater Pathway // Murkwater Pathway,ZNR,Zendikar Rising,260,normal,rare,1,54709,b4b99ebb-0d54-4fe5-a495-979aaa564aa8,4.92,false,false,near_mint,en,EUR,2026-07-04T09:46:21.060Z
Proxies,list,Command Tower,SOC,Secrets of Strixhaven Commander,129,normal,common,4,112112,c46a217c-0ed2-4b3c-9a01-ee38d12d76f3,0.3,false,false,near_mint,en,EUR,2026-07-04T09:46:21.060Z
Proxies,list,Counterspell,DSC,Duskmourn: House of Horror Commander,114,normal,uncommon,1,99147,4f616706-ec97-4923-bb1e-11a69fbaa1f8,2.95,false,false,near_mint,en,EUR,2026-07-04T09:46:21.060Z
Proxies,list,Cragcrown Pathway // Timbercrown Pathway,ZNR,Zendikar Rising,261,normal,rare,1,54774,da57eb54-5199-4a56-95f7-f6ac432876b1,2.74,false,false,near_mint,en,EUR,2026-07-04T09:46:21.060Z
Proxies,list,Crucible of Fire,IMA,Iconic Masters,122,normal,rare,1,3503,d7a6f4dd-29c9-4084-a622-098b197a6eb7,0.55,false,false,near_mint,en,EUR,2026-07-04T09:46:21.060Z
Proxies,list,Crux of Fate,C17,Commander 2017,107,normal,rare,1,4348,11721b88-2654-482c-b9d4-80e54efdbf63,1.18,false,false,near_mint,en,EUR,2026-07-04T09:46:21.060Z
Proxies,list,Cultivate,SOC,Secrets of Strixhaven Commander,265,normal,common,1,112180,f1cc00f9-ae7b-4f7b-95f2-bc5c00e4bd72,0.52,false,false,near_mint,en,EUR,2026-07-04T09:46:21.060Z
Proxies,list,Cyclonic Rift,RVR,Ravnica Remastered,40,normal,mythic,3,89944,dfb7c4b9-f2f4-4d4e-baf2-86551c8150fe,36.19,false,false,near_mint,en,EUR,2026-07-04T09:46:21.060Z
Proxies,list,Deathcap Glade,SOS,Secrets of Strixhaven,253,normal,rare,1,111718,78897104-80e1-4d8a-9958-145b40f679e8,1.78,false,false,near_mint,en,EUR,2026-07-04T09:46:21.060Z
Proxies,list,Decadent Dragon // Expensive Taste,WOE,Wilds of Eldraine,223,normal,rare,1,85338,315cbbf7-a2ad-4565-9877-1e903d7fd797,0.81,false,false,near_mint,en,EUR,2026-07-04T09:46:21.060Z
Proxies,list,Delighted Halfling,LTR,The Lord of the Rings: Tales of Middle-earth,158,normal,rare,1,83185,71384418-173a-4f77-adab-56e52fa23692,17.32,false,false,near_mint,en,EUR,2026-07-04T09:46:21.060Z
Proxies,list,Demonic Tutor,CMM,Commander Masters,150,normal,mythic,1,84690,a24b4cb6-cebb-428b-8654-74347a6a8d63,46.06,false,false,near_mint,en,EUR,2026-07-04T09:46:21.060Z
Proxies,list,Dracogenesis,TDM,Tarkir: Dragonstorm,105,normal,mythic,1,104241,0d5674f9-22b2-45f9-902d-4fd245485c60,4.96,false,false,near_mint,en,EUR,2026-07-04T09:46:21.060Z
Proxies,list,Dragon Arch,2X2,Double Masters 2022,305,normal,uncommon,1,70522,d2312a56-088f-42f9-9bd2-7b0b94935236,0.27,false,false,near_mint,en,EUR,2026-07-04T09:46:21.060Z
Proxies,list,Dragon Broodmother,ARB,Alara Reborn,53,normal,mythic,1,23455,f7f99431-ae43-4b68-82f0-faf940216c91,4.78,false,false,near_mint,en,EUR,2026-07-04T09:46:21.060Z
Proxies,list,Dragon Cultist,CLB,Commander Legends: Battle for Baldur's Gate,170,normal,uncommon,1,69339,e06ad968-ca7a-470b-ba3b-e0afc597b2cd,0.15,false,false,near_mint,en,EUR,2026-07-04T09:46:21.060Z
Proxies,list,Dragon Tempest,TDC,Tarkir: Dragonstorm Commander,94,normal,uncommon,1,104560,39ac7ad0-e570-4209-988c-7c0f9b9d2004,2.34,false,false,near_mint,en,EUR,2026-07-04T09:46:21.060Z
Proxies,list,Dragon's Claw,M12,Magic 2012,206,normal,uncommon,1,19061,0d732b87-08e5-41b6-8448-62dd6bf20d9c,0.07,false,false,near_mint,en,EUR,2026-07-04T09:46:21.060Z
Proxies,list,Dragon's Fire,AFR,Adventures in the Forgotten Realms,139,normal,common,1,60338,9666987a-5267-46d3-9b00-31baa92a9cbc,0.14,false,false,near_mint,en,EUR,2026-07-04T09:46:21.060Z
Proxies,list,Dragon's Hoard,TDC,Tarkir: Dragonstorm Commander,317,normal,rare,1,104575,3ee80876-6e87-46c4-a6fd-ff6752db3032,0.44,false,false,near_mint,en,EUR,2026-07-04T09:46:21.060Z
Proxies,list,Dragon's Prey,TDM,Tarkir: Dragonstorm,79,normal,common,1,104754,7a6004ff-4180-4332-8b51-960f8c7521d9,0.1,false,false,near_mint,en,EUR,2026-07-04T09:46:21.060Z
Proxies,list,Dragonclaw Strike,TDM,Tarkir: Dragonstorm,180,normal,uncommon,1,105161,bc7692ef-7091-4365-85a8-1edbd374f279,0.07,false,false,near_mint,en,EUR,2026-07-04T09:46:21.060Z
Proxies,list,"Dragonhawk, Fate's Tempest",BLB,Bloomburrow,132,normal,mythic,1,96074,8659789c-6a2c-439f-a348-b9b1b06c55b8,6.89,false,false,near_mint,en,EUR,2026-07-04T09:46:21.060Z
Proxies,list,Dragonlord Dromoka,TDC,Tarkir: Dragonstorm Commander,286,normal,mythic,1,104590,4452d99e-23c2-408d-9eb8-ef31aefafa9d,2.41,false,false,near_mint,en,EUR,2026-07-04T09:46:21.060Z
Proxies,list,Dragonlord Kolaghan,DTK,Dragons of Tarkir,218,normal,mythic,1,11596,1cbf8933-32a1-4892-9bdc-89464ed9ce1b,6.25,false,false,near_mint,en,EUR,2026-07-04T09:46:21.060Z
Proxies,list,Dragonlord Ojutai,NCC,New Capenna Commander,337,normal,mythic,1,68346,a9f39d28-08eb-4eff-ae55-abd377877a27,0.47,false,false,near_mint,en,EUR,2026-07-04T09:46:21.060Z
Proxies,list,Dragonlord's Servant,TDC,Tarkir: Dragonstorm Commander,210,normal,uncommon,1,104924,be6fa0dc-74e7-4fad-9bdd-8e986612577a,0.29,false,false,near_mint,en,EUR,2026-07-04T09:46:21.060Z
Proxies,list,Dragonmaster Outcast,TDC,Tarkir: Dragonstorm Commander,211,normal,mythic,1,104857,a485edea-07cd-48dd-97e7-daeba85553d6,0.46,false,false,near_mint,en,EUR,2026-07-04T09:46:21.060Z
Proxies,list,Dragonspeaker Shaman,AFC,Forgotten Realms Commander,330,normal,uncommon,1,60772,7b0a2799-197e-4d61-ab23-67d974458a05,1.59,false,false,near_mint,en,EUR,2026-07-04T09:46:21.060Z
Proxies,list,Dragonstorm Globe,TDM,Tarkir: Dragonstorm,241,normal,common,1,104767,7f50aa6e-ce6a-4479-9725-202926245f2c,0.09,false,false,near_mint,en,EUR,2026-07-04T09:46:21.060Z
Proxies,list,Dreamroot Cascade,SOS,Secrets of Strixhaven,254,normal,rare,1,111765,ef662b92-5a7f-48c9-bcc1-14b55e091aef,0.71,false,false,near_mint,en,EUR,2026-07-04T09:46:21.060Z
Proxies,list,Earth's Mightiest Heroes,MSH,Marvel Super Heroes,165,normal,mythic,1,113931,b38b9bd6-1dd7-4bbc-8a82-ce391c1172e1,1.19,false,false,near_mint,en,EUR,2026-07-04T09:46:21.060Z
Proxies,list,Enlightened Tutor,DMR,Dominaria Remastered,6,normal,rare,1,77806,1c9675fb-1a89-420f-aea8-50e0642f549c,27.58,false,false,near_mint,en,EUR,2026-07-04T09:46:21.060Z
Proxies,list,Exotic Orchard,SOC,Secrets of Strixhaven Commander,369,normal,rare,1,111992,7db2934a-43a0-46ad-8380-ff6703f8fd6d,0.21,false,false,near_mint,en,EUR,2026-07-04T09:46:21.060Z
Proxies,list,Farseek,EOC,Edge of Eternities Commander,50,normal,common,1,107097,95e0760a-d285-493b-88cd-7556d9b10007,0.88,false,false,near_mint,en,EUR,2026-07-04T09:46:21.060Z
Proxies,list,Fellwar Stone,SOC,Secrets of Strixhaven Commander,347,normal,uncommon,4,111900,385b9f5e-81dd-49f6-a644-59d53245e3dc,0.89,false,false,near_mint,en,EUR,2026-07-04T09:46:21.060Z
Proxies,list,Firdoch Core,ECL,Lorwyn Eclipsed,255,normal,common,4,110788,8e45cd37-bf97-4742-978d-96f96ed653cd,0.15,false,false,near_mint,en,EUR,2026-07-04T09:46:21.060Z
Proxies,list,Fire-Lit Thicket,2XM,Double Masters,317,normal,rare,1,51828,1927d645-ca43-4b8e-9932-7e70acca7aa6,5.13,false,false,near_mint,en,EUR,2026-07-04T09:46:21.060Z
Proxies,list,Flooded Strand,MH3,Modern Horizons 3,220,normal,rare,4,91770,8f85e12c-196b-4459-b81f-0c9c854e9f57,14.52,false,false,near_mint,en,EUR,2026-07-04T09:46:21.060Z
Proxies,list,Forbidden Orchard,2X2,Double Masters 2022,323,normal,rare,1,70085,17db644c-1acf-477d-9c20-f72221f1108a,5.99,false,false,near_mint,en,EUR,2026-07-04T09:46:21.060Z
Proxies,list,Frostcliff Siege,TDM,Tarkir: Dragonstorm,187,normal,rare,1,104338,a750aabb-9788-494a-841f-bf75717970a7,2.47,false,false,near_mint,en,EUR,2026-07-04T09:46:21.060Z
Proxies,list,"Ganax, Astral Hunter",CLB,Commander Legends: Battle for Baldur's Gate,176,normal,uncommon,1,69188,9f5bb319-29b2-4a7c-82e9-f8b5e47909a1,0.91,false,false,near_mint,en,EUR,2026-07-04T09:46:21.060Z
Proxies,list,Garruk's Uprising,ECC,Lorwyn Eclipsed Commander,109,normal,uncommon,1,110598,b58c4033-f764-42f6-966f-b7202a2babbf,0.54,false,false,near_mint,en,EUR,2026-07-04T09:46:21.060Z
Proxies,list,Godless Shrine,EOE,Edge of Eternities,254,normal,rare,4,106768,8c542ea4-98c3-4c2d-9066-205ab7aa697a,8.8,false,false,near_mint,en,EUR,2026-07-04T09:46:21.060Z
Proxies,list,Goldlust Triad,TDC,Tarkir: Dragonstorm Commander,34,normal,rare,1,104510,2876d57a-a17e-4892-9992-321a32562e13,4.96,false,false,near_mint,en,EUR,2026-07-04T09:46:21.060Z
Proxies,list,Goldspan Dragon,SOC,Secrets of Strixhaven Commander,245,normal,mythic,1,112003,848c1951-90fa-4f01-9aed-76f1afcd9995,5.13,false,false,near_mint,en,EUR,2026-07-04T09:46:21.060Z
Proxies,list,Grand Coliseum,C16,Commander 2016,299,normal,rare,1,7055,0ea85b58-a396-4ee9-ba77-afc0b0742cf1,2.74,false,false,near_mint,en,EUR,2026-07-04T09:46:21.060Z
Proxies,list,Graven Cairns,DSC,Duskmourn: House of Horror Commander,280,normal,rare,1,99213,74a13fea-4f48-428b-b42b-4ba63d4752ed,3.82,false,false,near_mint,en,EUR,2026-07-04T09:46:21.060Z
Proxies,list,"Gwenna, Eyes of Gaea",BRO,The Brothers' War,185,normal,rare,1,75581,7ee387b7-18e4-41b7-aefe-f2b5954e3051,3.86,false,false,near_mint,en,EUR,2026-07-04T09:46:21.060Z
Proxies,list,Haven of the Spirit Dragon,TDC,Tarkir: Dragonstorm Commander,370,normal,rare,1,104973,d0c552da-874e-49eb-b221-47220b8b7786,0.75,false,false,near_mint,en,EUR,2026-07-04T09:46:21.060Z
Proxies,list,"Helga, Skittish Seer",BLB,Bloomburrow,217,normal,mythic,1,95914,40339715-22d0-4f99-822b-a00d9824f27a,3.61,false,false,near_mint,en,EUR,2026-07-04T09:46:21.060Z
Proxies,list,Hellkite Charger,CMM,Commander Masters,232,normal,rare,1,84438,6836c646-83ff-4bf8-96dd-4cbdd6c7e861,2.44,false,false,near_mint,en,EUR,2026-07-04T09:46:21.060Z
Proxies,list,Hellkite Courser,TDC,Tarkir: Dragonstorm Commander,218,normal,mythic,1,104980,d33eca2e-fef0-42fd-9970-46d5bdb4bd4b,3.51,false,false,near_mint,en,EUR,2026-07-04T09:46:21.060Z
Proxies,list,Hellkite Tyrant,RVR,Ravnica Remastered,111,normal,rare,1,89877,bd03d145-7cec-49da-917a-01f7355e252e,4.38,false,false,near_mint,en,EUR,2026-07-04T09:46:21.060Z
Proxies,list,Hengegate Pathway // Mistgate Pathway,KHM,Kaldheim,260,normal,rare,1,56950,7ef37cb3-d803-47d7-8a01-9c803aa2eadc,5.01,false,false,near_mint,en,EUR,2026-07-04T09:46:21.060Z
Proxies,list,Herald's Horn,M3C,Modern Horizons 3 Commander,296,normal,uncommon,4,94924,2cfafee3-c060-44bd-be6e-8d36501d72d3,4.39,false,false,near_mint,en,EUR,2026-07-04T09:46:21.060Z
Proxies,list,Heroic Intervention,CMM,Commander Masters,295,normal,rare,1,84982,e32c67d1-187f-40df-b3b3-6036f5c92834,14.23,false,false,near_mint,en,EUR,2026-07-04T09:46:21.060Z
Proxies,list,Horizon of Progress,M3C,Modern Horizons 3 Commander,130,normal,rare,4,95020,c2ae7cf3-f793-4572-a32c-0d66dba8faf7,2.16,false,false,near_mint,en,EUR,2026-07-04T09:46:21.060Z
Proxies,list,Ignoble Hierarch,ECC,Lorwyn Eclipsed Commander,52,normal,rare,1,110647,e802cfe1-45e0-47cd-8745-363ccc0f2af8,1.22,false,false,near_mint,en,EUR,2026-07-04T09:46:21.060Z
Proxies,list,"Imoti, Celebrant of Bounty",CMR,Commander Legends,280,normal,uncommon,1,55775,8afceb13-877a-4256-9ba6-851b6924ffd9,0.17,false,false,near_mint,en,EUR,2026-07-04T09:46:21.060Z
Proxies,list,Jetmir's Garden,SNC,Streets of New Capenna,250,normal,rare,2,67656,26d40e03-6de4-4373-9fbf-04c1dd79e995,14.5,false,false,near_mint,en,EUR,2026-07-04T09:46:21.060Z
Proxies,list,Jungle Shrine,ECC,Lorwyn Eclipsed Commander,154,normal,uncommon,1,110434,0b1a84b6-4202-4413-80ed-4142c51e619a,0.33,false,false,near_mint,en,EUR,2026-07-04T09:46:21.060Z
Proxies,list,Karplusan Forest,EOC,Edge of Eternities Commander,164,normal,rare,1,107047,67198b97-bac2-480f-aea8-12841e8884de,0.85,false,false,near_mint,en,EUR,2026-07-04T09:46:21.060Z
Proxies,list,Ketria Triome,IKO,Ikoria: Lair of Behemoths,250,normal,rare,2,49827,a249b1f4-2b22-4b67-a207-e0c4ae95d2e1,12.72,false,false,near_mint,en,EUR,2026-07-04T09:46:21.060Z
Proxies,list,"Kiora, Behemoth Beckoner",WAR,War of the Spark,232,normal,uncommon,1,44172,7a61b1a6-a75f-47b0-b215-de9708b6d773,1.01,false,false,near_mint,en,EUR,2026-07-04T09:46:21.060Z
Proxies,list,"Klauth, Unrivaled Ancient",AFC,Forgotten Realms Commander,50,foil,mythic,1,60585,7f5cf828-17b2-4105-9a9a-ee0ab720c2ee,18.1,false,false,near_mint,en,EUR,2026-07-04T09:46:21.060Z
Proxies,list,Kodama's Reach,ECC,Lorwyn Eclipsed Commander,113,normal,common,1,110568,90c423cc-1264-4067-9c50-e7c88c68ef2d,1.3,false,false,near_mint,en,EUR,2026-07-04T09:46:21.060Z
Proxies,list,"Kolaghan, the Storm's Fury",C17,Commander 2017,176,normal,rare,1,4279,85b6ec91-0ecc-431c-bf85-220c615e0a80,0.57,false,false,near_mint,en,EUR,2026-07-04T09:46:21.060Z
Proxies,list,"Lathliss, Dragon Queen",TDC,Tarkir: Dragonstorm Commander,219,normal,rare,1,104444,0cb48015-627b-49cd-8dc3-d446e82b8172,0.57,false,false,near_mint,en,EUR,2026-07-04T09:46:21.060Z
Proxies,list,Lifestream's Blessing,FIC,Final Fantasy Commander,67,normal,rare,1,105916,48b4101b-3428-4b6b-818a-6097a093e9b5,1.03,false,false,near_mint,en,EUR,2026-07-04T09:46:21.060Z
Proxies,list,Lightning Greaves,SOC,Secrets of Strixhaven Commander,350,normal,uncommon,4,111831,08005be9-fbf4-43e6-a742-b1fb8196c4a5,4.46,false,false,near_mint,en,EUR,2026-07-04T09:46:21.060Z
Proxies,list,Llanowar Wastes,SOC,Secrets of Strixhaven Commander,383,normal,rare,1,111875,266316d3-3bbc-4283-aab8-69629855909f,0.89,false,false,near_mint,en,EUR,2026-07-04T09:46:21.060Z
Proxies,list,"Lorehold, the Historian",SOS,Secrets of Strixhaven,201,normal,mythic,1,110969,71a6701f-40f1-43ef-bff5-a5907fd67cd6,2.1,false,false,near_mint,en,EUR,2026-07-04T09:46:21.060Z
Proxies,list,"Lozhan, Dragons' Legacy",CLB,Commander Legends: Battle for Baldur's Gate,281,normal,uncommon,1,69397,fe604232-19da-4331-a6f2-ddb004f1dd90,0.29,false,false,near_mint,en,EUR,2026-07-04T09:46:21.060Z
Proxies,list,Maelstrom of the Spirit Dragon,TDM,Tarkir: Dragonstorm,260,normal,rare,1,104359,c4e90bfb-d9a5-48a9-9ff9-b0f50a813eee,1.15,false,false,near_mint,en,EUR,2026-07-04T09:46:21.060Z
Proxies,list,Majestic Genesis,CLB,Commander Legends: Battle for Baldur's Gate,240,normal,mythic,2,69359,eaadb067-4a77-4d6e-931d-447bd0c06594,3.16,false,false,near_mint,en,EUR,2026-07-04T09:46:21.060Z
Proxies,list,Mana Confluence,JOU,Journey into Nyx,163,normal,rare,2,14486,504a69eb-3c2d-4bb1-b117-252b15acf0c2,22.03,false,false,near_mint,en,EUR,2026-07-04T09:46:21.060Z
Proxies,list,Mana Drain,2X2,Double Masters 2022,57,normal,mythic,2,70165,3c429c40-2389-41e5-8681-4bb274e25eba,42.76,false,false,near_mint,en,EUR,2026-07-04T09:46:21.060Z
Proxies,list,Mana Vault,2X2,Double Masters 2022,308,normal,mythic,1,70472,c1a31d52-a407-4ded-bfca-cc812f11afa0,69.5,false,false,near_mint,en,EUR,2026-07-04T09:46:21.060Z
Proxies,list,Marang River Regent // Coil and Catch,TDM,Tarkir: Dragonstorm,51,normal,rare,1,104393,f890bdc7-32e6-4492-bac7-7cabf54a8bfd,1.82,false,false,near_mint,en,EUR,2026-07-04T09:46:21.060Z
Proxies,list,Marsh Flats,MH2,Modern Horizons 2,248,normal,rare,4,59010,9db3ba6d-eb7f-4f5b-9a3b-c6239c3baa42,24.18,false,false,near_mint,en,EUR,2026-07-04T09:46:21.060Z
Proxies,list,"Miirym, Sentinel Wyrm",CLB,Commander Legends: Battle for Baldur's Gate,284,normal,rare,1,69208,a934590b-5c70-4f07-af67-fbe817a99531,5.88,false,false,near_mint,en,EUR,2026-07-04T09:46:21.060Z
Proxies,list,Minion of the Mighty,AFR,Adventures in the Forgotten Realms,156,normal,rare,1,60528,ffd0a827-778b-48c3-bb85-4b4acef351d6,0.84,false,false,near_mint,en,EUR,2026-07-04T09:46:21.060Z
Proxies,list,Misty Rainforest,MH2,Modern Horizons 2,250,normal,rare,4,58999,88231c0d-0cc8-44ec-bf95-81d1710ac141,25.2,false,false,near_mint,en,EUR,2026-07-04T09:46:21.060Z
Proxies,list,"Morophon, the Boundless",M3C,Modern Horizons 3 Commander,157,normal,mythic,4,94928,33c2e889-d2e1-4197-ba97-81a2b8512746,4.21,false,false,near_mint,en,EUR,2026-07-04T09:46:21.060Z
Proxies,list,Mox Jasper,TDM,Tarkir: Dragonstorm,246,normal,mythic,1,103999,a851d2d3-7e93-4887-bee5-4d6c9aaf9419,7.54,false,false,near_mint,en,EUR,2026-07-04T09:46:21.060Z
Proxies,list,Nature's Lore,SOC,Secrets of Strixhaven Commander,278,normal,uncommon,2,111991,7caedde3-8a02-4384-b8f5-5529b0ed27a5,2.95,false,false,near_mint,en,EUR,2026-07-04T09:46:21.060Z
Proxies,list,Needleverge Pathway // Pillarverge Pathway,ZNR,Zendikar Rising,263,normal,rare,1,54582,6559047e-6ede-4815-a3a0-389062094f9d,3.68,false,false,near_mint,en,EUR,2026-07-04T09:46:21.060Z
Proxies,list,"Neriv, Heart of the Storm",TDM,Tarkir: Dragonstorm,210,normal,mythic,1,104347,b58112b0-a05c-4b98-b650-fd27ad97789f,1.72,false,false,near_mint,en,EUR,2026-07-04T09:46:21.060Z
Proxies,list,Noble Hierarch,2XM,Double Masters,177,normal,rare,1,51868,400382a4-aea2-4827-b06a-1b0b3745908b,9.37,false,false,near_mint,en,EUR,2026-07-04T09:46:21.060Z
Proxies,list,Old Gnawbone,AFR,Adventures in the Forgotten Realms,197,normal,mythic,1,60299,77ceba8b-de19-4db8-b5a7-f5df49bf241f,43.14,false,false,near_mint,en,EUR,2026-07-04T09:46:21.060Z
Proxies,list,Open the Way,SOC,Secrets of Strixhaven Commander,280,normal,rare,1,111951,5d928e0d-a586-4de1-a469-0591122659fa,1.0,false,false,near_mint,en,EUR,2026-07-04T09:46:21.060Z
Proxies,list,Opulent Palace,ECC,Lorwyn Eclipsed Commander,157,normal,uncommon,1,110655,f0001153-dbcb-44e5-99be-2c186c9b10b0,0.23,false,false,near_mint,en,EUR,2026-07-04T09:46:21.060Z
Proxies,list,Overgrown Farmland,TDC,Tarkir: Dragonstorm Commander,381,normal,rare,1,104691,644fb0ed-f434-4cc4-b7e9-a60db5ece2b7,2.62,false,false,near_mint,en,EUR,2026-07-04T09:46:21.060Z
Proxies,list,Overgrown Tomb,ECL,Lorwyn Eclipsed,266,normal,rare,4,108948,45b92924-baa1-4c9b-9932-9a5eda8f3446,8.94,false,false,near_mint,en,EUR,2026-07-04T09:46:21.060Z
Proxies,list,Parapet Thrasher,TDC,Tarkir: Dragonstorm Commander,36,normal,rare,1,104717,6d3ba135-e8d6-443a-952b-5c93edb4523c,1.5,false,false,near_mint,en,EUR,2026-07-04T09:46:21.060Z
Proxies,list,Path of Ancestry,SOC,Secrets of Strixhaven Commander,393,normal,common,4,112037,9335e773-4b45-4b91-8140-5159fe7e0395,0.13,false,false,near_mint,en,EUR,2026-07-04T09:46:21.060Z
Proxies,list,Path to Exile,SOC,Secrets of Strixhaven Commander,159,normal,uncommon,1,112024,90b690f4-9647-4e67-b7cb-b2692ea149b1,1.51,false,false,near_mint,en,EUR,2026-07-04T09:46:21.060Z
Proxies,list,Polluted Delta,MH3,Modern Horizons 3,224,normal,rare,4,91764,6e288374-2b71-4ace-b1d2-a19fee6cb4af,18.14,false,false,near_mint,en,EUR,2026-07-04T09:46:21.060Z
Proxies,list,"Ramos, Dragon Engine",FDN,Foundations,678,normal,mythic,1,100817,8f95f753-bbaa-4282-9cd9-f1737136fc9e,1.01,false,false,near_mint,en,EUR,2026-07-04T09:46:21.060Z
Proxies,list,Reflecting Pool,CLB,Commander Legends: Battle for Baldur's Gate,358,normal,rare,4,67501,18a1b3f5-473d-45ca-be0d-e67e77ba30ce,10.73,false,false,near_mint,en,EUR,2026-07-04T09:46:21.060Z
Proxies,list,Reliquary Tower,SOC,Secrets of Strixhaven Commander,398,normal,uncommon,4,112163,e2a27742-08c1-4153-af7f-25a7a98f585e,2.92,false,false,near_mint,en,EUR,2026-07-04T09:46:21.060Z
Proxies,list,Rhystic Study,PCY,Prophecy,45,normal,common,1,33635,3394cefd-a3c6-4917-8f46-234e441ecfb6,31.99,false,false,near_mint,en,EUR,2026-07-04T09:46:21.060Z
Proxies,list,Rhythm of the Wild,RVR,Ravnica Remastered,217,normal,uncommon,1,89883,c2a6453e-a373-44ec-807a-15c0c8b1af57,3.88,false,false,near_mint,en,EUR,2026-07-04T09:46:21.060Z
Proxies,list,"Rith, Liberated Primeval",DMU,Dominaria United,214,normal,mythic,1,71681,ac148784-b7b6-4aae-bffb-a4cf09f56971,2.0,false,false,near_mint,en,EUR,2026-07-04T09:46:21.060Z
Proxies,list,Rivaz of the Claw,DMU,Dominaria United,215,normal,rare,1,71635,9a47573a-601e-4738-acef-16118289f939,0.71,false,false,near_mint,en,EUR,2026-07-04T09:46:21.060Z
Proxies,list,Riverglide Pathway // Lavaglide Pathway,ZNR,Zendikar Rising,264,normal,rare,1,54490,2668ac91-6cda-4f81-a08d-4fc5f9cb35b2,4.68,false,false,near_mint,en,EUR,2026-07-04T09:46:21.060Z
Proxies,list,Roaming Throne,LCI,The Lost Caverns of Ixalan,258,normal,rare,4,88390,32fd8b7c-baf3-4d3d-be6f-044a917b11a0,37.3,false,false,near_mint,en,EUR,2026-07-04T09:46:21.060Z
Proxies,list,Rockfall Vale,TDC,Tarkir: Dragonstorm Commander,387,normal,rare,1,105005,dcdea659-ecaf-4abe-be0f-64e105abb104,2.1,false,false,near_mint,en,EUR,2026-07-04T09:46:21.060Z
Proxies,list,Rugged Prairie,SOC,Secrets of Strixhaven Commander,401,normal,rare,1,111968,6bd21c9e-de16-4ee9-ae16-6e82b490109d,0.28,false,false,near_mint,en,EUR,2026-07-04T09:46:21.060Z
Proxies,list,Sacred Foundry,EOE,Edge of Eternities,256,normal,rare,4,106767,8b4e2642-3c87-4708-b9b4-2e7f7359ac7d,9.79,false,false,near_mint,en,EUR,2026-07-04T09:46:21.060Z
Proxies,list,Sarkhan Unbroken,DTK,Dragons of Tarkir,230,normal,mythic,1,11584,192452f8-93c2-4a20-a52b-0093741a9e45,10.72,false,false,near_mint,en,EUR,2026-07-04T09:46:21.060Z
Proxies,list,"Sarkhan, Fireblood",M19,Core Set 2019,154,normal,mythic,1,1158,3553a70e-75de-4a8c-9b20-92cd4a317101,2.09,false,false,near_mint,en,EUR,2026-07-04T09:46:21.060Z
Proxies,list,"Sarkhan, Soul Aflame",TDC,Tarkir: Dragonstorm Commander,301,normal,mythic,1,104615,49d64e6b-563f-486c-ba04-4a254a9a971d,0.89,false,false,near_mint,en,EUR,2026-07-04T09:46:21.060Z
Proxies,list,Sarkhan's Triumph,DTK,Dragons of Tarkir,154,normal,uncommon,1,11660,f9a0ff4d-060e-41dc-8b79-1fa42838adf2,2.08,false,false,near_mint,en,EUR,2026-07-04T09:46:21.060Z
Proxies,list,Savage Ventmaw,FDN,Foundations,665,normal,uncommon,1,100489,50027d69-8bb0-444c-8e9b-4c9afd91cbda,0.39,false,false,near_mint,en,EUR,2026-07-04T09:46:21.060Z
Proxies,list,Savai Triome,IKO,Ikoria: Lair of Behemoths,253,normal,rare,2,49824,748e6a61-9c1f-4225-9f04-e54002f63ac3,14.29,false,false,near_mint,en,EUR,2026-07-04T09:46:21.060Z
Proxies,list,Scalding Tarn,MH2,Modern Horizons 2,254,normal,rare,4,58986,71e491c5-8c07-449b-b2f1-ffa052e6d311,26.9,false,false,near_mint,en,EUR,2026-07-04T09:46:21.060Z
Proxies,list,Scalelord Reckoner,C17,Commander 2017,6,normal,rare,1,4449,c91c3606-d037-4b97-a7b6-ab1ed09bc976,6.09,false,false,near_mint,en,EUR,2026-07-04T09:46:21.060Z
Proxies,list,Scavenger Regent // Exude Toxin,TDM,Tarkir: Dragonstorm,90,normal,rare,1,104446,0d4b46a3-847a-44a7-9f68-2cb4657cad61,0.56,false,false,near_mint,en,EUR,2026-07-04T09:46:21.060Z
Proxies,list,Scion of Draco,MH2,Modern Horizons 2,234,normal,mythic,1,59511,3e7da55c-7f05-46b2-aa3c-17f8d5df46bb,3.85,false,false,near_mint,en,EUR,2026-07-04T09:46:21.060Z
Proxies,list,Scion of the Ur-Dragon,C17,Commander 2017,192,normal,rare,1,4263,565b2a40-57b1-451f-8c2a-e02222502288,3.58,false,false,near_mint,en,EUR,2026-07-04T09:46:21.060Z
Proxies,list,Scourge of Valkas,AFC,Forgotten Realms Commander,137,normal,mythic,1,60899,e6bd7225-b39f-4b3b-8c36-dbc2c09f6e50,4.85,false,false,near_mint,en,EUR,2026-07-04T09:46:21.060Z
Proxies,list,"Selvala, Heart of the Wilds",ECC,Lorwyn Eclipsed Commander,116,normal,mythic,1,110546,812856be-cf51-42de-96d2-4ac91e71d442,2.58,false,false,near_mint,en,EUR,2026-07-04T09:46:21.060Z
Proxies,list,Shadow Puppeteers,WOC,Wilds of Eldraine Commander,12,normal,rare,1,85318,2ad71a49-8a93-462f-a2c3-9362b33481fa,1.43,false,false,near_mint,en,EUR,2026-07-04T09:46:21.060Z
Proxies,list,Shivan Reef,SOC,Secrets of Strixhaven Commander,404,normal,rare,1,112160,e13d0982-2542-4770-8e93-637478a0f84a,0.45,false,false,near_mint,en,EUR,2026-07-04T09:46:21.060Z
Proxies,list,"Silumgar, the Drifting Death",C17,Commander 2017,194,normal,rare,1,4261,ca5afa5e-6e8d-4390-8de5-217413807d89,0.6,false,false,near_mint,en,EUR,2026-07-04T09:46:21.060Z
Proxies,list,Slumbering Dragon,M13,Magic 2013,148,normal,rare,1,17675,277cbd0d-c8da-4a37-965c-6a60771df2f7,2.59,false,false,near_mint,en,EUR,2026-07-04T09:46:21.060Z
Proxies,list,Smaug the Magnificent,HOB,The Hobbit,110,normal,mythic,1,112925,6a5d8fad-2ffd-4645-8c49-907999b6cecf,,false,false,near_mint,en,EUR,2026-07-04T09:46:21.060Z
Proxies,list,Smoldering Egg // Ashmouth Dragon,MID,Innistrad: Midnight Hunt,159,normal,rare,1,63220,41b6381f-4ff8-49e9-bf00-cfe32851318b,0.45,false,false,near_mint,en,EUR,2026-07-04T09:46:21.060Z
Proxies,list,Smothering Tithe,CMM,Commander Masters,57,normal,mythic,2,84572,861b5889-0183-4bee-afeb-a4b2aa700a8e,35.84,false,false,near_mint,en,EUR,2026-07-04T09:46:21.060Z
Proxies,list,Smuggler's Surprise,OTJ,Outlaws of Thunder Junction,180,normal,rare,2,93400,e7fbb489-e2b5-4278-8162-86802cf124d8,4.75,false,false,near_mint,en,EUR,2026-07-04T09:46:21.060Z
Proxies,list,Sol Ring,SOC,Secrets of Strixhaven Commander,128,normal,uncommon,5,112006,870ec754-a76c-40ea-9b81-81b3dca1f62c,1.61,false,false,near_mint,en,EUR,2026-07-04T09:46:21.060Z
Proxies,list,Steam Vents,ECL,Lorwyn Eclipsed,267,normal,rare,4,108962,b66daa94-d367-4812-9f18-f35378c1febb,9.64,false,false,near_mint,en,EUR,2026-07-04T09:46:21.060Z
Proxies,list,Steely Resolve,ONS,Onslaught,286,normal,rare,1,31017,b88c530a-abc3-4cc4-8a48-5b76e1504a3c,11.21,false,false,near_mint,en,EUR,2026-07-04T09:46:21.060Z
Proxies,list,Stomping Ground,EOE,Edge of Eternities,258,normal,rare,4,106763,69be21b4-c613-47c6-ba57-f4785861af3e,7.85,false,false,near_mint,en,EUR,2026-07-04T09:46:21.060Z
Proxies,list,Stormbreath Dragon,TDC,Tarkir: Dragonstorm Commander,237,normal,mythic,1,104546,3637d9b8-87bb-478d-bfb1-59ddab7b5e4c,0.4,false,false,near_mint,en,EUR,2026-07-04T09:46:21.060Z
Proxies,list,Stormcarved Coast,SOS,Secrets of Strixhaven,263,normal,rare,1,111738,bd3ae4fa-4c97-410a-8c0a-bd203342595d,1.5,false,false,near_mint,en,EUR,2026-07-04T09:46:21.060Z
Proxies,list,Stubborn Denial,KTK,Khans of Tarkir,56,normal,uncommon,2,13342,6f8626c4-306f-4e9d-8840-2bb73fe87e87,3.12,false,false,near_mint,en,EUR,2026-07-04T09:46:21.060Z
Proxies,list,Stump Stomp // Burnwillow Clearing,MH3,Modern Horizons 3,259,normal,uncommon,1,94432,49974246-0a3b-4ec9-b5ea-2a89df9bb0b5,0.37,false,false,near_mint,en,EUR,2026-07-04T09:46:21.060Z
Proxies,list,Sulfurous Springs,EOC,Edge of Eternities Commander,185,normal,rare,1,107202,eedb9df2-20d3-4cfd-8aed-336edc37d5a9,1.66,false,false,near_mint,en,EUR,2026-07-04T09:46:21.060Z
Proxies,list,Sunbaked Canyon,MH1,Modern Horizons,247,normal,rare,1,44687,c36820fa-ee86-4206-9a0d-737a67cf5208,3.19,false,false,near_mint,en,EUR,2026-07-04T09:46:21.060Z
Proxies,list,Sundown Pass,SOS,Secrets of Strixhaven,264,normal,rare,1,111735,b34000e9-ff20-4fb4-9d0b-03a172a92457,1.38,false,false,near_mint,en,EUR,2026-07-04T09:46:21.060Z
Proxies,list,Swan Song,EOC,Edge of Eternities Commander,46,normal,rare,1,107292,83d0b761-d694-4232-9f40-5bd8c82a05f1,9.34,false,false,near_mint,en,EUR,2026-07-04T09:46:21.060Z
Proxies,list,Swords to Plowshares,SOC,Secrets of Strixhaven Commander,179,normal,uncommon,2,111962,68ec2aed-7662-48ae-ab25-04f74ece1e41,2.19,false,false,near_mint,en,EUR,2026-07-04T09:46:21.060Z
Proxies,list,Sylvia Brightspear,BBD,Battlebond,10,normal,rare,1,1983,ab2b349a-1555-4aaa-8302-28667404e630,1.62,false,false,near_mint,en,EUR,2026-07-04T09:46:21.060Z
Proxies,list,Talisman of Creativity,SOC,Secrets of Strixhaven Commander,357,normal,uncommon,1,111845,101e47ed-4afe-4d15-b6c3-4ab495965fde,1.77,false,false,near_mint,en,EUR,2026-07-04T09:46:21.060Z
Proxies,list,"Tannuk, Steadfast Second",EOE,Edge of Eternities,162,normal,mythic,2,107594,44607ed3-9523-40ac-9f61-0edd011cf762,2.39,false,false,near_mint,en,EUR,2026-07-04T09:46:21.060Z
Proxies,list,Teferi's Protection,2X2,Double Masters 2022,32,normal,rare,1,70197,483fa1cb-1e35-44f2-a143-98c0f107f5ca,37.29,false,false,near_mint,en,EUR,2026-07-04T09:46:21.060Z
Proxies,list,Temple Garden,ECL,Lorwyn Eclipsed,268,normal,rare,4,108951,6cdd2a74-63b3-4ff2-9c5a-a85dee63c3c9,7.19,false,false,near_mint,en,EUR,2026-07-04T09:46:21.060Z
Proxies,list,Temple of the Dragon Queen,TDC,Tarkir: Dragonstorm Commander,104,normal,uncommon,1,104806,91658f56-12c9-4173-94ad-dfd186b1dbae,0.26,false,false,near_mint,en,EUR,2026-07-04T09:46:21.060Z
Proxies,list,Temur Ascendancy,TDC,Tarkir: Dragonstorm Commander,305,normal,rare,1,104672,5cedb54a-a6f6-48aa-acdf-01c988c1c37d,2.88,false,false,near_mint,en,EUR,2026-07-04T09:46:21.060Z
Proxies,list,Temur Battlecrier,TDM,Tarkir: Dragonstorm,228,normal,rare,1,104309,72184791-0767-4108-920c-763e92dae2d4,0.78,false,false,near_mint,en,EUR,2026-07-04T09:46:21.060Z
Proxies,list,Terror of the Peaks,OTJ,Outlaws of Thunder Junction,149,normal,mythic,1,93260,904ff94a-4db4-44a6-8593-89c32905b3fc,26.43,false,false,near_mint,en,EUR,2026-07-04T09:46:21.060Z
Proxies,list,The One Ring,LTR,The Lord of the Rings: Tales of Middle-earth,246,normal,mythic,1,83540,d5806e68-1054-458e-866d-1f2470f682b2,76.6,false,false,near_mint,en,EUR,2026-07-04T09:46:21.060Z
Proxies,list,The Ur-Dragon,CMM,Commander Masters,361,normal,mythic,1,80425,10d42b35-844f-4a64-9981-c6118d45e826,33.43,false,false,near_mint,en,EUR,2026-07-04T09:46:21.060Z
Proxies,list,The World Tree,KHM,Kaldheim,275,normal,rare,1,57026,a70cb6d9-3955-4064-917b-11dec26440c5,5.6,false,false,near_mint,en,EUR,2026-07-04T09:46:21.060Z
Proxies,list,Thrakkus the Butcher,CLB,Commander Legends: Battle for Baldur's Gate,295,normal,uncommon,1,68912,2255d1e4-f387-4187-8c10-7d0009f6ec79,0.24,false,false,near_mint,en,EUR,2026-07-04T09:46:21.060Z
Proxies,list,Three Visits,SOC,Secrets of Strixhaven Commander,289,normal,uncommon,1,112143,d74f59cd-0b58-4dbc-a4e7-742b012ba749,5.87,false,false,near_mint,en,EUR,2026-07-04T09:46:21.060Z
Proxies,list,Tiamat,AFR,Adventures in the Forgotten Realms,235,normal,mythic,1,58983,6dd0b9b0-55f4-4ce7-a916-6f23687f3fe4,17.8,false,false,near_mint,en,EUR,2026-07-04T09:46:21.060Z
Proxies,list,Twinflame Tyrant,FDN,Foundations,97,normal,mythic,1,100228,1eb34f51-0bd2-43c3-af95-2ce8dabcc7bb,19.93,false,false,near_mint,en,EUR,2026-07-04T09:46:21.060Z
Proxies,list,Two-Headed Hellkite,DMC,Dominaria United Commander,14,normal,rare,1,71602,8d5cf3a1-2228-4143-b07d-de082380b5e7,9.11,false,false,near_mint,en,EUR,2026-07-04T09:46:21.060Z
Proxies,list,Unclaimed Territory,ECC,Lorwyn Eclipsed Commander,175,normal,uncommon,4,110545,7f5ad03d-77ae-4e06-96f2-4f03bdfbb226,0.34,false,false,near_mint,en,EUR,2026-07-04T09:46:21.060Z
Proxies,list,Up the Beanstalk,WOE,Wilds of Eldraine,195,normal,uncommon,2,85323,2d5e991f-23b2-4db0-a452-7755125b1fd2,2.57,false,false,near_mint,en,EUR,2026-07-04T09:46:21.060Z
Proxies,list,Ureni of the Unwritten,TDC,Tarkir: Dragonstorm Commander,9,normal,mythic,1,104387,f54ecbf1-83df-4486-bd6a-7d1f173b6863,9.8,false,false,near_mint,en,EUR,2026-07-04T09:46:21.060Z
Proxies,list,"Ureni, the Song Unending",TDM,Tarkir: Dragonstorm,233,normal,mythic,1,104253,227802c0-4ff6-43a8-a850-ed0f546dc5ac,2.41,false,false,near_mint,en,EUR,2026-07-04T09:46:21.060Z
Proxies,list,Urza's Incubator,MH3,Modern Horizons 3,297,normal,rare,4,94809,c4589226-6072-409b-b598-ebd87f675a6a,16.54,false,false,near_mint,en,EUR,2026-07-04T09:46:21.060Z
Proxies,list,Utvara Hellkite,RVR,Ravnica Remastered,129,normal,mythic,1,89942,df459109-d6ab-4b1d-9570-c7677ff4a014,11.94,false,false,near_mint,en,EUR,2026-07-04T09:46:21.060Z
Proxies,list,"Vaevictis Asmadi, the Dire",M19,Core Set 2019,225,normal,mythic,1,1087,d19fdc00-21eb-48dc-966a-6b634dc5a2c4,1.06,false,false,near_mint,en,EUR,2026-07-04T09:46:21.060Z
Proxies,list,Verdant Catacombs,MH2,Modern Horizons 2,260,normal,rare,4,59004,94c229ea-90da-4aa0-bfda-b162fb3b5b8b,22.79,false,false,near_mint,en,EUR,2026-07-04T09:46:21.060Z
Proxies,list,Wake the Dragon,LTC,Tales of Middle-earth Commander,74,normal,rare,1,83666,f9cf5f78-0316-4c35-a40e-9bfba2e46ad8,0.34,false,false,near_mint,en,EUR,2026-07-04T09:46:21.060Z
Proxies,list,Waterlogged Grove,MH1,Modern Horizons,249,normal,rare,1,44685,0ab6bfbd-d2e1-4c4c-9f91-6f69c5b8e3bb,1.61,false,false,near_mint,en,EUR,2026-07-04T09:46:21.060Z
Proxies,list,White Dragon,AFR,Adventures in the Forgotten Realms,41,normal,uncommon,1,60177,21e290c4-6c94-472a-9dec-6994aade29c2,0.03,false,false,near_mint,en,EUR,2026-07-04T09:46:21.060Z
Proxies,list,Windswept Heath,MH3,Modern Horizons 3,235,normal,rare,4,91776,bd1d13f7-fd38-4f0b-a8e0-1eac78668117,10.21,false,false,near_mint,en,EUR,2026-07-04T09:46:21.060Z
Proxies,list,Wooded Foothills,MH3,Modern Horizons 3,236,normal,rare,4,91761,4e11ea8a-f895-438d-a3b7-f070238e4161,16.72,false,false,near_mint,en,EUR,2026-07-04T09:46:21.060Z
Proxies,list,Wrathful Red Dragon,CLB,Commander Legends: Battle for Baldur's Gate,207,normal,rare,1,69215,acd207de-eec3-4d82-b8b9-b1e60a7bad12,6.55,false,false,near_mint,en,EUR,2026-07-04T09:46:21.060Z
Proxies,list,Yavimaya Coast,SOC,Secrets of Strixhaven Commander,425,normal,rare,1,112184,f4c1500b-1f4c-4d33-810c-25e3bb0a4666,0.45,false,false,near_mint,en,EUR,2026-07-04T09:46:21.060Z
Proxies,list,Zagoth Triome,IKO,Ikoria: Lair of Behemoths,259,normal,rare,2,49818,cc520518-2063-4b57-a0d4-10cf62a7175e,18.37,false,false,near_mint,en,EUR,2026-07-04T09:46:21.060Z
Proxies,list,Ziatora's Proving Ground,SNC,Streets of New Capenna,261,normal,rare,2,67835,75fdce80-e338-4a50-bdc6-786511feaeef,9.53,false,false,near_mint,en,EUR,2026-07-04T09:46:21.060Z
Proxies,list,Zurgo and Ojutai,MOM,March of the Machine,258,normal,mythic,1,81260,eacbcd82-36e6-424c-bd4e-ec3a584836c5,1.03,false,false,near_mint,en,EUR,2026-07-04T09:46:21.060Z
Proxies,list,Khorvath Brightflame,BBD,Battlebond,9,normal,rare,2,1984,5fa0404b-757a-4aee-bcd8-6150938d0fba,0.31,false,false,near_mint,en,EUR,2026-07-04T10:36:21.234Z
Proxies,list,Training Center,CMM,Commander Masters,434,normal,rare,4,84512,78a39d22-5e3b-4ba0-b728-dbf16b61fc8f,11.0,false,false,near_mint,en,EUR,2026-07-05T17:16:21.732Z
Proxies,list,Morphic Pool,CLB,Commander Legends: Battle for Baldur's Gate,357,normal,rare,4,67505,48e40927-dd87-42ed-b805-0ae8ba81f5fb,15.99,false,false,near_mint,en,EUR,2026-07-05T17:15:53.127Z
Proxies,list,Luxury Suite,CLB,Commander Legends: Battle for Baldur's Gate,355,normal,rare,4,67512,6fc5fc38-4054-4663-9061-df5455788c4a,14.83,false,false,near_mint,en,EUR,2026-07-05T17:16:01.629Z
Proxies,list,Sea of Clouds,CLB,Commander Legends: Battle for Baldur's Gate,360,normal,rare,4,67528,d4fb722f-40af-4bd1-b660-e8186b98f233,11.27,false,false,near_mint,en,EUR,2026-07-05T17:16:08.447Z
Proxies,list,Vault of Champions,CMM,Commander Masters,436,normal,rare,4,84873,cafd7db6-b04e-4fa2-bccd-981211132a93,11.98,false,false,near_mint,en,EUR,2026-07-05T17:16:15.881Z
Proxies,list,Bountiful Promenade,CLB,Commander Legends: Battle for Baldur's Gate,348,normal,rare,4,67506,5125a8d8-344d-4419-b37a-ddf343493c5f,8.2,false,false,near_mint,en,EUR,2026-07-05T17:16:29.100Z
Proxies,list,Spectator Seating,CMM,Commander Masters,427,normal,rare,4,84958,dcf3140f-d5c8-45ff-8be4-622b1a129b3d,9.94,false,false,near_mint,en,EUR,2026-07-05T17:16:36.902Z
Proxies,list,Spire Garden,CLB,Commander Legends: Battle for Baldur's Gate,361,normal,rare,4,67513,72aed540-7833-4442-90a9-aa5468014c65,6.0,false,false,near_mint,en,EUR,2026-07-05T17:16:42.285Z
Proxies,list,Undergrowth Stadium,CMM,Commander Masters,435,normal,rare,4,84745,ae16c7da-912c-4d66-b1e7-17480cd3af99,4.99,false,false,near_mint,en,EUR,2026-07-05T17:16:47.803Z
Proxies,list,Rejuvenating Springs,CMM,Commander Masters,424,normal,rare,4,84307,455be293-80cf-4bc6-8904-8dd21a2b9d19,5.88,false,false,near_mint,en,EUR,2026-07-05T17:17:03.889Z
Proxies,list,"Firkraag, Cunning Instigator",CLB,Commander Legends: Battle for Baldur's Gate,648,foil,mythic,1,69242,b55e624b-6f6a-42ae-89aa-0cc62ee55a31,5.0,false,false,near_mint,en,EUR,2026-07-05T17:21:02.413Z
Proxies,list,Thundermaw Hellkite,IMA,Iconic Masters,149,normal,mythic,1,3476,a75f6bb4-ab06-42ca-a0df-326d9a098a26,0.98,false,false,near_mint,en,EUR,2026-07-05T17:21:44.470Z
Proxies,list,"Kura, the Boundless Sky",NEO,Kamigawa: Neon Dynasty,200,normal,mythic,1,66634,06b25752-26be-4189-bc8b-828db6f0e612,0.79,false,false,near_mint,en,EUR,2026-07-05T17:22:46.436Z
Proxies,list,"Kairi, the Swirling Sky",NEO,Kamigawa: Neon Dynasty,60,normal,mythic,1,66438,af7979d8-21f3-40ba-8a2e-7ebad210e48b,0.2,false,false,near_mint,en,EUR,2026-07-05T17:32:16.339Z
Proxies,list,"Atsushi, the Blazing Sky",SOC,Secrets of Strixhaven Commander,236,normal,mythic,1,111828,06658540-0104-428f-91b1-40552826e781,0.1,false,false,near_mint,en,EUR,2026-07-05T18:23:00.743Z
Proxies,list,Lord Windgrace,SLD,Secret Lair Drop,1184,foil,mythic,1,76054,da180aa8-7490-4165-bcc9-86b3ca697225,85.88,false,false,near_mint,en,EUR,2026-08-16T13:26:36.471Z
Proxies,list,Violent Outburst,SLD,Secret Lair Drop,1185,foil,rare,1,76050,3fed589f-8635-44a5-9978-d68c2bd1071b,47.06,false,false,near_mint,en,EUR,2026-08-16T13:26:48.970Z
Proxies,list,Felidar Sovereign,SLD,Secret Lair Drop,1182,foil,rare,1,76052,b7138e87-9a3c-4031-8c87-d3630c89e88c,53.23,false,false,near_mint,en,EUR,2026-08-16T13:27:01.503Z
Proxies,list,Descendants' Path,SLD,Secret Lair Drop,1183,foil,rare,1,76053,d97797cf-1e4a-4e76-91a4-cac557a17416,42.39,false,false,near_mint,en,EUR,2026-08-16T13:27:12.003Z
Proxies,list,Plains,SLD,Secret Lair Drop,46,normal,rare,1,69987,282908d5-29e8-4a55-915e-64883ec3b714,8.18,false,false,near_mint,en,EUR,2026-08-16T13:27:53.269Z
Proxies,list,Food,SLD,Secret Lair Drop,2808,normal,common,1,114877,eb838522-93e6-475a-8825-b65fe2e4f68b,4.95,false,false,near_mint,en,EUR,2026-08-16T13:31:31.665Z
Proxies,list,Sylvan Caryatid,SLD,Secret Lair Drop,7189,normal,rare,1,115487,59367636-bbc2-44d7-bedf-fe52d2f0720e,,false,false,near_mint,en,EUR,2026-08-16T13:32:14.064Z
Proxies,list,Academy Manufactor,SLD,Secret Lair Drop,7188,normal,rare,1,115474,545f6d3a-5101-407c-acde-168c5097d866,,false,false,near_mint,en,EUR,2026-08-16T13:32:25.797Z
Proxies,list,Puca's Mischief,SLD,Secret Lair Drop,923,foil,rare,1,114868,8c42fa08-b297-4452-a419-aa3622bd6142,24.95,false,false,near_mint,en,EUR,2026-08-16T13:33:11.446Z
Proxies,list,Wedding Ring,SLD,Secret Lair Drop,2802,normal,mythic,1,114865,3c16b2a4-2c40-4d38-bfe8-43ca127b5bdd,,false,false,near_mint,en,EUR,2026-08-16T13:33:20.813Z
Proxies,list,Homeward Path,SLD,Secret Lair Drop,2811,normal,rare,1,114870,a5191ab2-b246-411c-a73b-829accfed59c,,false,false,near_mint,en,EUR,2026-08-16T13:33:40.612Z
Proxies,list,Dawn's Truce,SLD,Secret Lair Drop,2803,normal,rare,1,114864,24cf4c50-d576-41fb-b45c-5bc25d54247b,,false,false,near_mint,en,EUR,2026-08-16T13:33:48.829Z
Proxies,list,Rites of Flourishing,SLD,Secret Lair Drop,2805,normal,rare,1,114878,ec016236-fa38-49f3-8176-5a7734ca6821,,false,false,near_mint,en,EUR,2026-08-16T13:33:57.695Z
Proxies,list,Sol Ring,SLD,Secret Lair Drop,2807,normal,rare,1,114866,3d5c99e9-7c3e-4149-82a6-3c7d5d302488,,false,false,near_mint,en,EUR,2026-08-16T13:34:18.478Z
Proxies,list,Stardew Valley,SLD,Secret Lair Drop,2801,normal,mythic,1,114869,9979db80-83f6-41ed-aea2-0c222e923add,,false,false,near_mint,en,EUR,2026-08-16T13:34:32.261Z
Proxies,list,Swords to Plowshares,SLD,Secret Lair Drop,2804,normal,rare,1,114873,bb37a8f3-c730-4cf1-84b3-9f7efc28dd7f,,false,false,near_mint,en,EUR,2026-08-16T13:34:51.744Z
Proxies,list,Kynaios and Tiro of Meletis,SLD,Secret Lair Drop,2806,normal,mythic,1,114862,20c6d624-790b-49f4-ac3f-d00fe6216f1f,,false,false,near_mint,en,EUR,2026-08-16T13:35:04.210Z
Proxies,list,Command Tower,SLD,Secret Lair Drop,2812,normal,rare,1,114879,f9c515bb-3d45-4c24-92bb-69c5c6520959,,false,false,near_mint,en,EUR,2026-08-16T13:35:54.643Z
Proxies,list,"Yavimaya, Cradle of Growth",SLD,Secret Lair Drop,2813,normal,rare,1,114861,13c4a320-aaed-4577-87c2-8dd206ddd99f,,false,false,near_mint,en,EUR,2026-08-16T13:36:28.408Z
Proxies,binder,Marsh Flats,MH2,Modern Horizons 2,248,normal,rare,4,59010,9db3ba6d-eb7f-4f5b-9a3b-c6239c3baa42,0.0,true,true,poor,en,EUR,2026-09-11T16:06:12.756Z
Proxies,binder,Godless Shrine,EOE,Edge of Eternities,254,normal,rare,4,106768,8c542ea4-98c3-4c2d-9066-205ab7aa697a,0.0,true,true,poor,en,EUR,2026-09-11T16:06:12.758Z
Proxies,binder,Hengegate Pathway // Mistgate Pathway,KHM,Kaldheim,260,normal,rare,1,56950,7ef37cb3-d803-47d7-8a01-9c803aa2eadc,0.0,true,true,poor,en,EUR,2026-09-11T16:06:12.755Z
Proxies,binder,Sea of Clouds,CLB,Commander Legends: Battle for Baldur's Gate,360,normal,rare,1,67528,d4fb722f-40af-4bd1-b660-e8186b98f233,0.0,true,true,poor,en,EUR,2026-09-11T16:06:12.753Z
Proxies,binder,Wooded Foothills,MH3,Modern Horizons 3,236,normal,rare,4,91761,4e11ea8a-f895-438d-a3b7-f070238e4161,0.0,true,true,poor,en,EUR,2026-09-11T16:06:12.761Z
Proxies,binder,Vault of Champions,CMM,Commander Masters,436,normal,rare,4,84873,cafd7db6-b04e-4fa2-bccd-981211132a93,0.0,true,true,poor,en,EUR,2026-09-11T16:06:12.757Z
Proxies,binder,Cragcrown Pathway // Timbercrown Pathway,ZNR,Zendikar Rising,261,normal,rare,1,54774,da57eb54-5199-4a56-95f7-f6ac432876b1,0.0,true,true,poor,en,EUR,2026-09-11T16:06:12.764Z
Proxies,binder,Fire-Lit Thicket,2XM,Double Masters,317,normal,rare,1,51828,1927d645-ca43-4b8e-9932-7e70acca7aa6,0.0,true,true,poor,en,EUR,2026-09-11T16:06:12.765Z
Proxies,binder,Stomping Ground,EOE,Edge of Eternities,258,normal,rare,4,106763,69be21b4-c613-47c6-ba57-f4785861af3e,0.0,true,true,poor,en,EUR,2026-09-11T16:06:12.762Z
Proxies,binder,Rockfall Vale,TDC,Tarkir: Dragonstorm Commander,387,normal,rare,1,105005,dcdea659-ecaf-4abe-be0f-64e105abb104,0.0,true,true,poor,en,EUR,2026-09-11T16:06:12.763Z
Proxies,binder,Sacred Foundry,EOE,Edge of Eternities,256,normal,rare,4,106767,8b4e2642-3c87-4708-b9b4-2e7f7359ac7d,0.0,true,true,poor,en,EUR,2026-09-11T16:06:12.767Z
Proxies,binder,Food,SLD,Secret Lair Drop,2808,normal,common,1,114877,eb838522-93e6-475a-8825-b65fe2e4f68b,0.0,true,true,poor,en,EUR,2026-09-11T16:06:12.752Z
Proxies,binder,Brightclimb Pathway // Grimclimb Pathway,ZNR,Zendikar Rising,259,normal,rare,1,54762,d24c3d51-795d-4c01-a34a-3280fccd2d78,0.0,true,true,poor,en,EUR,2026-09-11T16:06:12.759Z
Proxies,binder,Arid Mesa,MH2,Modern Horizons 2,244,normal,rare,4,58964,25ac5405-df7b-4097-914a-022cb18e20d4,0.0,true,true,poor,en,EUR,2026-09-11T16:06:12.769Z
Proxies,binder,Spire Garden,CLB,Commander Legends: Battle for Baldur's Gate,361,normal,rare,4,67513,72aed540-7833-4442-90a9-aa5468014c65,0.0,true,true,poor,en,EUR,2026-09-11T16:06:12.760Z
Proxies,binder,Battlefield Forge,SOC,Secrets of Strixhaven Commander,362,normal,rare,1,112113,c47c1bf5-f11e-4f86-b20b-5d899a11dc56,0.0,true,true,poor,en,EUR,2026-09-11T16:06:12.770Z
Proxies,binder,Karplusan Forest,EOC,Edge of Eternities Commander,164,normal,rare,1,107047,67198b97-bac2-480f-aea8-12841e8884de,0.0,true,true,poor,en,EUR,2026-09-11T16:06:12.766Z
Proxies,binder,Flooded Strand,MH3,Modern Horizons 3,220,normal,rare,4,91770,8f85e12c-196b-4459-b81f-0c9c854e9f57,0.0,true,true,poor,en,EUR,2026-09-11T16:06:12.754Z
Proxies,binder,Spectator Seating,CMM,Commander Masters,427,normal,rare,4,84958,dcf3140f-d5c8-45ff-8be4-622b1a129b3d,0.0,true,true,poor,en,EUR,2026-09-11T16:06:12.768Z
Proxies,binder,Reflecting Pool,CLB,Commander Legends: Battle for Baldur's Gate,358,normal,rare,4,67501,18a1b3f5-473d-45ca-be0d-e67e77ba30ce,0.0,true,true,poor,en,EUR,2026-09-11T16:06:12.821Z
Proxies,binder,Stormcarved Coast,SOS,Secrets of Strixhaven,263,normal,rare,1,111738,bd3ae4fa-4c97-410a-8c0a-bd203342595d,0.0,true,true,poor,en,EUR,2026-09-11T16:06:12.796Z
Proxies,binder,Ketria Triome,IKO,Ikoria: Lair of Behemoths,250,normal,rare,2,49827,a249b1f4-2b22-4b67-a207-e0c4ae95d2e1,0.0,true,true,poor,en,EUR,2026-09-11T16:06:12.836Z
Proxies,binder,Training Center,CMM,Commander Masters,434,normal,rare,4,84512,78a39d22-5e3b-4ba0-b728-dbf16b61fc8f,0.0,true,true,poor,en,EUR,2026-09-11T16:06:12.791Z
Proxies,binder,Horizon of Progress,M3C,Modern Horizons 3 Commander,130,normal,rare,4,95020,c2ae7cf3-f793-4572-a32c-0d66dba8faf7,0.0,true,true,poor,en,EUR,2026-09-11T16:06:12.817Z
Proxies,binder,Riverglide Pathway // Lavaglide Pathway,ZNR,Zendikar Rising,264,normal,rare,1,54490,2668ac91-6cda-4f81-a08d-4fc5f9cb35b2,0.0,true,true,poor,en,EUR,2026-09-11T16:06:12.798Z
Proxies,binder,Polluted Delta,MH3,Modern Horizons 3,224,normal,rare,4,91764,6e288374-2b71-4ace-b1d2-a19fee6cb4af,0.0,true,true,poor,en,EUR,2026-09-11T16:06:12.789Z
Proxies,binder,Rugged Prairie,SOC,Secrets of Strixhaven Commander,401,normal,rare,1,111968,6bd21c9e-de16-4ee9-ae16-6e82b490109d,0.0,true,true,poor,en,EUR,2026-09-11T16:06:12.771Z
Proxies,binder,Blood Crypt,ECL,Lorwyn Eclipsed,262,normal,rare,4,108952,6da63cc5-4624-4491-abd9-9b600c3fefe2,0.0,true,true,poor,en,EUR,2026-09-11T16:06:12.802Z
Proxies,binder,Blightstep Pathway // Searstep Pathway,KHM,Kaldheim,252,normal,rare,1,56747,0ce39a19-f51d-4a35-ae80-5b82eb15fcff,0.0,true,true,poor,en,EUR,2026-09-11T16:06:12.804Z
Proxies,binder,Sunbaked Canyon,MH1,Modern Horizons,247,normal,rare,1,44687,c36820fa-ee86-4206-9a0d-737a67cf5208,0.0,true,true,poor,en,EUR,2026-09-11T16:06:12.773Z
Proxies,binder,Morphic Pool,CLB,Commander Legends: Battle for Baldur's Gate,357,normal,rare,4,67505,48e40927-dd87-42ed-b805-0ae8ba81f5fb,0.0,true,true,poor,en,EUR,2026-09-11T16:06:12.788Z
Proxies,binder,Savai Triome,IKO,Ikoria: Lair of Behemoths,253,normal,rare,2,49824,748e6a61-9c1f-4225-9f04-e54002f63ac3,0.0,true,true,poor,en,EUR,2026-09-11T16:06:12.815Z
Proxies,binder,Path of Ancestry,SOC,Secrets of Strixhaven Commander,393,normal,common,4,112037,9335e773-4b45-4b91-8140-5159fe7e0395,0.0,true,true,poor,en,EUR,2026-09-11T16:06:12.830Z
Proxies,binder,Clearwater Pathway // Murkwater Pathway,ZNR,Zendikar Rising,260,normal,rare,1,54709,b4b99ebb-0d54-4fe5-a495-979aaa564aa8,0.0,true,true,poor,en,EUR,2026-09-11T16:06:12.787Z
Proxies,binder,Sundown Pass,SOS,Secrets of Strixhaven,264,normal,rare,1,111735,b34000e9-ff20-4fb4-9d0b-03a172a92457,0.0,true,true,poor,en,EUR,2026-09-11T16:06:12.774Z
Proxies,binder,Overgrown Tomb,ECL,Lorwyn Eclipsed,266,normal,rare,4,108948,45b92924-baa1-4c9b-9932-9a5eda8f3446,0.0,true,true,poor,en,EUR,2026-09-11T16:06:12.808Z
Proxies,binder,Windswept Heath,MH3,Modern Horizons 3,235,normal,rare,4,91776,bd1d13f7-fd38-4f0b-a8e0-1eac78668117,0.0,true,true,poor,en,EUR,2026-09-11T16:06:12.782Z
Proxies,binder,Needleverge Pathway // Pillarverge Pathway,ZNR,Zendikar Rising,263,normal,rare,1,54582,6559047e-6ede-4815-a3a0-389062094f9d,0.0,true,true,poor,en,EUR,2026-09-11T16:06:12.772Z
Proxies,binder,Rejuvenating Springs,CMM,Commander Masters,424,normal,rare,4,84307,455be293-80cf-4bc6-8904-8dd21a2b9d19,0.0,true,true,poor,en,EUR,2026-09-11T16:06:12.776Z
Proxies,binder,Breeding Pool,EOE,Edge of Eternities,251,normal,rare,4,106761,3c750d5a-f743-41ff-b5ba-02025ca0bec2,0.0,true,true,poor,en,EUR,2026-09-11T16:06:12.777Z
Proxies,binder,Temple Garden,ECL,Lorwyn Eclipsed,268,normal,rare,4,108951,6cdd2a74-63b3-4ff2-9c5a-a85dee63c3c9,0.0,true,true,poor,en,EUR,2026-09-11T16:06:12.783Z
Proxies,binder,Barkchannel Pathway // Tidechannel Pathway,KHM,Kaldheim,251,normal,rare,1,57056,b6de14ae-0132-4261-af00-630bf15918cd,0.0,true,true,poor,en,EUR,2026-09-11T16:06:12.778Z
Proxies,binder,Dreamroot Cascade,SOS,Secrets of Strixhaven,254,normal,rare,1,111765,ef662b92-5a7f-48c9-bcc1-14b55e091aef,0.0,true,true,poor,en,EUR,2026-09-11T16:06:12.780Z
Proxies,binder,Overgrown Farmland,TDC,Tarkir: Dragonstorm Commander,381,normal,rare,1,104691,644fb0ed-f434-4cc4-b7e9-a60db5ece2b7,0.0,true,true,poor,en,EUR,2026-09-11T16:06:12.785Z
Proxies,binder,Undergrowth Stadium,CMM,Commander Masters,435,normal,rare,4,84745,ae16c7da-912c-4d66-b1e7-17480cd3af99,0.0,true,true,poor,en,EUR,2026-09-11T16:06:12.807Z
Proxies,binder,Luxury Suite,CLB,Commander Legends: Battle for Baldur's Gate,355,normal,rare,4,67512,6fc5fc38-4054-4663-9061-df5455788c4a,0.0,true,true,poor,en,EUR,2026-09-11T16:06:12.800Z
Proxies,binder,Deathcap Glade,SOS,Secrets of Strixhaven,253,normal,rare,2,111718,78897104-80e1-4d8a-9958-145b40f679e8,0.0,true,true,poor,en,EUR,2026-09-11T16:06:12.809Z
Proxies,binder,Bloodstained Mire,MH3,Modern Horizons 3,216,normal,rare,4,91762,579743fe-f71e-4cb2-8629-d6b02ed1591d,0.0,true,true,poor,en,EUR,2026-09-11T16:06:12.805Z
Proxies,binder,Cascade Bluffs,SOC,Secrets of Strixhaven Commander,364,normal,rare,1,111867,22acccd2-4e9d-46de-a060-863b08152e50,0.0,true,true,poor,en,EUR,2026-09-11T16:06:12.797Z
Proxies,binder,Misty Rainforest,MH2,Modern Horizons 2,250,normal,rare,5,58999,88231c0d-0cc8-44ec-bf95-81d1710ac141,0.0,true,true,poor,en,EUR,2026-09-11T16:06:12.775Z
Proxies,binder,Mana Confluence,JOU,Journey into Nyx,163,normal,rare,2,14486,504a69eb-3c2d-4bb1-b117-252b15acf0c2,0.0,true,true,poor,en,EUR,2026-09-11T16:06:12.834Z
Proxies,binder,Command Tower,SOC,Secrets of Strixhaven Commander,129,normal,common,5,112112,c46a217c-0ed2-4b3c-9a01-ee38d12d76f3,0.0,true,true,poor,en,EUR,2026-09-11T16:06:12.825Z
Proxies,binder,Llanowar Wastes,SOC,Secrets of Strixhaven Commander,383,normal,rare,1,111875,266316d3-3bbc-4283-aab8-69629855909f,0.0,true,true,poor,en,EUR,2026-09-11T16:06:12.806Z
Proxies,binder,Sulfurous Springs,EOC,Edge of Eternities Commander,185,normal,rare,1,107202,eedb9df2-20d3-4cfd-8aed-336edc37d5a9,0.0,true,true,poor,en,EUR,2026-09-11T16:06:12.801Z
Proxies,binder,Cavern of Souls,LCI,The Lost Caverns of Ixalan,269,normal,mythic,4,86315,3aad15a2-8a1b-4460-9b06-e85863081878,0.0,true,true,poor,en,EUR,2026-09-11T16:06:12.811Z
Proxies,binder,Waterlogged Grove,MH1,Modern Horizons,249,normal,rare,1,44685,0ab6bfbd-d2e1-4c4c-9f91-6f69c5b8e3bb,0.0,true,true,poor,en,EUR,2026-09-11T16:06:12.781Z
Proxies,binder,Branchloft Pathway // Boulderloft Pathway,ZNR,Zendikar Rising,258,normal,rare,1,54417,0511e232-2a72-40f5-a400-4f7ebc442d17,0.0,true,true,poor,en,EUR,2026-09-11T16:06:12.786Z
Proxies,binder,Graven Cairns,DSC,Duskmourn: House of Horror Commander,280,normal,rare,1,99213,74a13fea-4f48-428b-b42b-4ba63d4752ed,0.0,true,true,poor,en,EUR,2026-09-11T16:06:12.803Z
Proxies,binder,Scalding Tarn,MH2,Modern Horizons 2,254,normal,rare,4,58986,71e491c5-8c07-449b-b2f1-ffa052e6d311,0.0,true,true,poor,en,EUR,2026-09-11T16:06:12.792Z
Proxies,binder,Bountiful Promenade,CLB,Commander Legends: Battle for Baldur's Gate,348,normal,rare,4,67506,5125a8d8-344d-4419-b37a-ddf343493c5f,0.0,true,true,poor,en,EUR,2026-09-11T16:06:12.784Z
Proxies,binder,Shivan Reef,SOC,Secrets of Strixhaven Commander,404,normal,rare,1,112160,e13d0982-2542-4770-8e93-637478a0f84a,0.0,true,true,poor,en,EUR,2026-09-11T16:06:12.799Z
Proxies,binder,Verdant Catacombs,MH2,Modern Horizons 2,260,normal,rare,4,59004,94c229ea-90da-4aa0-bfda-b162fb3b5b8b,0.0,true,true,poor,en,EUR,2026-09-11T16:06:12.810Z
Proxies,binder,Yavimaya Coast,SOC,Secrets of Strixhaven Commander,425,normal,rare,1,112184,f4c1500b-1f4c-4d33-810c-25e3bb0a4666,0.0,true,true,poor,en,EUR,2026-09-11T16:06:12.779Z
Proxies,binder,Steam Vents,ECL,Lorwyn Eclipsed,267,normal,rare,4,108962,b66daa94-d367-4812-9f18-f35378c1febb,0.0,true,true,poor,en,EUR,2026-09-11T16:06:12.790Z
Proxies,binder,Abundant Countryside,ECC,Lorwyn Eclipsed Commander,22,normal,rare,4,110475,37478625-dd07-476d-bd9b-b2e0d71ac0d1,0.0,true,true,poor,en,EUR,2026-09-11T16:06:12.840Z
Proxies,binder,Academy Manufactor,SLD,Secret Lair Drop,7188,normal,rare,2,115474,545f6d3a-5101-407c-acde-168c5097d866,0.0,true,true,poor,en,EUR,2026-09-11T16:06:12.901Z
Proxies,binder,Temple of the Dragon Queen,TDC,Tarkir: Dragonstorm Commander,104,normal,uncommon,1,104806,91658f56-12c9-4173-94ad-dfd186b1dbae,0.0,true,true,poor,en,EUR,2026-09-11T16:06:12.856Z
Proxies,binder,"Boseiju, Who Endures",NEO,Kamigawa: Neon Dynasty,266,normal,rare,1,66332,2135ac5a-187b-4dc9-8f82-34e8d1603416,0.0,true,true,poor,en,EUR,2026-09-11T16:06:12.868Z
Proxies,binder,Rivaz of the Claw,DMU,Dominaria United,215,normal,rare,1,71635,9a47573a-601e-4738-acef-16118289f939,0.0,true,true,poor,en,EUR,2026-09-11T16:06:12.907Z
Proxies,binder,Cascading Cataracts,M3C,Modern Horizons 3 Commander,326,normal,rare,1,94929,33e6761c-cb01-4eb6-95fa-ac452684f3e7,0.0,true,true,poor,en,EUR,2026-09-11T16:06:12.860Z
Proxies,binder,Forbidden Orchard,2X2,Double Masters 2022,323,normal,rare,1,70085,17db644c-1acf-477d-9c20-f72221f1108a,0.0,true,true,poor,en,EUR,2026-09-11T16:06:12.857Z
Proxies,binder,"Ramos, Dragon Engine",FDN,Foundations,678,normal,mythic,1,100817,8f95f753-bbaa-4282-9cd9-f1737136fc9e,0.0,true,true,poor,en,EUR,2026-09-11T16:06:12.874Z
Proxies,binder,The World Tree,KHM,Kaldheim,275,normal,rare,1,57026,a70cb6d9-3955-4064-917b-11dec26440c5,0.0,true,true,poor,en,EUR,2026-09-11T16:06:12.867Z
Proxies,binder,Scion of Draco,MH2,Modern Horizons 2,234,normal,mythic,1,59511,3e7da55c-7f05-46b2-aa3c-17f8d5df46bb,0.0,true,true,poor,en,EUR,2026-09-11T16:06:12.882Z
Proxies,binder,Chrome Mox,2XM,Double Masters,240,normal,mythic,1,52075,f340cbf7-5bbe-45b9-a4bf-d1caa500ff93,0.0,true,true,poor,en,EUR,2026-09-11T16:06:12.888Z
Proxies,binder,Fellwar Stone,SOC,Secrets of Strixhaven Commander,347,normal,uncommon,4,111900,385b9f5e-81dd-49f6-a644-59d53245e3dc,0.0,true,true,poor,en,EUR,2026-09-11T16:06:12.896Z
Proxies,binder,Dragon's Hoard,TDC,Tarkir: Dragonstorm Commander,317,normal,rare,1,104575,3ee80876-6e87-46c4-a6fd-ff6752db3032,0.0,true,true,poor,en,EUR,2026-09-11T16:06:12.879Z
Proxies,binder,Jetmir's Garden,SNC,Streets of New Capenna,250,normal,rare,2,67656,26d40e03-6de4-4373-9fbf-04c1dd79e995,0.0,true,true,poor,en,EUR,2026-09-11T16:06:12.838Z
Proxies,binder,Jungle Shrine,ECC,Lorwyn Eclipsed Commander,154,normal,uncommon,1,110434,0b1a84b6-4202-4413-80ed-4142c51e619a,0.0,true,true,poor,en,EUR,2026-09-11T16:06:12.855Z
Proxies,binder,Arena of Glory,MH3,Modern Horizons 3,215,normal,rare,3,94820,dd148edc-9e43-41aa-bb50-f912115d3e72,0.0,true,true,poor,en,EUR,2026-09-11T16:06:12.869Z
Proxies,binder,The One Ring,LTR,The Lord of the Rings: Tales of Middle-earth,246,normal,mythic,1,83540,d5806e68-1054-458e-866d-1f2470f682b2,0.0,true,true,poor,en,EUR,2026-09-11T16:06:12.878Z
Proxies,binder,Lightning Greaves,SOC,Secrets of Strixhaven Commander,350,normal,uncommon,4,111831,08005be9-fbf4-43e6-a742-b1fb8196c4a5,0.0,true,true,poor,en,EUR,2026-09-11T16:06:12.897Z
Proxies,binder,Herald's Horn,M3C,Modern Horizons 3 Commander,296,normal,uncommon,3,94924,2cfafee3-c060-44bd-be6e-8d36501d72d3,0.0,true,true,poor,en,EUR,2026-09-11T16:06:12.890Z
Proxies,binder,Exotic Orchard,SOC,Secrets of Strixhaven Commander,369,normal,rare,1,111992,7db2934a-43a0-46ad-8380-ff6703f8fd6d,0.0,true,true,poor,en,EUR,2026-09-11T16:06:12.858Z
Proxies,binder,Sol Ring,SOC,Secrets of Strixhaven Commander,128,normal,uncommon,6,112006,870ec754-a76c-40ea-9b81-81b3dca1f62c,0.0,true,true,poor,en,EUR,2026-09-11T16:06:12.887Z
Proxies,binder,Reliquary Tower,SOC,Secrets of Strixhaven Commander,398,normal,uncommon,4,112163,e2a27742-08c1-4153-af7f-25a7a98f585e,0.0,true,true,poor,en,EUR,2026-09-11T16:06:12.863Z
Proxies,binder,"Morophon, the Boundless",M3C,Modern Horizons 3 Commander,157,normal,mythic,4,94928,33c2e889-d2e1-4197-ba97-81a2b8512746,0.0,true,true,poor,en,EUR,2026-09-11T16:06:12.900Z
Proxies,binder,Dragon Broodmother,ARB,Alara Reborn,53,normal,mythic,1,23455,f7f99431-ae43-4b68-82f0-faf940216c91,0.0,true,true,poor,en,EUR,2026-09-11T16:06:12.905Z
Proxies,binder,City of Brass,2X2,Double Masters 2022,321,normal,rare,2,70467,bed4a63d-632a-4a3a-b35f-f8e155237d27,0.0,true,true,poor,en,EUR,2026-09-11T16:06:12.844Z
Proxies,binder,Mana Vault,2X2,Double Masters 2022,308,normal,mythic,1,70472,c1a31d52-a407-4ded-bfca-cc812f11afa0,0.0,true,true,poor,en,EUR,2026-09-11T16:06:12.875Z
Proxies,binder,Sarkhan Unbroken,DTK,Dragons of Tarkir,230,normal,mythic,1,11584,192452f8-93c2-4a20-a52b-0093741a9e45,0.0,true,true,poor,en,EUR,2026-09-11T16:06:12.906Z
Proxies,binder,Dragon's Claw,M12,Magic 2012,206,normal,uncommon,1,19061,0d732b87-08e5-41b6-8448-62dd6bf20d9c,0.0,true,true,poor,en,EUR,2026-09-11T16:06:12.877Z
Proxies,binder,Stardew Valley,SLD,Secret Lair Drop,2801,normal,mythic,1,114869,9979db80-83f6-41ed-aea2-0c222e923add,0.0,true,true,poor,en,EUR,2026-09-11T16:06:12.865Z
Proxies,binder,Homeward Path,SLD,Secret Lair Drop,2811,normal,rare,1,114870,a5191ab2-b246-411c-a73b-829accfed59c,0.0,true,true,poor,en,EUR,2026-09-11T16:06:12.864Z
Proxies,binder,Talisman of Creativity,SOC,Secrets of Strixhaven Commander,357,normal,uncommon,1,111845,101e47ed-4afe-4d15-b6c3-4ab495965fde,0.0,true,true,poor,en,EUR,2026-09-11T16:06:12.876Z
Proxies,binder,Opulent Palace,ECC,Lorwyn Eclipsed Commander,157,normal,uncommon,1,110655,f0001153-dbcb-44e5-99be-2c186c9b10b0,0.0,true,true,poor,en,EUR,2026-09-11T16:06:12.854Z
Proxies,binder,Firdoch Core,ECL,Lorwyn Eclipsed,255,normal,common,4,110788,8e45cd37-bf97-4742-978d-96f96ed653cd,0.0,true,true,poor,en,EUR,2026-09-11T16:06:12.891Z
Proxies,binder,Plains,SLD,Secret Lair Drop,46,normal,rare,1,69987,282908d5-29e8-4a55-915e-64883ec3b714,0.0,true,true,poor,en,EUR,2026-09-11T16:06:12.872Z
Proxies,binder,Maelstrom of the Spirit Dragon,TDM,Tarkir: Dragonstorm,260,normal,rare,1,104359,c4e90bfb-d9a5-48a9-9ff9-b0f50a813eee,0.0,true,true,poor,en,EUR,2026-09-11T16:06:12.861Z
Proxies,binder,Arcane Signet,SOC,Secrets of Strixhaven Commander,127,normal,uncommon,4,111980,7811dd72-61b9-4067-ac20-cea153e625d2,0.0,true,true,poor,en,EUR,2026-09-11T16:06:12.883Z
Proxies,binder,Temur Ascendancy,TDC,Tarkir: Dragonstorm Commander,305,normal,rare,1,104672,5cedb54a-a6f6-48aa-acdf-01c988c1c37d,0.0,true,true,poor,en,EUR,2026-09-11T16:06:12.903Z
Proxies,binder,Unclaimed Territory,ECC,Lorwyn Eclipsed Commander,175,normal,uncommon,4,110545,7f5ad03d-77ae-4e06-96f2-4f03bdfbb226,0.0,true,true,poor,en,EUR,2026-09-11T16:06:12.848Z
Proxies,binder,Mox Jasper,TDM,Tarkir: Dragonstorm,246,normal,mythic,1,103999,a851d2d3-7e93-4887-bee5-4d6c9aaf9419,0.0,true,true,poor,en,EUR,2026-09-11T16:06:12.880Z
Proxies,binder,Dragonstorm Globe,TDM,Tarkir: Dragonstorm,241,normal,common,1,104767,7f50aa6e-ce6a-4479-9725-202926245f2c,0.0,true,true,poor,en,EUR,2026-09-11T16:06:12.881Z
Proxies,binder,Haven of the Spirit Dragon,TDC,Tarkir: Dragonstorm Commander,370,normal,rare,1,104973,d0c552da-874e-49eb-b221-47220b8b7786,0.0,true,true,poor,en,EUR,2026-09-11T16:06:12.859Z
Proxies,binder,Dragonclaw Strike,TDM,Tarkir: Dragonstorm,180,normal,uncommon,1,105161,bc7692ef-7091-4365-85a8-1edbd374f279,0.0,true,true,poor,en,EUR,2026-09-11T16:06:12.904Z
Proxies,binder,Thrakkus the Butcher,CLB,Commander Legends: Battle for Baldur's Gate,295,normal,uncommon,1,68912,2255d1e4-f387-4187-8c10-7d0009f6ec79,0.0,true,true,poor,en,EUR,2026-09-11T16:06:12.902Z
Proxies,binder,Dragon Arch,2X2,Double Masters 2022,305,normal,uncommon,1,70522,d2312a56-088f-42f9-9bd2-7b0b94935236,0.0,true,true,poor,en,EUR,2026-09-11T16:06:12.873Z
Proxies,binder,Ziatora's Proving Ground,SNC,Streets of New Capenna,261,normal,rare,2,67835,75fdce80-e338-4a50-bdc6-786511feaeef,0.0,true,true,poor,en,EUR,2026-09-11T16:06:12.846Z
Proxies,binder,Zagoth Triome,IKO,Ikoria: Lair of Behemoths,259,normal,rare,2,49818,cc520518-2063-4b57-a0d4-10cf62a7175e,0.0,true,true,poor,en,EUR,2026-09-11T16:06:12.852Z
Proxies,binder,Chromatic Orrery,M21,Core Set 2021,228,normal,mythic,2,50770,3af78d76-ad5c-44ba-880d-b834bcde5398,0.0,true,true,poor,en,EUR,2026-09-11T16:06:12.889Z
Proxies,binder,Grand Coliseum,C16,Commander 2016,299,normal,rare,1,7055,0ea85b58-a396-4ee9-ba77-afc0b0742cf1,0.0,true,true,poor,en,EUR,2026-09-11T16:06:12.862Z
Proxies,binder,Urza's Incubator,MH3,Modern Horizons 3,297,normal,rare,4,94809,c4589226-6072-409b-b598-ebd87f675a6a,0.0,true,true,poor,en,EUR,2026-09-11T16:06:12.898Z
Proxies,binder,"Yavimaya, Cradle of Growth",SLD,Secret Lair Drop,2813,normal,rare,1,114861,13c4a320-aaed-4577-87c2-8dd206ddd99f,0.0,true,true,poor,en,EUR,2026-09-11T16:06:12.866Z
Proxies,binder,Roaming Throne,LCI,The Lost Caverns of Ixalan,258,normal,rare,4,88390,32fd8b7c-baf3-4d3d-be6f-044a917b11a0,0.0,true,true,poor,en,EUR,2026-09-11T16:06:12.895Z
Proxies,binder,Chromatic Lantern,ECC,Lorwyn Eclipsed Commander,138,normal,rare,4,110610,bf810ace-f866-457c-8671-a84c73b6f733,0.0,true,true,poor,en,EUR,2026-09-11T16:06:12.899Z
Proxies,binder,"Atarka, World Render",TDC,Tarkir: Dragonstorm Commander,281,normal,rare,1,104937,c569fab1-6901-40ab-b958-001698819585,0.0,true,true,poor,en,EUR,2026-09-11T16:06:12.937Z
Proxies,binder,Frostcliff Siege,TDM,Tarkir: Dragonstorm,187,normal,rare,1,104338,a750aabb-9788-494a-841f-bf75717970a7,0.0,true,true,poor,en,EUR,2026-09-11T16:06:12.940Z
Proxies,binder,"Kura, the Boundless Sky",NEO,Kamigawa: Neon Dynasty,200,normal,mythic,1,66634,06b25752-26be-4189-bc8b-828db6f0e612,0.0,true,true,poor,en,EUR,2026-09-11T16:06:12.961Z
Proxies,binder,Bloom Tender,ECL,Lorwyn Eclipsed,166,normal,mythic,3,110402,ba86688d-18f0-4b5c-a797-42bf125a6c9f,0.0,true,true,poor,en,EUR,2026-09-11T16:06:12.953Z
Proxies,binder,Boros Charm,OTC,Outlaws of Thunder Junction Commander,216,normal,uncommon,1,93480,0f375bb9-1294-4f43-8f0c-504ed6cfb7d0,0.0,true,true,poor,en,EUR,2026-09-11T16:06:12.932Z
Proxies,binder,"Kolaghan, the Storm's Fury",C17,Commander 2017,176,normal,rare,1,4279,85b6ec91-0ecc-431c-bf85-220c615e0a80,0.0,true,true,poor,en,EUR,2026-09-11T16:06:12.941Z
Proxies,binder,"Selvala, Heart of the Wilds",ECC,Lorwyn Eclipsed Commander,116,normal,mythic,1,110546,812856be-cf51-42de-96d2-4ac91e71d442,0.0,true,true,poor,en,EUR,2026-09-11T16:06:12.964Z
Proxies,binder,Kodama's Reach,ECC,Lorwyn Eclipsed Commander,113,normal,common,1,110568,90c423cc-1264-4067-9c50-e7c88c68ef2d,0.0,true,true,poor,en,EUR,2026-09-11T16:06:12.962Z
Proxies,binder,Adult Gold Dragon,AFR,Adventures in the Forgotten Realms,216,normal,rare,1,60266,67a76010-d932-4727-8b5e-b8e2d14e1362,0.0,true,true,poor,en,EUR,2026-09-11T16:06:12.923Z
Proxies,binder,"Miirym, Sentinel Wyrm",CLB,Commander Legends: Battle for Baldur's Gate,284,normal,rare,1,69208,a934590b-5c70-4f07-af67-fbe817a99531,0.0,true,true,poor,en,EUR,2026-09-11T16:06:12.920Z
Proxies,binder,Lifestream's Blessing,FIC,Final Fantasy Commander,67,normal,rare,1,105916,48b4101b-3428-4b6b-818a-6097a093e9b5,0.0,true,true,poor,en,EUR,2026-09-11T16:06:12.968Z
Proxies,binder,Earth's Mightiest Heroes,MSH,Marvel Super Heroes,165,normal,mythic,1,113931,b38b9bd6-1dd7-4bbc-8a82-ce391c1172e1,0.0,true,true,poor,en,EUR,2026-09-11T16:06:12.976Z
Proxies,binder,Tiamat,AFR,Adventures in the Forgotten Realms,235,normal,mythic,1,58983,6dd0b9b0-55f4-4ce7-a916-6f23687f3fe4,0.0,true,true,poor,en,EUR,2026-09-11T16:06:12.921Z
Proxies,binder,Rhythm of the Wild,RVR,Ravnica Remastered,217,normal,uncommon,1,89883,c2a6453e-a373-44ec-807a-15c0c8b1af57,0.0,true,true,poor,en,EUR,2026-09-11T16:06:12.930Z
Proxies,binder,Annie Joins Up,OTJ,Outlaws of Thunder Junction,191,normal,rare,1,93055,1624a5f4-f5bc-47c9-85de-c5520ee234ce,0.0,true,true,poor,en,EUR,2026-09-11T16:06:12.926Z
Proxies,binder,Assassin's Trophy,SOC,Secrets of Strixhaven Commander,294,normal,rare,1,112072,aaf258fc-3ba4-4b83-bdbf-10a07e0b6c03,0.0,true,true,poor,en,EUR,2026-09-11T16:06:12.936Z
Proxies,binder,"Silumgar, the Drifting Death",C17,Commander 2017,194,normal,rare,1,4261,ca5afa5e-6e8d-4390-8de5-217413807d89,0.0,true,true,poor,en,EUR,2026-09-11T16:06:12.909Z
Proxies,binder,Steely Resolve,ONS,Onslaught,286,normal,rare,1,31017,b88c530a-abc3-4cc4-8a48-5b76e1504a3c,0.0,true,true,poor,en,EUR,2026-09-11T16:06:12.981Z
Proxies,binder,"Helga, Skittish Seer",BLB,Bloomburrow,217,normal,mythic,1,95914,40339715-22d0-4f99-822b-a00d9824f27a,0.0,true,true,poor,en,EUR,2026-09-11T16:06:12.927Z
Proxies,binder,Up the Beanstalk,WOE,Wilds of Eldraine,195,normal,uncommon,2,85323,2d5e991f-23b2-4db0-a452-7755125b1fd2,0.0,true,true,poor,en,EUR,2026-09-11T16:06:12.979Z
Proxies,binder,"Neriv, Heart of the Storm",TDM,Tarkir: Dragonstorm,210,normal,mythic,1,104347,b58112b0-a05c-4b98-b650-fd27ad97789f,0.0,true,true,poor,en,EUR,2026-09-11T16:06:12.917Z
Proxies,binder,Two-Headed Hellkite,DMC,Dominaria United Commander,14,normal,rare,1,71602,8d5cf3a1-2228-4143-b07d-de082380b5e7,0.0,true,true,poor,en,EUR,2026-09-11T16:06:12.933Z
Proxies,binder,Zurgo and Ojutai,MOM,March of the Machine,258,normal,mythic,1,81260,eacbcd82-36e6-424c-bd4e-ec3a584836c5,0.0,true,true,poor,en,EUR,2026-09-11T16:06:12.945Z
Proxies,binder,"Klauth, Unrivaled Ancient",AFC,Forgotten Realms Commander,50,foil,mythic,1,60585,7f5cf828-17b2-4105-9a9a-ee0ab720c2ee,0.0,true,true,poor,en,EUR,2026-09-11T16:06:12.939Z
Proxies,binder,Lord Windgrace,SLD,Secret Lair Drop,1184,foil,mythic,1,76054,da180aa8-7490-4165-bcc9-86b3ca697225,0.0,true,true,poor,en,EUR,2026-09-11T16:06:12.949Z
Proxies,binder,Smuggler's Surprise,OTJ,Outlaws of Thunder Junction,180,normal,rare,2,93400,e7fbb489-e2b5-4278-8162-86802cf124d8,0.0,true,true,poor,en,EUR,2026-09-11T16:06:12.950Z
Proxies,binder,Stump Stomp // Burnwillow Clearing,MH3,Modern Horizons 3,259,normal,uncommon,1,94432,49974246-0a3b-4ec9-b5ea-2a89df9bb0b5,0.0,true,true,poor,en,EUR,2026-09-11T16:06:12.911Z
Proxies,binder,Garruk's Uprising,ECC,Lorwyn Eclipsed Commander,109,normal,uncommon,1,110598,b58c4033-f764-42f6-966f-b7202a2babbf,0.0,true,true,poor,en,EUR,2026-09-11T16:06:12.982Z
Proxies,binder,Descendants' Path,SLD,Secret Lair Drop,1183,foil,rare,1,76053,d97797cf-1e4a-4e76-91a4-cac557a17416,0.0,true,true,poor,en,EUR,2026-09-11T16:06:12.984Z
Proxies,binder,Bladewing the Risen,IMA,Iconic Masters,193,normal,uncommon,1,3432,27ce43cb-44f4-4d94-8700-d9f3cc043989,0.0,true,true,poor,en,EUR,2026-09-11T16:06:12.908Z
Proxies,binder,"Vaevictis Asmadi, the Dire",M19,Core Set 2019,225,normal,mythic,1,1087,d19fdc00-21eb-48dc-966a-6b634dc5a2c4,0.0,true,true,poor,en,EUR,2026-09-11T16:06:12.924Z
Proxies,binder,"Kiora, Behemoth Beckoner",WAR,War of the Spark,232,normal,uncommon,1,44172,7a61b1a6-a75f-47b0-b215-de9708b6d773,0.0,true,true,poor,en,EUR,2026-09-11T16:06:12.928Z
Proxies,binder,Ignoble Hierarch,ECC,Lorwyn Eclipsed Commander,52,normal,rare,1,110647,e802cfe1-45e0-47cd-8745-363ccc0f2af8,0.0,true,true,poor,en,EUR,2026-09-11T16:06:12.963Z
Proxies,binder,Scion of the Ur-Dragon,C17,Commander 2017,192,normal,rare,1,4263,565b2a40-57b1-451f-8c2a-e02222502288,0.0,true,true,poor,en,EUR,2026-09-11T16:06:12.918Z
Proxies,binder,Lazotep Sliver,CMM,Commander Masters,733,normal,rare,1,84358,517f7b4d-2997-412b-8e25-315d93d1603a,0.0,true,true,poor,en,EUR,2026-09-11T16:06:12.919Z
Proxies,binder,Birds of Paradise,RVR,Ravnica Remastered,133,normal,rare,3,89643,3d69a3e0-6a2e-475a-964e-0affed1c017d,0.0,true,true,poor,en,EUR,2026-09-11T16:06:12.973Z
Proxies,binder,"Gwenna, Eyes of Gaea",BRO,The Brothers' War,185,normal,rare,1,75581,7ee387b7-18e4-41b7-aefe-f2b5954e3051,0.0,true,true,poor,en,EUR,2026-09-11T16:06:12.957Z
Proxies,binder,Rites of Flourishing,SLD,Secret Lair Drop,2805,normal,rare,1,114878,ec016236-fa38-49f3-8176-5a7734ca6821,0.0,true,true,poor,en,EUR,2026-09-11T16:06:12.983Z
Proxies,binder,"Lorehold, the Historian",SOS,Secrets of Strixhaven,201,normal,mythic,1,110969,71a6701f-40f1-43ef-bff5-a5907fd67cd6,0.0,true,true,poor,en,EUR,2026-09-11T16:06:12.929Z
Proxies,binder,Dragonlord Dromoka,TDC,Tarkir: Dragonstorm Commander,286,normal,mythic,1,104590,4452d99e-23c2-408d-9eb8-ef31aefafa9d,0.0,true,true,poor,en,EUR,2026-09-11T16:06:12.915Z
Proxies,binder,Delighted Halfling,LTR,The Lord of the Rings: Tales of Middle-earth,158,normal,rare,1,83185,71384418-173a-4f77-adab-56e52fa23692,0.0,true,true,poor,en,EUR,2026-09-11T16:06:12.956Z
Proxies,binder,Dragonlord Ojutai,NCC,New Capenna Commander,337,normal,mythic,1,68346,a9f39d28-08eb-4eff-ae55-abd377877a27,0.0,true,true,poor,en,EUR,2026-09-11T16:06:12.938Z
Proxies,binder,Kynaios and Tiro of Meletis,SLD,Secret Lair Drop,2806,normal,mythic,1,114862,20c6d624-790b-49f4-ac3f-d00fe6216f1f,0.0,true,true,poor,en,EUR,2026-09-11T16:06:12.948Z
Proxies,binder,Noble Hierarch,2XM,Double Masters,177,normal,rare,1,51868,400382a4-aea2-4827-b06a-1b0b3745908b,0.0,true,true,poor,en,EUR,2026-09-11T16:06:12.977Z
Proxies,binder,Ambitious Dragonborn,CLB,Commander Legends: Battle for Baldur's Gate,213,normal,common,1,69057,5e56a516-d71a-49c4-a929-9a8973125d3c,0.0,true,true,poor,en,EUR,2026-09-11T16:06:12.971Z
Proxies,binder,Farseek,EOC,Edge of Eternities Commander,50,normal,common,1,107097,95e0760a-d285-493b-88cd-7556d9b10007,0.0,true,true,poor,en,EUR,2026-09-11T16:06:12.958Z
Proxies,binder,Bloodsoaked Insight // Sanguine Morass,MH3,Modern Horizons 3,252,normal,uncommon,1,94332,0a08e0d2-1e60-47f5-9228-4c11a127089d,0.0,true,true,poor,en,EUR,2026-09-11T16:06:12.935Z
Proxies,binder,"Rith, Liberated Primeval",DMU,Dominaria United,214,normal,mythic,1,71681,ac148784-b7b6-4aae-bffb-a4cf09f56971,0.0,true,true,poor,en,EUR,2026-09-11T16:06:12.942Z
Proxies,binder,Nature's Lore,SOC,Secrets of Strixhaven Commander,278,normal,uncommon,2,111991,7caedde3-8a02-4384-b8f5-5529b0ed27a5,0.0,true,true,poor,en,EUR,2026-09-11T16:06:12.969Z
Proxies,binder,Open the Way,SOC,Secrets of Strixhaven Commander,280,normal,rare,1,111951,5d928e0d-a586-4de1-a469-0591122659fa,0.0,true,true,poor,en,EUR,2026-09-11T16:06:12.978Z
Proxies,binder,Majestic Genesis,CLB,Commander Legends: Battle for Baldur's Gate,240,normal,mythic,2,69359,eaadb067-4a77-4d6e-931d-447bd0c06594,0.0,true,true,poor,en,EUR,2026-09-11T16:06:12.966Z
Proxies,binder,Sylvan Caryatid,SLD,Secret Lair Drop,7189,normal,rare,1,115487,59367636-bbc2-44d7-bedf-fe52d2f0720e,0.0,true,true,poor,en,EUR,2026-09-11T16:06:12.985Z
Proxies,binder,"Imoti, Celebrant of Bounty",CMR,Commander Legends,280,normal,uncommon,1,55775,8afceb13-877a-4256-9ba6-851b6924ffd9,0.0,true,true,poor,en,EUR,2026-09-11T16:06:12.944Z
Proxies,binder,"Ureni, the Song Unending",TDM,Tarkir: Dragonstorm,233,normal,mythic,1,104253,227802c0-4ff6-43a8-a850-ed0f546dc5ac,0.0,true,true,poor,en,EUR,2026-09-11T16:06:12.934Z
Proxies,binder,Three Visits,SOC,Secrets of Strixhaven Commander,289,normal,uncommon,1,112143,d74f59cd-0b58-4dbc-a4e7-742b012ba749,0.0,true,true,poor,en,EUR,2026-09-11T16:06:12.972Z
Proxies,binder,"Firkraag, Cunning Instigator",CLB,Commander Legends: Battle for Baldur's Gate,648,foil,mythic,1,69242,b55e624b-6f6a-42ae-89aa-0cc62ee55a31,0.0,true,true,poor,en,EUR,2026-09-11T16:06:12.943Z
Proxies,binder,Ureni of the Unwritten,TDC,Tarkir: Dragonstorm Commander,9,normal,mythic,1,104387,f54ecbf1-83df-4486-bd6a-7d1f173b6863,0.0,true,true,poor,en,EUR,2026-09-11T16:06:12.947Z
Proxies,binder,Cultivate,SOC,Secrets of Strixhaven Commander,265,normal,common,1,112180,f1cc00f9-ae7b-4f7b-95f2-bc5c00e4bd72,0.0,true,true,poor,en,EUR,2026-09-11T16:06:12.959Z
Proxies,binder,"Lozhan, Dragons' Legacy",CLB,Commander Legends: Battle for Baldur's Gate,281,normal,uncommon,1,69397,fe604232-19da-4331-a6f2-ddb004f1dd90,0.0,true,true,poor,en,EUR,2026-09-11T16:06:12.916Z
Proxies,binder,Heroic Intervention,CMM,Commander Masters,295,normal,rare,1,84982,e32c67d1-187f-40df-b3b3-6036f5c92834,0.0,true,true,poor,en,EUR,2026-09-11T16:06:12.952Z
Proxies,binder,Old Gnawbone,AFR,Adventures in the Forgotten Realms,197,normal,mythic,1,60299,77ceba8b-de19-4db8-b5a7-f5df49bf241f,0.0,true,true,poor,en,EUR,2026-09-11T16:06:12.965Z
Proxies,binder,Call the Spirit Dragons,TDM,Tarkir: Dragonstorm,174,normal,mythic,1,104888,b1ad91db-5f16-4392-baf1-f8400ec11e0a,0.0,true,true,poor,en,EUR,2026-09-11T16:06:12.914Z
Proxies,binder,Wake the Dragon,LTC,Tales of Middle-earth Commander,74,normal,rare,1,83666,f9cf5f78-0316-4c35-a40e-9bfba2e46ad8,0.0,true,true,poor,en,EUR,2026-09-11T16:06:12.931Z
Proxies,binder,The Ur-Dragon,CMM,Commander Masters,361,normal,mythic,1,80425,10d42b35-844f-4a64-9981-c6118d45e826,0.0,true,true,poor,en,EUR,2026-09-11T16:06:12.922Z
Proxies,binder,Broodcaller Scourge,TDC,Tarkir: Dragonstorm Commander,44,normal,rare,1,104723,6fc0a74b-0b8a-4c70-87f2-f9f2625d5ff2,0.0,true,true,poor,en,EUR,2026-09-11T16:06:12.960Z
Proxies,binder,"Sarkhan, Soul Aflame",TDC,Tarkir: Dragonstorm Commander,301,normal,mythic,1,104615,49d64e6b-563f-486c-ba04-4a254a9a971d,0.0,true,true,poor,en,EUR,2026-09-11T16:06:12.913Z
Proxies,binder,Violent Outburst,SLD,Secret Lair Drop,1185,foil,rare,1,76050,3fed589f-8635-44a5-9978-d68c2bd1071b,0.0,true,true,poor,en,EUR,2026-09-11T16:06:12.946Z
Proxies,binder,Dragonlord Kolaghan,DTK,Dragons of Tarkir,218,normal,mythic,1,11596,1cbf8933-32a1-4892-9bdc-89464ed9ce1b,0.0,true,true,poor,en,EUR,2026-09-11T16:06:12.912Z
Proxies,binder,Savage Ventmaw,FDN,Foundations,665,normal,uncommon,1,100489,50027d69-8bb0-444c-8e9b-4c9afd91cbda,0.0,true,true,poor,en,EUR,2026-09-11T16:06:12.925Z
Proxies,binder,Dragonlord's Servant,TDC,Tarkir: Dragonstorm Commander,210,normal,uncommon,1,104924,be6fa0dc-74e7-4fad-9bdd-8e986612577a,0.0,true,true,poor,en,EUR,2026-09-11T16:06:12.996Z
Proxies,binder,Felidar Sovereign,SLD,Secret Lair Drop,1182,foil,rare,1,76052,b7138e87-9a3c-4031-8c87-d3630c89e88c,0.0,true,true,poor,en,EUR,2026-09-11T16:06:13.015Z
Proxies,binder,Ancient Silver Dragon,CLB,Commander Legends: Battle for Baldur's Gate,56,normal,mythic,1,69300,ced18935-4ce9-466e-a88d-2b14ff8f989f,0.0,true,true,poor,en,EUR,2026-09-11T16:06:13.044Z
Proxies,binder,Crucible of Fire,IMA,Iconic Masters,122,normal,rare,1,3503,d7a6f4dd-29c9-4084-a622-098b197a6eb7,0.0,true,true,poor,en,EUR,2026-09-11T16:06:13.022Z
Proxies,binder,"Tannuk, Steadfast Second",EOE,Edge of Eternities,162,normal,mythic,2,107594,44607ed3-9523-40ac-9f61-0edd011cf762,0.0,true,true,poor,en,EUR,2026-09-11T16:06:13.004Z
Proxies,binder,Bonehoard Dracosaur,LCI,The Lost Caverns of Ixalan,134,normal,mythic,1,88335,2220ed60-3f8f-4dd2-8319-6a06896a5350,0.0,true,true,poor,en,EUR,2026-09-11T16:06:13.008Z
Proxies,binder,Cyclonic Rift,RVR,Ravnica Remastered,40,normal,mythic,2,89944,dfb7c4b9-f2f4-4d4e-baf2-86551c8150fe,0.0,true,true,poor,en,EUR,2026-09-11T16:06:13.040Z
Proxies,binder,Hellkite Charger,CMM,Commander Masters,232,normal,rare,1,84438,6836c646-83ff-4bf8-96dd-4cbdd6c7e861,0.0,true,true,poor,en,EUR,2026-09-11T16:06:12.988Z
Proxies,binder,Avatar's Wrath,TLA,Avatar: The Last Airbender,12,normal,rare,1,109423,4811072d-fac0-40dd-a5cf-9694d51b12cf,0.0,true,true,poor,en,EUR,2026-09-11T16:06:13.059Z
Proxies,binder,"Dragonhawk, Fate's Tempest",BLB,Bloomburrow,132,normal,mythic,1,96074,8659789c-6a2c-439f-a348-b9b1b06c55b8,0.0,true,true,poor,en,EUR,2026-09-11T16:06:13.021Z
Proxies,binder,"Sarkhan, Fireblood",M19,Core Set 2019,154,normal,mythic,1,1158,3553a70e-75de-4a8c-9b20-92cd4a317101,0.0,true,true,poor,en,EUR,2026-09-11T16:06:12.990Z
Proxies,binder,Bloodline Bidding,ECL,Lorwyn Eclipsed,91,normal,rare,1,110553,877d9b75-ad2f-45a6-94d8-68e80d7db789,0.0,true,true,poor,en,EUR,2026-09-11T16:06:13.032Z
Proxies,binder,Terror of the Peaks,OTJ,Outlaws of Thunder Junction,149,normal,mythic,1,93260,904ff94a-4db4-44a6-8593-89c32905b3fc,0.0,true,true,poor,en,EUR,2026-09-11T16:06:13.016Z
Proxies,binder,"Kairi, the Swirling Sky",NEO,Kamigawa: Neon Dynasty,60,normal,mythic,1,66438,af7979d8-21f3-40ba-8a2e-7ebad210e48b,0.0,true,true,poor,en,EUR,2026-09-11T16:06:13.038Z
Proxies,binder,Decadent Dragon // Expensive Taste,WOE,Wilds of Eldraine,223,normal,rare,1,85338,315cbbf7-a2ad-4565-9877-1e903d7fd797,0.0,true,true,poor,en,EUR,2026-09-11T16:06:12.986Z
Proxies,binder,Smoldering Egg // Ashmouth Dragon,MID,Innistrad: Midnight Hunt,159,normal,rare,1,63220,41b6381f-4ff8-49e9-bf00-cfe32851318b,0.0,true,true,poor,en,EUR,2026-09-11T16:06:13.000Z
Proxies,binder,Dragon's Fire,AFR,Adventures in the Forgotten Realms,139,normal,common,1,60338,9666987a-5267-46d3-9b00-31baa92a9cbc,0.0,true,true,poor,en,EUR,2026-09-11T16:06:13.009Z
Proxies,binder,"Atsushi, the Blazing Sky",SOC,Secrets of Strixhaven Commander,236,normal,mythic,1,111828,06658540-0104-428f-91b1-40552826e781,0.0,true,true,poor,en,EUR,2026-09-11T16:06:13.001Z
Proxies,binder,Huntmaster of the Fells // Ravager of the Fells,SLD,Secret Lair Drop,700,normal,mythic,1,73390,b3e861d2-d0a6-4a00-a4e1-4e10f038309a,0.0,true,true,poor,en,EUR,2026-09-11T16:06:13.035Z
Proxies,binder,Dragonmaster Outcast,TDC,Tarkir: Dragonstorm Commander,211,normal,mythic,1,104857,a485edea-07cd-48dd-97e7-daeba85553d6,0.0,true,true,poor,en,EUR,2026-09-11T16:06:13.018Z
Proxies,binder,Minion of the Mighty,AFR,Adventures in the Forgotten Realms,156,normal,rare,1,60528,ffd0a827-778b-48c3-bb85-4b4acef351d6,0.0,true,true,poor,en,EUR,2026-09-11T16:06:12.994Z
Proxies,binder,Scalelord Reckoner,C17,Commander 2017,6,normal,rare,1,4449,c91c3606-d037-4b97-a7b6-ab1ed09bc976,0.0,true,true,poor,en,EUR,2026-09-11T16:06:13.056Z
Proxies,binder,Ancient Gold Dragon,CLB,Commander Legends: Battle for Baldur's Gate,3,normal,mythic,1,68988,421395b1-2694-42fd-bb90-0007e78adefc,0.0,true,true,poor,en,EUR,2026-09-11T16:06:13.058Z
Proxies,binder,Dragon's Prey,TDM,Tarkir: Dragonstorm,79,normal,common,1,104754,7a6004ff-4180-4332-8b51-960f8c7521d9,0.0,true,true,poor,en,EUR,2026-09-11T16:06:13.030Z
Proxies,binder,Path to Exile,SOC,Secrets of Strixhaven Commander,159,normal,uncommon,1,112024,90b690f4-9647-4e67-b7cb-b2692ea149b1,0.0,true,true,poor,en,EUR,2026-09-11T16:06:13.054Z
Proxies,binder,Smothering Tithe,CMM,Commander Masters,57,normal,mythic,2,84572,861b5889-0183-4bee-afeb-a4b2aa700a8e,0.0,true,true,poor,en,EUR,2026-09-11T16:06:13.053Z
Proxies,binder,Khorvath Brightflame,BBD,Battlebond,9,normal,rare,2,1984,5fa0404b-757a-4aee-bcd8-6150938d0fba,0.0,true,true,poor,en,EUR,2026-09-11T16:06:13.010Z
Proxies,binder,Sarkhan's Triumph,DTK,Dragons of Tarkir,154,normal,uncommon,1,11660,f9a0ff4d-060e-41dc-8b79-1fa42838adf2,0.0,true,true,poor,en,EUR,2026-09-11T16:06:12.992Z
Proxies,binder,Dracogenesis,TDM,Tarkir: Dragonstorm,105,normal,mythic,1,104241,0d5674f9-22b2-45f9-902d-4fd245485c60,0.0,true,true,poor,en,EUR,2026-09-11T16:06:12.991Z
Proxies,binder,Smaug the Magnificent,HOB,The Hobbit,110,normal,mythic,1,112925,6a5d8fad-2ffd-4645-8c49-907999b6cecf,0.0,true,true,poor,en,EUR,2026-09-11T16:06:13.026Z
Proxies,binder,Goldlust Triad,TDC,Tarkir: Dragonstorm Commander,34,normal,rare,1,104510,2876d57a-a17e-4892-9992-321a32562e13,0.0,true,true,poor,en,EUR,2026-09-11T16:06:12.989Z
Proxies,binder,Swan Song,EOC,Edge of Eternities Commander,46,normal,rare,1,107292,83d0b761-d694-4232-9f40-5bd8c82a05f1,0.0,true,true,poor,en,EUR,2026-09-11T16:06:13.047Z
Proxies,binder,Slumbering Dragon,M13,Magic 2013,148,normal,rare,1,17675,277cbd0d-c8da-4a37-965c-6a60771df2f7,0.0,true,true,poor,en,EUR,2026-09-11T16:06:13.019Z
Proxies,binder,Blasphemous Act,SOC,Secrets of Strixhaven Commander,238,normal,rare,1,111853,175eb155-7262-4c2e-85c3-e0cc9be855e5,0.0,true,true,poor,en,EUR,2026-09-11T16:06:13.007Z
Proxies,binder,Sylvia Brightspear,BBD,Battlebond,10,normal,rare,1,1983,ab2b349a-1555-4aaa-8302-28667404e630,0.0,true,true,poor,en,EUR,2026-09-11T16:06:13.049Z
Proxies,binder,Parapet Thrasher,TDC,Tarkir: Dragonstorm Commander,36,normal,rare,1,104717,6d3ba135-e8d6-443a-952b-5c93edb4523c,0.0,true,true,poor,en,EUR,2026-09-11T16:06:13.025Z
Proxies,binder,Dragonspeaker Shaman,AFC,Forgotten Realms Commander,330,normal,uncommon,1,60772,7b0a2799-197e-4d61-ab23-67d974458a05,0.0,true,true,poor,en,EUR,2026-09-11T16:06:13.014Z
Proxies,binder,Balefire Dragon,CMM,Commander Masters,207,normal,mythic,1,84238,37def363-c431-43b4-8c5f-933941507681,0.0,true,true,poor,en,EUR,2026-09-11T16:06:13.006Z
Proxies,binder,Utvara Hellkite,RVR,Ravnica Remastered,129,normal,mythic,1,89942,df459109-d6ab-4b1d-9570-c7677ff4a014,0.0,true,true,poor,en,EUR,2026-09-11T16:06:13.003Z
Proxies,binder,Dawn's Truce,SLD,Secret Lair Drop,2803,normal,rare,1,114864,24cf4c50-d576-41fb-b45c-5bc25d54247b,0.0,true,true,poor,en,EUR,2026-09-11T16:06:13.062Z
Proxies,binder,Enlightened Tutor,DMR,Dominaria Remastered,6,normal,rare,1,77806,1c9675fb-1a89-420f-aea8-50e0642f549c,0.0,true,true,poor,en,EUR,2026-09-11T16:06:13.060Z
Proxies,binder,Forest,JMP,Jumpstart,72,normal,common,1,51108,01838859-51ef-474a-9653-23dd37eed1d6,0.0,true,true,poor,en,EUR,2026-09-11T16:06:13.027Z
Proxies,binder,White Dragon,AFR,Adventures in the Forgotten Realms,41,normal,uncommon,1,60177,21e290c4-6c94-472a-9dec-6994aade29c2,0.0,true,true,poor,en,EUR,2026-09-11T16:06:13.057Z
Proxies,binder,Wrathful Red Dragon,CLB,Commander Legends: Battle for Baldur's Gate,207,normal,rare,1,69215,acd207de-eec3-4d82-b8b9-b1e60a7bad12,0.0,true,true,poor,en,EUR,2026-09-11T16:06:12.995Z
Proxies,binder,Dragon Tempest,TDC,Tarkir: Dragonstorm Commander,94,normal,uncommon,1,104560,39ac7ad0-e570-4209-988c-7c0f9b9d2004,0.0,true,true,poor,en,EUR,2026-09-11T16:06:13.017Z
Proxies,binder,Swords to Plowshares,SOC,Secrets of Strixhaven Commander,179,normal,uncommon,3,111962,68ec2aed-7662-48ae-ab25-04f74ece1e41,0.0,true,true,poor,en,EUR,2026-09-11T16:06:13.050Z
Proxies,binder,Twinflame Tyrant,FDN,Foundations,97,normal,mythic,1,100228,1eb34f51-0bd2-43c3-af95-2ce8dabcc7bb,0.0,true,true,poor,en,EUR,2026-09-11T16:06:13.024Z
Proxies,binder,Counterspell,DSC,Duskmourn: House of Horror Commander,114,normal,uncommon,1,99147,4f616706-ec97-4923-bb1e-11a69fbaa1f8,0.0,true,true,poor,en,EUR,2026-09-11T16:06:13.039Z
Proxies,binder,Goldspan Dragon,SOC,Secrets of Strixhaven Commander,245,normal,mythic,1,112003,848c1951-90fa-4f01-9aed-76f1afcd9995,0.0,true,true,poor,en,EUR,2026-09-11T16:06:12.999Z
Proxies,binder,Teferi's Protection,2X2,Double Masters 2022,32,normal,rare,1,70197,483fa1cb-1e35-44f2-a143-98c0f107f5ca,0.0,true,true,poor,en,EUR,2026-09-11T16:06:13.055Z
Proxies,binder,Breaching Dragonstorm,TDM,Tarkir: Dragonstorm,101,normal,uncommon,1,105013,e2c2a069-7553-4879-abfb-b2aa3349e4b8,0.0,true,true,poor,en,EUR,2026-09-11T16:06:12.997Z
Proxies,binder,Puca's Mischief,SLD,Secret Lair Drop,923,foil,rare,1,114868,8c42fa08-b297-4452-a419-aa3622bd6142,0.0,true,true,poor,en,EUR,2026-09-11T16:06:13.048Z
Proxies,binder,An Offer You Can't Refuse,FDN,Foundations,160,normal,uncommon,1,100948,a829747f-cf9b-4d81-ba66-9f0630ed4565,0.0,true,true,poor,en,EUR,2026-09-11T16:06:13.037Z
Proxies,binder,Dragon Cultist,CLB,Commander Legends: Battle for Baldur's Gate,170,normal,uncommon,1,69339,e06ad968-ca7a-470b-ba3b-e0afc597b2cd,0.0,true,true,poor,en,EUR,2026-09-11T16:06:13.002Z
Proxies,binder,"Lathliss, Dragon Queen",TDC,Tarkir: Dragonstorm Commander,219,normal,rare,1,104444,0cb48015-627b-49cd-8dc3-d446e82b8172,0.0,true,true,poor,en,EUR,2026-09-11T16:06:13.020Z
Proxies,binder,Rhystic Study,PCY,Prophecy,45,normal,common,1,33635,3394cefd-a3c6-4917-8f46-234e441ecfb6,0.0,true,true,poor,en,EUR,2026-09-11T16:06:13.034Z
Proxies,binder,Chaos Dragon,CLB,Commander Legends: Battle for Baldur's Gate,784,normal,rare,1,69412,08219fbc-c155-4d1d-a08c-d2546c44bccc,0.0,true,true,poor,en,EUR,2026-09-11T16:06:12.987Z
Proxies,binder,Shadow Puppeteers,WOC,Wilds of Eldraine Commander,12,normal,rare,1,85318,2ad71a49-8a93-462f-a2c3-9362b33481fa,0.0,true,true,poor,en,EUR,2026-09-11T16:06:13.036Z
Proxies,binder,Scavenger Regent // Exude Toxin,TDM,Tarkir: Dragonstorm,90,normal,rare,1,104446,0d4b46a3-847a-44a7-9f68-2cb4657cad61,0.0,true,true,poor,en,EUR,2026-09-11T16:06:13.031Z
Proxies,binder,Demonic Tutor,CMM,Commander Masters,150,normal,mythic,1,84690,a24b4cb6-cebb-428b-8654-74347a6a8d63,0.0,true,true,poor,en,EUR,2026-09-11T16:06:13.033Z
Proxies,binder,Crux of Fate,C17,Commander 2017,107,normal,rare,1,4348,11721b88-2654-482c-b9d4-80e54efdbf63,0.0,true,true,poor,en,EUR,2026-09-11T16:06:13.029Z
Proxies,binder,Hellkite Courser,TDC,Tarkir: Dragonstorm Commander,218,normal,mythic,1,104980,d33eca2e-fef0-42fd-9970-46d5bdb4bd4b,0.0,true,true,poor,en,EUR,2026-09-11T16:06:13.012Z
Proxies,binder,Hellkite Tyrant,RVR,Ravnica Remastered,111,normal,rare,1,89877,bd03d145-7cec-49da-917a-01f7355e252e,0.0,true,true,poor,en,EUR,2026-09-11T16:06:12.998Z
Proxies,binder,Stormbreath Dragon,TDC,Tarkir: Dragonstorm Commander,237,normal,mythic,1,104546,3637d9b8-87bb-478d-bfb1-59ddab7b5e4c,0.0,true,true,poor,en,EUR,2026-09-11T16:06:12.993Z
Proxies,binder,Stubborn Denial,KTK,Khans of Tarkir,56,normal,uncommon,2,13342,6f8626c4-306f-4e9d-8840-2bb73fe87e87,0.0,true,true,poor,en,EUR,2026-09-11T16:06:13.042Z
Proxies,binder,"Ganax, Astral Hunter",CLB,Commander Legends: Battle for Baldur's Gate,176,normal,uncommon,1,69188,9f5bb319-29b2-4a7c-82e9-f8b5e47909a1,0.0,true,true,poor,en,EUR,2026-09-11T16:06:13.013Z
Proxies,binder,Mana Drain,2X2,Double Masters 2022,57,normal,mythic,2,70165,3c429c40-2389-41e5-8681-4bb274e25eba,0.0,true,true,poor,en,EUR,2026-09-11T16:06:13.045Z
Proxies,binder,Thundermaw Hellkite,IMA,Iconic Masters,149,normal,mythic,1,3476,a75f6bb4-ab06-42ca-a0df-326d9a098a26,0.0,true,true,poor,en,EUR,2026-09-11T16:06:13.023Z
Proxies,binder,Wedding Ring,SLD,Secret Lair Drop,2802,normal,mythic,1,114865,3c16b2a4-2c40-4d38-bfe8-43ca127b5bdd,0.0,true,true,poor,en,EUR,2026-09-11T16:06:13.061Z
Proxies,binder,Scourge of Valkas,AFC,Forgotten Realms Commander,137,normal,mythic,1,60899,e6bd7225-b39f-4b3b-8c36-dbc2c09f6e50,0.0,true,true,poor,en,EUR,2026-09-11T16:06:13.028Z
ToSort,binder,Hellish Rebuke,SLD,Secret Lair Drop,7171,normal,rare,1,114631,7698591e-4e70-4261-8b57-d04490b09485,10.75,false,false,near_mint,en,EUR,2026-09-11T15:00:01.805Z
ToSort,binder,Spirit of the Hearth,SLD,Secret Lair Drop,2654,normal,rare,1,113102,263357fd-4c2e-40ff-b952-e899609e1890,4.0,false,false,near_mint,en,EUR,2026-09-11T15:00:01.820Z
ToSort,binder,"Darien, King of Kjeldor",SLD,Secret Lair Drop,7135,foil,rare,1,114636,79500fc8-de0a-4a7b-a0e4-41e3b21ab576,0.69,false,false,near_mint,en,EUR,2026-09-11T15:00:01.817Z
ToSort,binder,Reverent Mantra,SLD,Secret Lair Drop,2686,normal,rare,1,113100,045814ab-da2c-460e-acf3-3bbf7bd5fe38,24.6,false,false,near_mint,en,EUR,2026-09-11T15:00:01.809Z
ToSort,binder,Aggravated Assault,SLD,Secret Lair Drop,2691,normal,rare,1,114612,a6a8223a-98f9-43b9-aa89-b6a2c6fcaebe,14.0,false,false,near_mint,en,EUR,2026-09-11T15:00:01.814Z
ToSort,binder,Ruinous Ultimatum,SLD,Secret Lair Drop,2689,normal,rare,1,113108,bda08b23-4cfa-4e34-a74e-c7353e557d41,12.78,false,false,near_mint,en,EUR,2026-09-11T15:00:01.807Z
ToSort,binder,Fell the Mighty,SLD,Secret Lair Drop,2690,normal,rare,1,114608,0cdf4215-0867-47d8-ae61-0da2af542d7b,1.5,false,false,near_mint,en,EUR,2026-09-11T15:00:01.815Z
ToSort,binder,Court of Grace,SLD,Secret Lair Drop,2685,normal,rare,1,113106,98292e80-3e4d-4da6-8e97-13c003c635da,18.5,false,false,near_mint,en,EUR,2026-09-11T15:00:01.810Z
ToSort,binder,"Boseiju, Who Shelters All",SLD,Secret Lair Drop,2657,normal,rare,1,113103,45e69d82-bd5f-41bb-952e-b799da54a23e,10.75,false,false,near_mint,en,EUR,2026-09-11T15:00:01.818Z
ToSort,binder,Wayfarer's Bauble,SLD,Secret Lair Drop,2656,normal,rare,1,113105,8bd05fa7-6e75-43a6-87b8-7c0e5229aa1a,4.0,false,false,near_mint,en,EUR,2026-09-11T15:00:01.819Z
ToSort,binder,Sheltered by Ghosts,SLD,Secret Lair Drop,2653,normal,rare,1,113109,da7c29a0-5512-4188-acbc-af5f9194f264,17.0,false,false,near_mint,en,EUR,2026-09-11T15:00:01.821Z
ToSort,binder,Aura Shards,SLD,Secret Lair Drop,2694,normal,rare,1,114610,2e724422-e2a9-47a2-bf5a-6a1aa34fdd3d,19.97,false,false,near_mint,en,EUR,2026-09-11T15:00:01.811Z
ToSort,binder,Witch Enchanter // Witch-Blessed Meadow,SLD,Secret Lair Drop,2655,normal,rare,1,113107,b7ba7d7e-c285-4e99-9ee1-135bf343677d,43.0,false,false,near_mint,en,EUR,2026-09-11T15:00:01.816Z
ToSort,binder,Chaos Warp,SLD,Secret Lair Drop,2692,normal,rare,1,114611,4f694292-3a9d-4d65-8917-d70a9efd3a88,6.5,false,false,near_mint,en,EUR,2026-09-11T15:00:01.813Z
ToSort,binder,Utopia Sprawl,SLD,Secret Lair Drop,2693,normal,rare,1,114609,299236c6-e9a1-4ddb-bbfb-f8530b025391,5.89,false,false,near_mint,en,EUR,2026-09-11T15:00:01.812Z
ToSort,binder,Queen Marchesa,SLD,Secret Lair Drop,2688,normal,mythic,1,113101,25929dd3-f4d5-4888-ba2f-389950960f86,27.99,false,false,near_mint,en,EUR,2026-09-11T15:00:01.806Z
ToSort,binder,Windborn Muse,SLD,Secret Lair Drop,2687,normal,rare,1,113104,85fb2d7f-0ae4-47cd-a930-ba46757a2430,14.97,false,false,near_mint,en,EUR,2026-09-11T15:00:01.808Z
ToSort,binder,Garrison Excavator,SOS,Secrets of Strixhaven,116,foil,uncommon,1,112308,f11d2846-f181-4751-82ac-1e1ced6f46c7,0.02,false,false,near_mint,en,EUR,2026-09-11T14:55:37.390Z
ToSort,binder,Lakeshore Apothecary,HOB,The Hobbit,43,normal,common,2,115223,abfbb255-a39b-4df5-bfb6-5298584e89f0,0.02,false,false,near_mint,en,EUR,2026-09-11T14:55:37.368Z
ToSort,binder,Sheoldred's Edict,SOA,Secrets of Strixhaven Mystical Archive,32,normal,rare,1,112699,dca66a1b-0acd-4b79-b5fe-16f2930f9c1b,1.0,false,false,near_mint,en,EUR,2026-09-11T14:55:37.382Z
ToSort,binder,Duskwatch Hunter,HOB,The Hobbit,153,normal,common,1,115045,3685c783-d837-4466-a960-ab3098db64c3,0.02,false,false,near_mint,en,EUR,2026-09-11T14:55:37.367Z
ToSort,binder,Abrade,SOA,Secrets of Strixhaven Mystical Archive,37,normal,uncommon,1,112513,c5bb5307-e874-42c4-b85d-06b9f6c474c8,0.02,false,false,near_mint,en,EUR,2026-09-11T14:55:37.388Z
ToSort,binder,Settle the Wreckage,HOB,The Hobbit,26,normal,rare,1,115098,31a7a5e2-4cb8-48fc-8351-18344b4a7560,0.02,false,false,near_mint,en,EUR,2026-09-11T14:55:37.378Z
ToSort,binder,"Ori, Keeper of Songs",HOB,The Hobbit,23,normal,common,2,115081,c5727af5-a487-4b16-8278-81c3c928c417,0.02,false,false,near_mint,en,EUR,2026-09-11T14:55:37.369Z
ToSort,binder,Boughside Wanderers,HOB,The Hobbit,121,normal,common,2,115196,71bec005-2925-4944-be16-2cc5eb30f5d6,0.02,false,false,near_mint,en,EUR,2026-09-11T14:55:37.370Z
ToSort,binder,Vibrant Outburst,SOS,Secrets of Strixhaven,240,foil,uncommon,1,112721,f9ba68ef-6efc-4249-8b74-e33f47173902,0.02,false,false,near_mint,en,EUR,2026-09-11T14:55:37.391Z
ToSort,binder,"Dori, Bearer of Friends",HOB,The Hobbit,94,normal,common,2,115087,d2f60ad0-c887-4585-85f8-afcf72fb80d0,0.02,false,false,near_mint,en,EUR,2026-09-11T14:55:37.371Z
ToSort,binder,Applied Geometry,SOS,Secrets of Strixhaven,343,foil,rare,1,112318,03b07915-1d88-4f11-ad35-a0cd849de977,0.05,false,false,near_mint,en,EUR,2026-09-11T14:55:37.381Z
ToSort,binder,Ulna Alley Shopkeep,SOS,Secrets of Strixhaven,103,foil,common,1,112681,c25e1ae5-f17c-4eee-98f1-5681981af31c,0.02,false,false,near_mint,en,EUR,2026-09-11T14:55:37.395Z
ToSort,binder,Thranduil's Company,HOB,The Hobbit,168,foil,rare,1,115109,abdb9d4e-e6ca-409b-b589-0cf71724340b,0.03,false,false,near_mint,en,EUR,2026-09-11T14:55:37.397Z
ToSort,binder,Planar Engineering,SOS,Secrets of Strixhaven,158,normal,rare,1,112391,c83b96a3-ddfd-4d11-8a85-5bf62087cbb9,0.09,false,false,near_mint,en,EUR,2026-09-11T14:55:37.385Z
ToSort,binder,Studious First-Year // Rampant Growth,SOS,Secrets of Strixhaven,162,foil,common,1,111693,24f888dd-785c-4089-a89c-03f9080130ed,0.02,false,false,near_mint,en,EUR,2026-09-11T14:55:37.392Z
ToSort,binder,Swamp,HOB,The Hobbit,191,normal,common,1,115046,4031e5e4-e573-4130-8d20-4a606edef0a0,0.02,false,false,near_mint,en,EUR,2026-09-11T14:55:37.396Z
ToSort,binder,Long-Bodied Grey Dog,HOB,The Hobbit,1,normal,common,2,115243,d1a1e520-1fe2-4529-8afb-c187bb80da3c,0.02,false,false,near_mint,en,EUR,2026-09-11T14:55:37.373Z
ToSort,binder,Spirit Mascot,SOS,Secrets of Strixhaven,230,foil,common,1,111682,123f1fde-d8de-4640-baa1-bb3781713168,0.02,false,false,near_mint,en,EUR,2026-09-11T14:55:37.394Z
ToSort,binder,Yavimaya Bloomsage // Channel,SOC,Secrets of Strixhaven Commander,92,normal,rare,1,112265,c243c2c4-f227-42a8-8b78-5f4b761106c2,0.32,false,false,near_mint,en,EUR,2026-09-11T14:55:37.383Z
ToSort,binder,Misty Mountains Raider,HOB,The Hobbit,105,normal,uncommon,2,114974,6dff14cd-b60b-48f4-9d9f-c9019b55df4c,0.02,false,false,near_mint,en,EUR,2026-09-11T14:55:37.376Z
ToSort,binder,Silvan Reveler,HOB,The Hobbit,163,normal,uncommon,1,114840,c71b74fb-fb0c-4953-b536-7a3f283c6918,0.02,false,false,near_mint,en,EUR,2026-09-11T14:55:37.375Z
ToSort,binder,Stony-Voiced Goblins,HOB,The Hobbit,85,normal,common,2,115194,6fcc3699-b475-4612-884d-81bd4f21e9c1,0.02,false,false,near_mint,en,EUR,2026-09-11T14:55:37.372Z
ToSort,binder,Bitter Triumph,SOA,Secrets of Strixhaven Mystical Archive,26,foil,uncommon,1,112527,db465858-0593-4850-8f1d-400fe230a18d,0.02,false,false,near_mint,en,EUR,2026-09-11T14:55:37.387Z
ToSort,binder,Harsh Annotation,SOS,Secrets of Strixhaven,18,foil,uncommon,1,112706,e07a8fc7-c11c-4469-a31d-0abf40e57bbf,0.02,false,false,near_mint,en,EUR,2026-09-11T14:55:37.389Z
ToSort,binder,Yavimaya Bloomsage // Channel,SOC,Secrets of Strixhaven Commander,44,normal,rare,1,112204,fc962e45-ab71-47e2-b736-644901ffe7d6,0.23,false,false,near_mint,en,EUR,2026-09-11T14:55:37.384Z
ToSort,binder,Mountain,SOS,Secrets of Strixhaven,270,foil,common,1,111710,6af1f1db-eb91-4297-83f6-9318b87fd220,0.09,false,false,near_mint,en,EUR,2026-09-11T14:55:37.386Z
ToSort,binder,The Lonely Mountain,HOB,The Hobbit,187,normal,rare,1,114831,b39ebc4d-a01a-4401-ab3a-bf6142c93b47,0.1,false,false,near_mint,en,EUR,2026-09-11T14:55:37.377Z
ToSort,binder,"Dori, Bearer of Friends",HOB,The Hobbit,94,foil,common,1,115087,d2f60ad0-c887-4585-85f8-afcf72fb80d0,0.02,false,false,near_mint,en,EUR,2026-09-11T14:55:37.379Z
ToSort,binder,Fractal Mascot,SOS,Secrets of Strixhaven,189,foil,common,1,111745,cf5b19e3-eed1-4b36-9756-660ffb3baa08,0.02,false,false,near_mint,en,EUR,2026-09-11T14:55:37.393Z
ToSort,binder,Nighthowl Pursuer,HOB,The Hobbit,78,normal,uncommon,1,114959,d3cbe830-7e95-4019-89c4-cfb36bcf00f8,0.02,false,false,near_mint,en,EUR,2026-09-11T14:55:37.374Z
ToSort,binder,Applied Geometry,SOS,Secrets of Strixhaven,343,normal,rare,1,112318,03b07915-1d88-4f11-ad35-a0cd849de977,0.05,false,false,near_mint,en,EUR,2026-09-11T14:55:37.380Z
ToSort,binder,Ral and the Implicit Maze,MH3,Modern Horizons 3,132,normal,uncommon,1,94663,ebadb7dc-69a4-43c9-a2f8-d846b231c71c,0.02,false,false,near_mint,en,EUR,2026-09-11T14:55:37.414Z
ToSort,binder,Malevolent Rumble,MH3,Modern Horizons 3,161,normal,common,1,94878,a178cfe8-f9fa-4255-88d0-54a0bed079f5,0.13,false,false,near_mint,en,EUR,2026-09-11T14:55:37.423Z
ToSort,binder,Obstinate Gargoyle,MH3,Modern Horizons 3,195,normal,common,1,94849,40cf39f2-7382-405d-a14b-7eb8726cd38a,0.02,false,false,near_mint,en,EUR,2026-09-11T14:55:37.416Z
ToSort,binder,Mandibular Kite,MH3,Modern Horizons 3,34,foil,common,1,94492,6b922f71-18e6-4a74-b792-d477d4a1deca,0.02,false,false,near_mint,en,EUR,2026-09-11T14:55:37.413Z
ToSort,binder,Contaminated Landscape,MH3,Modern Horizons 3,218,normal,common,1,94823,e2312c49-1627-47ad-8113-78a999a97d8d,0.02,false,false,near_mint,en,EUR,2026-09-11T14:55:37.417Z
ToSort,binder,"Glamdring, Foe-hammer // Gleam of Death",HOB,The Hobbit,174,normal,rare,1,115106,a5cfbfde-783e-46ca-b3cf-11f16209d6cb,0.05,false,false,near_mint,en,EUR,2026-09-11T14:55:37.398Z
ToSort,binder,Siege Smash,MH3,Modern Horizons 3,136,normal,common,1,94894,f33e3b25-76f5-4263-a309-9ea97f2d8248,0.02,false,false,near_mint,en,EUR,2026-09-11T14:55:37.421Z
ToSort,binder,Lake-town Toymaker,HOB,The Hobbit,19,normal,uncommon,1,115185,67304269-c595-4cf0-8dbf-fcb2e9e01fe2,0.02,false,false,near_mint,en,EUR,2026-09-11T14:55:37.401Z
ToSort,binder,Plunder the Trollshaws,HOB,The Hobbit,51,normal,common,1,115074,afb73190-b9bd-4744-a011-a37cd9c0148d,0.02,false,false,near_mint,en,EUR,2026-09-11T14:55:37.403Z
ToSort,binder,Scurry of Gremlins,MH3,Modern Horizons 3,203,normal,uncommon,1,91758,470ce8e9-64b9-403c-bee0-66a4c47ca6d4,0.02,false,false,near_mint,en,EUR,2026-09-11T14:55:37.415Z
ToSort,binder,Woodland Weavemaster,HOB,The Hobbit,143,normal,uncommon,1,115034,fe2b4bcf-56de-44d3-83af-aeb27f82c25e,0.02,false,false,near_mint,en,EUR,2026-09-11T14:55:37.400Z
ToSort,binder,Dreamdrinker Vampire,MH3,Modern Horizons 3,88,normal,common,1,94872,961a3a53-344b-44d5-bc8e-f43437e6b558,0.02,false,false,near_mint,en,EUR,2026-09-11T14:55:37.419Z
ToSort,binder,Corrupted Shapeshifter,MH3,Modern Horizons 3,56,normal,common,1,94381,27534c8a-cb71-43bc-b706-80a525396222,0.02,false,false,near_mint,en,EUR,2026-09-11T14:55:37.420Z
ToSort,binder,Wheel of Potential,MH3,Modern Horizons 3,144,normal,rare,1,94604,c4eb9a82-91f7-4741-a029-a07a3ff6af78,0.02,false,false,near_mint,en,EUR,2026-09-11T14:55:37.410Z
ToSort,binder,Sundering Eruption // Volcanic Fissure,MH3,Modern Horizons 3,248,normal,uncommon,1,94444,50686ac7-346c-43d1-bdaa-28d46a12ad93,0.3,false,false,near_mint,en,EUR,2026-09-11T14:55:37.411Z
ToSort,binder,Priest of Titania,MH3,Modern Horizons 3,286,normal,uncommon,1,91788,eb11921b-1b28-483f-a707-4de21a6daa31,0.15,false,false,near_mint,en,EUR,2026-09-11T14:55:37.412Z
ToSort,binder,Velvetwing Butterflies // Gaze in Wonder,HOB,The Hobbit,30,normal,common,1,115180,5cc0f994-5048-4898-926e-b56cbc97e0ca,0.02,false,false,near_mint,en,EUR,2026-09-11T14:55:37.402Z
ToSort,binder,Mandibular Kite,MH3,Modern Horizons 3,34,normal,common,1,94492,6b922f71-18e6-4a74-b792-d477d4a1deca,0.02,false,false,near_mint,en,EUR,2026-09-11T14:55:37.422Z
ToSort,binder,Temperamental Oozewagg,MH3,Modern Horizons 3,172,normal,common,1,94484,6625df2e-7046-411a-ae86-c46ac0953a0b,0.02,false,false,near_mint,en,EUR,2026-09-11T14:55:37.418Z